shader: MESA_SHADER_COMPUTE
source_blake3: {0x624f4199, 0xe4f289ec, 0xc80ceb13, 0x91525c2b, 0xf4f71d61, 0xa4684daf, 0xeac6eecd, 0xeefd05ca}
spec[0] = 0x00000040
spec[1] = 0x00000004
spec[2] = 0x00000001
workgroup_size: 64, 1, 1
num_ssbos: 6
system_values_read: 0x00000000'00000000'00048400'00000082
shared_size: 16
api_subgroup_size: 64
max_subgroup_size: 64
min_subgroup_size: 64
uses_wide_subgroup_intrinsics: true
bit_sizes_float: 0x30
bit_sizes_int: 0x39
separate_shader: true
flrp_lowered: true
writes_memory: true
uniforms: 52
decl_var push_const INTERP_MODE_NONE none block #0
decl_var ssbo INTERP_MODE_NONE restrict readonly block#2 #1 (~0, 0, 3)
decl_var ssbo INTERP_MODE_NONE restrict readonly block#2 #3 (~0, 0, 4)
decl_var ssbo INTERP_MODE_NONE restrict writeonly block#2 #4 (~0, 0, 2)
decl_var ssbo INTERP_MODE_NONE restrict readonly block#6 #5 (~0, 0, 0)
decl_var ssbo INTERP_MODE_NONE restrict readonly block#8 #7 (~0, 0, 0)
decl_var ssbo INTERP_MODE_NONE restrict readonly block#10 #9 (~0, 0, 1)
decl_function main () (entrypoint)

impl main {
    block b0:     // preds:
    32       %0 = @load_scalar_arg_amd (base=14, arg_upper_bound_u32_amd=0, arg_num_lsb_zero=0)
    32       %1 = @load_scalar_arg_amd (base=15, arg_upper_bound_u32_amd=65535, arg_num_lsb_zero=0)
    32       %2 = @load_scalar_arg_amd (base=16, arg_upper_bound_u32_amd=65535, arg_num_lsb_zero=0)
    32x2     %3 = @load_scalar_arg_amd (base=13, arg_upper_bound_u32_amd=0, arg_num_lsb_zero=0)
    32       %4 = load_const (0x00000000 = 0.000000)
    64       %5 = pack_64_2x32_split %3.x, %3.y
    32       %6 = @load_global_amd (%5, %4 (0x0)) (base=0, access=readonly|reorderable|speculatable|smem-amd, align_mul=4, align_offset=0)
    32       %7 = imul %6, %2
    32       %8 = iadd %0, %7
    32       %9 = @load_scalar_arg_amd (base=3, arg_upper_bound_u32_amd=0, arg_num_lsb_zero=0)
    32      %10 = load_const (0x00000002)
    32      %11 = ishl %8, %10 (0x2)
    32      %12 = load_const (0x00000004)
    32      %13 = iadd %11, %12 (0x4)
    1       %14 = uge %9, %13
                  // succs: b1 b45
    if %14 {
        block b1:     // preds: b0
        32      %15 = @load_vector_arg_amd (base=19, arg_upper_bound_u32_amd=63, arg_num_lsb_zero=0)
        32      %16 = @load_scalar_arg_amd (base=8, arg_upper_bound_u32_amd=0, arg_num_lsb_zero=0)
        32      %17 = @load_scalar_arg_amd (base=9, arg_upper_bound_u32_amd=0, arg_num_lsb_zero=0)
        32      %18 = @load_scalar_arg_amd (base=10, arg_upper_bound_u32_amd=0, arg_num_lsb_zero=0)
        32      %19 = @load_scalar_arg_amd (base=11, arg_upper_bound_u32_amd=0, arg_num_lsb_zero=0)
        32      %20 = iadd %1, %16
        1       %21 = ine %20, %4 (0x0)
                      // succs: b2 b3
        if %21 {
            block b2:     // preds: b1
            32      %22 = load_const (0x4f7ffffe = 4.294967e+09)
            32      %23 = u2f32 %18 // exact
            32      %24 = frcp %23 // exact
            32      %25 = fmul %24, %22 (4.294967e+09) // exact
            32      %26 = f2u32 %25 // exact
            32      %27 = imul %18, %26
            32      %28 = isub %4 (0x0), %27
            32      %29 = umul_high %26, %28
            32      %30 = iadd %26, %29
            32      %31 = umul_high %20, %30
            32      %32 = imul %31, %18
            32      %33 = isub %20, %32
            1       %34 = uge %33, %18
            32      %35 = b2i32 %34
            32      %36 = iadd %31, %35
            32      %37 = isub %33, %18
            32      %38 = bcsel %34, %37, %33
            1       %39 = uge %38, %18
            32      %40 = b2i32 %39
            32      %41 = iadd %36, %40
            32      %42 = isub %38, %18
            32      %43 = bcsel %39, %42, %38
            32      %44 = @load_scalar_arg_amd (base=12, arg_upper_bound_u32_amd=0, arg_num_lsb_zero=0)
            32      %45 = u2f32 %44 // exact
            32      %46 = frcp %45 // exact
            32      %47 = fmul %46, %22 (4.294967e+09) // exact
            32      %48 = f2u32 %47 // exact
            32      %49 = imul %44, %48
            32      %50 = isub %4 (0x0), %49
            32      %51 = umul_high %48, %50
            32      %52 = iadd %48, %51
            32      %53 = umul_high %41, %52
            32      %54 = imul %53, %44
            32      %55 = isub %41, %54
            1       %56 = uge %55, %44
            32      %57 = b2i32 %56
            32      %58 = iadd %53, %57
            32      %59 = isub %55, %44
            32      %60 = bcsel %56, %59, %55
            1       %61 = uge %60, %44
            32      %62 = b2i32 %61
            32      %63 = iadd %58, %62
            32      %64 = u2f32 %19 // exact
            32      %65 = frcp %64 // exact
            32      %66 = fmul %65, %22 (4.294967e+09) // exact
            32      %67 = f2u32 %66 // exact
            32      %68 = imul %19, %67
            32      %69 = isub %4 (0x0), %68
            32      %70 = umul_high %67, %69
            32      %71 = iadd %67, %70
            32      %72 = umul_high %43, %71
            32      %73 = imul %72, %19
            32      %74 = isub %43, %73
            1       %75 = uge %74, %19
            32      %76 = b2i32 %75
            32      %77 = iadd %72, %76
            32      %78 = isub %74, %19
            32      %79 = bcsel %75, %78, %74
            1       %80 = uge %79, %19
            32      %81 = b2i32 %80
            32      %82 = iadd %77, %81
            32      %83 = imul %63, %17
            32      %84 = iadd %83, %82
                          // succs: b4
        } else {
            block b3:  // preds: b1, succs: b4
        }
        block b4:     // preds: b2 b3
        32      %85 = phi b2: %84, b3: %4 (0x0)
        32      %86 = @load_scalar_arg_amd (base=4, arg_upper_bound_u32_amd=0, arg_num_lsb_zero=0)
        32      %87 = @load_scalar_arg_amd (base=5, arg_upper_bound_u32_amd=0, arg_num_lsb_zero=0)
        32      %88 = load_const (0x00000005)
        32      %89 = ushr %86, %88 (0x5)
        32      %90 = imul %85, %89
        32      %91 = @load_scalar_arg_amd (base=6, arg_upper_bound_u32_amd=0, arg_num_lsb_zero=0)
        32      %92 = @load_scalar_arg_amd (base=2, arg_upper_bound_u32_amd=0, arg_num_lsb_zero=0)
        32      %93 = load_const (0x00000003)
        32      %94 = ishl %15, %93 (0x3)
        32      %95 = load_const (0xfffffe00 = -512 = 4294966784)
        32      %96 = iand %92, %95 (0xfffffe00)
        32      %97 = iadd %96, %94
        1       %98 = ult %97, %92
        32      %99 = b2i32 %98
        32     %100 = load_const (0x00000009)
        32     %101 = ushr %92, %100 (0x9)
        32     %102 = iadd %101, %99
        32     %103 = load_const (0x00000010 = 16)
        32     %104 = load_const (0xfffffffc = -4 = 4294967292)
        32     %105 = iand %102, %104 (0xfffffffc)
                      // succs: b5
        loop {
            block b5:     // preds: b4 b8
            32     %106 = phi b4: %4 (0x0), b8: %939
            32     %107 = phi b4: %4 (0x0), b8: %891
            32     %108 = phi b4: %4 (0x0), b8: %843
            32     %109 = phi b4: %4 (0x0), b8: %795
            32     %110 = phi b4: %4 (0x0), b8: %940
            1      %111 = uge %110, %105
                          // succs: b6 b7
            if %111 {
                block b6:// preds: b5
                break
                // succs: b9
            } else {
                block b7:  // preds: b5, succs: b8
            }
            block b8:     // preds: b7
            32     %112 = ishl %110, %100 (0x9)
            32     %113 = iadd %112, %94
            32     %114 = load_const (0x0000001f = 31)
            32     %115 = iand %113, %114 (0x1f)
            32     %116 = isub %113, %115
            32     %117 = imul %87, %20
            32     %118 = iadd %117, %116
            32     %119 = iadd %118, %115
            32     %120 = @load_scalar_arg_amd (base=1, arg_upper_bound_u32_amd=0, arg_num_lsb_zero=2)
            32     %121 = load_const (0xffff8000 = -32768 = 4294934528)
            64     %122 = pack_64_2x32_split %120, %121 (0xffff8000)
            32x8   %123 = @load_global_amd (%122, %4 (0x0)) (base=0, access=readonly|reorderable|speculatable|smem-amd, align_mul=4, align_offset=0)
            32x4   %124 = vec4 %123.e, %123.f, %123.g, %123.h
            32     %125 = ushr %119, %10 (0x2)
            32     %126 = ishl %125, %12 (0x4)
            32x4   %127 = @load_ssbo (%124, %126) (access=readonly|reorderable, align_mul=16, align_offset=0, offset_shift=0)
            32     %128 = iadd %126, %103 (0x10)
            32x4   %129 = @load_ssbo (%124, %128) (access=readonly|reorderable, align_mul=16, align_offset=0, offset_shift=0)
            32     %130 = imul %11, %92
            32     %131 = iadd %130, %113
            32     %132 = iadd %130, %92
            32     %133 = ushr %131, %88 (0x5)
            32     %134 = iadd %90, %133
            32     %135 = load_const (0x00000022 = 34)
            32     %136 = imul %134, %135 (0x22)
            32     %137 = iadd %10 (0x2), %136
            32     %138 = iadd %137, %115
            32     %139 = iand %137, %104 (0xfffffffc)
            32     %140 = iadd %139, %115
            32x4   %141 = vec4 %123.a, %123.b, %123.c, %123.d
            32x3   %142 = @load_ssbo (%141, %140) (access=readonly|reorderable, align_mul=4, align_offset=0, offset_shift=0)
            32     %143 = alignbyte_amd %142.y, %142.x, %138
            32     %144 = alignbyte_amd %142.z, %142.y, %138
            16     %145 = @load_ssbo (%141, %136) (access=readonly|reorderable, align_mul=2, align_offset=0, offset_shift=0)
            16x2   %146 = unpack_32_2x16 %143
            32     %147 = i2i32 %146.y
            8x4    %148 = unpack_32_4x8 %147
            32     %149 = i2f32 %148.y
            32     %150 = fmul %127.w, %149
            32     %151 = i2f32 %148.x
            32     %152 = fmul %127.z, %151
            32     %153 = i2i32 %146.x
            8x4    %154 = unpack_32_4x8 %153
            32     %155 = i2f32 %154.y
            32     %156 = fmul %127.y, %155
            32     %157 = i2f32 %154.x
            32     %158 = fmul %127.x, %157
            16x2   %159 = unpack_32_2x16 %144
            32     %160 = i2i32 %159.y
            8x4    %161 = unpack_32_4x8 %160
            32     %162 = i2f32 %161.y
            32     %163 = fmul %129.w, %162
            32     %164 = i2f32 %161.x
            32     %165 = fmul %129.z, %164
            32     %166 = fadd %163, %165
            32     %167 = i2i32 %159.x
            8x4    %168 = unpack_32_4x8 %167
            32     %169 = i2f32 %168.y
            32     %170 = fmul %129.y, %169
            32     %171 = fadd %166, %170
            32     %172 = i2f32 %168.x
            32     %173 = fmul %129.x, %172
            32     %174 = fadd %171, %173
            32     %175 = fadd %152, %174
            32     %176 = fadd %150, %175
            32     %177 = fadd %156, %176
            32     %178 = fadd %158, %177
            32     %179 = f2f32 %145
            32     %180 = fmul %178, %179
            32     %181 = fadd %180, %109
            32     %182 = iadd %132, %113
            32     %183 = iadd %132, %92
            32     %184 = ushr %182, %88 (0x5)
            32     %185 = iadd %90, %184
            32     %186 = imul %185, %135 (0x22)
            32     %187 = iadd %10 (0x2), %186
            32     %188 = iadd %187, %115
            32     %189 = iand %187, %104 (0xfffffffc)
            32     %190 = iadd %189, %115
            32x3   %191 = @load_ssbo (%141, %190) (access=readonly|reorderable, align_mul=4, align_offset=0, offset_shift=0)
            32     %192 = alignbyte_amd %191.y, %191.x, %188
            32     %193 = alignbyte_amd %191.z, %191.y, %188
            16     %194 = @load_ssbo (%141, %186) (access=readonly|reorderable, align_mul=2, align_offset=0, offset_shift=0)
            16x2   %195 = unpack_32_2x16 %192
            32     %196 = i2i32 %195.y
            8x4    %197 = unpack_32_4x8 %196
            32     %198 = i2f32 %197.y
            32     %199 = fmul %127.w, %198
            32     %200 = i2f32 %197.x
            32     %201 = fmul %127.z, %200
            32     %202 = i2i32 %195.x
            8x4    %203 = unpack_32_4x8 %202
            32     %204 = i2f32 %203.y
            32     %205 = fmul %127.y, %204
            32     %206 = i2f32 %203.x
            32     %207 = fmul %127.x, %206
            16x2   %208 = unpack_32_2x16 %193
            32     %209 = i2i32 %208.y
            8x4    %210 = unpack_32_4x8 %209
            32     %211 = i2f32 %210.y
            32     %212 = fmul %129.w, %211
            32     %213 = i2f32 %210.x
            32     %214 = fmul %129.z, %213
            32     %215 = fadd %212, %214
            32     %216 = i2i32 %208.x
            8x4    %217 = unpack_32_4x8 %216
            32     %218 = i2f32 %217.y
            32     %219 = fmul %129.y, %218
            32     %220 = fadd %215, %219
            32     %221 = i2f32 %217.x
            32     %222 = fmul %129.x, %221
            32     %223 = fadd %220, %222
            32     %224 = fadd %201, %223
            32     %225 = fadd %199, %224
            32     %226 = fadd %205, %225
            32     %227 = fadd %207, %226
            32     %228 = f2f32 %194
            32     %229 = fmul %227, %228
            32     %230 = fadd %229, %108
            32     %231 = iadd %183, %113
            32     %232 = iadd %183, %92
            32     %233 = ushr %231, %88 (0x5)
            32     %234 = iadd %90, %233
            32     %235 = imul %234, %135 (0x22)
            32     %236 = iadd %10 (0x2), %235
            32     %237 = iadd %236, %115
            32     %238 = iand %236, %104 (0xfffffffc)
            32     %239 = iadd %238, %115
            32x3   %240 = @load_ssbo (%141, %239) (access=readonly|reorderable, align_mul=4, align_offset=0, offset_shift=0)
            32     %241 = alignbyte_amd %240.y, %240.x, %237
            32     %242 = alignbyte_amd %240.z, %240.y, %237
            16     %243 = @load_ssbo (%141, %235) (access=readonly|reorderable, align_mul=2, align_offset=0, offset_shift=0)
            16x2   %244 = unpack_32_2x16 %241
            32     %245 = i2i32 %244.y
            8x4    %246 = unpack_32_4x8 %245
            32     %247 = i2f32 %246.y
            32     %248 = fmul %127.w, %247
            32     %249 = i2f32 %246.x
            32     %250 = fmul %127.z, %249
            32     %251 = i2i32 %244.x
            8x4    %252 = unpack_32_4x8 %251
            32     %253 = i2f32 %252.y
            32     %254 = fmul %127.y, %253
            32     %255 = i2f32 %252.x
            32     %256 = fmul %127.x, %255
            16x2   %257 = unpack_32_2x16 %242
            32     %258 = i2i32 %257.y
            8x4    %259 = unpack_32_4x8 %258
            32     %260 = i2f32 %259.y
            32     %261 = fmul %129.w, %260
            32     %262 = i2f32 %259.x
            32     %263 = fmul %129.z, %262
            32     %264 = fadd %261, %263
            32     %265 = i2i32 %257.x
            8x4    %266 = unpack_32_4x8 %265
            32     %267 = i2f32 %266.y
            32     %268 = fmul %129.y, %267
            32     %269 = fadd %264, %268
            32     %270 = i2f32 %266.x
            32     %271 = fmul %129.x, %270
            32     %272 = fadd %269, %271
            32     %273 = fadd %250, %272
            32     %274 = fadd %248, %273
            32     %275 = fadd %254, %274
            32     %276 = fadd %256, %275
            32     %277 = f2f32 %243
            32     %278 = fmul %276, %277
            32     %279 = fadd %278, %107
            32     %280 = iadd %232, %113
            32     %281 = ushr %280, %88 (0x5)
            32     %282 = iadd %90, %281
            32     %283 = imul %282, %135 (0x22)
            32     %284 = iadd %10 (0x2), %283
            32     %285 = iadd %284, %115
            32     %286 = iand %284, %104 (0xfffffffc)
            32     %287 = iadd %286, %115
            32x3   %288 = @load_ssbo (%141, %287) (access=readonly|reorderable, align_mul=4, align_offset=0, offset_shift=0)
            32     %289 = alignbyte_amd %288.y, %288.x, %285
            32     %290 = alignbyte_amd %288.z, %288.y, %285
            16     %291 = @load_ssbo (%141, %283) (access=readonly|reorderable, align_mul=2, align_offset=0, offset_shift=0)
            16x2   %292 = unpack_32_2x16 %289
            32     %293 = i2i32 %292.y
            8x4    %294 = unpack_32_4x8 %293
            32     %295 = i2f32 %294.y
            32     %296 = fmul %127.w, %295
            32     %297 = i2f32 %294.x
            32     %298 = fmul %127.z, %297
            32     %299 = i2i32 %292.x
            8x4    %300 = unpack_32_4x8 %299
            32     %301 = i2f32 %300.y
            32     %302 = fmul %127.y, %301
            32     %303 = i2f32 %300.x
            32     %304 = fmul %127.x, %303
            16x2   %305 = unpack_32_2x16 %290
            32     %306 = i2i32 %305.y
            8x4    %307 = unpack_32_4x8 %306
            32     %308 = i2f32 %307.y
            32     %309 = fmul %129.w, %308
            32     %310 = i2f32 %307.x
            32     %311 = fmul %129.z, %310
            32     %312 = fadd %309, %311
            32     %313 = i2i32 %305.x
            8x4    %314 = unpack_32_4x8 %313
            32     %315 = i2f32 %314.y
            32     %316 = fmul %129.y, %315
            32     %317 = fadd %312, %316
            32     %318 = i2f32 %314.x
            32     %319 = fmul %129.x, %318
            32     %320 = fadd %317, %319
            32     %321 = fadd %298, %320
            32     %322 = fadd %296, %321
            32     %323 = fadd %302, %322
            32     %324 = fadd %304, %323
            32     %325 = f2f32 %291
            32     %326 = fmul %324, %325
            32     %327 = fadd %326, %106
            32     %328 = load_const (0x00000200 = 512)
            32     %329 = iadd %112, %328 (0x200)
            32     %330 = iadd %329, %94
            32     %331 = iand %330, %114 (0x1f)
            32     %332 = isub %330, %331
            32     %333 = iadd %117, %332
            32     %334 = iadd %333, %331
            32     %335 = ushr %334, %10 (0x2)
            32     %336 = ishl %335, %12 (0x4)
            32x4   %337 = @load_ssbo (%124, %336) (access=readonly|reorderable, align_mul=16, align_offset=0, offset_shift=0)
            32     %338 = iadd %336, %103 (0x10)
            32x4   %339 = @load_ssbo (%124, %338) (access=readonly|reorderable, align_mul=16, align_offset=0, offset_shift=0)
            32     %340 = iadd %130, %330
            32     %341 = ushr %340, %88 (0x5)
            32     %342 = iadd %90, %341
            32     %343 = imul %342, %135 (0x22)
            32     %344 = iadd %10 (0x2), %343
            32     %345 = iadd %344, %331
            32     %346 = iand %344, %104 (0xfffffffc)
            32     %347 = iadd %346, %331
            32x3   %348 = @load_ssbo (%141, %347) (access=readonly|reorderable, align_mul=4, align_offset=0, offset_shift=0)
            32     %349 = alignbyte_amd %348.y, %348.x, %345
            32     %350 = alignbyte_amd %348.z, %348.y, %345
            16     %351 = @load_ssbo (%141, %343) (access=readonly|reorderable, align_mul=2, align_offset=0, offset_shift=0)
            16x2   %352 = unpack_32_2x16 %349
            32     %353 = i2i32 %352.y
            8x4    %354 = unpack_32_4x8 %353
            32     %355 = i2f32 %354.y
            32     %356 = fmul %337.w, %355
            32     %357 = i2f32 %354.x
            32     %358 = fmul %337.z, %357
            32     %359 = i2i32 %352.x
            8x4    %360 = unpack_32_4x8 %359
            32     %361 = i2f32 %360.y
            32     %362 = fmul %337.y, %361
            32     %363 = i2f32 %360.x
            32     %364 = fmul %337.x, %363
            16x2   %365 = unpack_32_2x16 %350
            32     %366 = i2i32 %365.y
            8x4    %367 = unpack_32_4x8 %366
            32     %368 = i2f32 %367.y
            32     %369 = fmul %339.w, %368
            32     %370 = i2f32 %367.x
            32     %371 = fmul %339.z, %370
            32     %372 = fadd %369, %371
            32     %373 = i2i32 %365.x
            8x4    %374 = unpack_32_4x8 %373
            32     %375 = i2f32 %374.y
            32     %376 = fmul %339.y, %375
            32     %377 = fadd %372, %376
            32     %378 = i2f32 %374.x
            32     %379 = fmul %339.x, %378
            32     %380 = fadd %377, %379
            32     %381 = fadd %358, %380
            32     %382 = fadd %356, %381
            32     %383 = fadd %362, %382
            32     %384 = fadd %364, %383
            32     %385 = f2f32 %351
            32     %386 = fmul %384, %385
            32     %387 = fadd %386, %181
            32     %388 = iadd %132, %330
            32     %389 = ushr %388, %88 (0x5)
            32     %390 = iadd %90, %389
            32     %391 = imul %390, %135 (0x22)
            32     %392 = iadd %10 (0x2), %391
            32     %393 = iadd %392, %331
            32     %394 = iand %392, %104 (0xfffffffc)
            32     %395 = iadd %394, %331
            32x3   %396 = @load_ssbo (%141, %395) (access=readonly|reorderable, align_mul=4, align_offset=0, offset_shift=0)
            32     %397 = alignbyte_amd %396.y, %396.x, %393
            32     %398 = alignbyte_amd %396.z, %396.y, %393
            16     %399 = @load_ssbo (%141, %391) (access=readonly|reorderable, align_mul=2, align_offset=0, offset_shift=0)
            16x2   %400 = unpack_32_2x16 %397
            32     %401 = i2i32 %400.y
            8x4    %402 = unpack_32_4x8 %401
            32     %403 = i2f32 %402.y
            32     %404 = fmul %337.w, %403
            32     %405 = i2f32 %402.x
            32     %406 = fmul %337.z, %405
            32     %407 = i2i32 %400.x
            8x4    %408 = unpack_32_4x8 %407
            32     %409 = i2f32 %408.y
            32     %410 = fmul %337.y, %409
            32     %411 = i2f32 %408.x
            32     %412 = fmul %337.x, %411
            16x2   %413 = unpack_32_2x16 %398
            32     %414 = i2i32 %413.y
            8x4    %415 = unpack_32_4x8 %414
            32     %416 = i2f32 %415.y
            32     %417 = fmul %339.w, %416
            32     %418 = i2f32 %415.x
            32     %419 = fmul %339.z, %418
            32     %420 = fadd %417, %419
            32     %421 = i2i32 %413.x
            8x4    %422 = unpack_32_4x8 %421
            32     %423 = i2f32 %422.y
            32     %424 = fmul %339.y, %423
            32     %425 = fadd %420, %424
            32     %426 = i2f32 %422.x
            32     %427 = fmul %339.x, %426
            32     %428 = fadd %425, %427
            32     %429 = fadd %406, %428
            32     %430 = fadd %404, %429
            32     %431 = fadd %410, %430
            32     %432 = fadd %412, %431
            32     %433 = f2f32 %399
            32     %434 = fmul %432, %433
            32     %435 = fadd %434, %230
            32     %436 = iadd %183, %330
            32     %437 = ushr %436, %88 (0x5)
            32     %438 = iadd %90, %437
            32     %439 = imul %438, %135 (0x22)
            32     %440 = iadd %10 (0x2), %439
            32     %441 = iadd %440, %331
            32     %442 = iand %440, %104 (0xfffffffc)
            32     %443 = iadd %442, %331
            32x3   %444 = @load_ssbo (%141, %443) (access=readonly|reorderable, align_mul=4, align_offset=0, offset_shift=0)
            32     %445 = alignbyte_amd %444.y, %444.x, %441
            32     %446 = alignbyte_amd %444.z, %444.y, %441
            16     %447 = @load_ssbo (%141, %439) (access=readonly|reorderable, align_mul=2, align_offset=0, offset_shift=0)
            16x2   %448 = unpack_32_2x16 %445
            32     %449 = i2i32 %448.y
            8x4    %450 = unpack_32_4x8 %449
            32     %451 = i2f32 %450.y
            32     %452 = fmul %337.w, %451
            32     %453 = i2f32 %450.x
            32     %454 = fmul %337.z, %453
            32     %455 = i2i32 %448.x
            8x4    %456 = unpack_32_4x8 %455
            32     %457 = i2f32 %456.y
            32     %458 = fmul %337.y, %457
            32     %459 = i2f32 %456.x
            32     %460 = fmul %337.x, %459
            16x2   %461 = unpack_32_2x16 %446
            32     %462 = i2i32 %461.y
            8x4    %463 = unpack_32_4x8 %462
            32     %464 = i2f32 %463.y
            32     %465 = fmul %339.w, %464
            32     %466 = i2f32 %463.x
            32     %467 = fmul %339.z, %466
            32     %468 = fadd %465, %467
            32     %469 = i2i32 %461.x
            8x4    %470 = unpack_32_4x8 %469
            32     %471 = i2f32 %470.y
            32     %472 = fmul %339.y, %471
            32     %473 = fadd %468, %472
            32     %474 = i2f32 %470.x
            32     %475 = fmul %339.x, %474
            32     %476 = fadd %473, %475
            32     %477 = fadd %454, %476
            32     %478 = fadd %452, %477
            32     %479 = fadd %458, %478
            32     %480 = fadd %460, %479
            32     %481 = f2f32 %447
            32     %482 = fmul %480, %481
            32     %483 = fadd %482, %279
            32     %484 = iadd %232, %330
            32     %485 = ushr %484, %88 (0x5)
            32     %486 = iadd %90, %485
            32     %487 = imul %486, %135 (0x22)
            32     %488 = iadd %10 (0x2), %487
            32     %489 = iadd %488, %331
            32     %490 = iand %488, %104 (0xfffffffc)
            32     %491 = iadd %490, %331
            32x3   %492 = @load_ssbo (%141, %491) (access=readonly|reorderable, align_mul=4, align_offset=0, offset_shift=0)
            32     %493 = alignbyte_amd %492.y, %492.x, %489
            32     %494 = alignbyte_amd %492.z, %492.y, %489
            16     %495 = @load_ssbo (%141, %487) (access=readonly|reorderable, align_mul=2, align_offset=0, offset_shift=0)
            16x2   %496 = unpack_32_2x16 %493
            32     %497 = i2i32 %496.y
            8x4    %498 = unpack_32_4x8 %497
            32     %499 = i2f32 %498.y
            32     %500 = fmul %337.w, %499
            32     %501 = i2f32 %498.x
            32     %502 = fmul %337.z, %501
            32     %503 = i2i32 %496.x
            8x4    %504 = unpack_32_4x8 %503
            32     %505 = i2f32 %504.y
            32     %506 = fmul %337.y, %505
            32     %507 = i2f32 %504.x
            32     %508 = fmul %337.x, %507
            16x2   %509 = unpack_32_2x16 %494
            32     %510 = i2i32 %509.y
            8x4    %511 = unpack_32_4x8 %510
            32     %512 = i2f32 %511.y
            32     %513 = fmul %339.w, %512
            32     %514 = i2f32 %511.x
            32     %515 = fmul %339.z, %514
            32     %516 = fadd %513, %515
            32     %517 = i2i32 %509.x
            8x4    %518 = unpack_32_4x8 %517
            32     %519 = i2f32 %518.y
            32     %520 = fmul %339.y, %519
            32     %521 = fadd %516, %520
            32     %522 = i2f32 %518.x
            32     %523 = fmul %339.x, %522
            32     %524 = fadd %521, %523
            32     %525 = fadd %502, %524
            32     %526 = fadd %500, %525
            32     %527 = fadd %506, %526
            32     %528 = fadd %508, %527
            32     %529 = f2f32 %495
            32     %530 = fmul %528, %529
            32     %531 = fadd %530, %327
            32     %532 = load_const (0x00000400 = 1024)
            32     %533 = iadd %532 (0x400), %112
            32     %534 = iadd %533, %94
            32     %535 = iand %534, %114 (0x1f)
            32     %536 = isub %534, %535
            32     %537 = iadd %117, %536
            32     %538 = iadd %537, %535
            32     %539 = ushr %538, %10 (0x2)
            32     %540 = ishl %539, %12 (0x4)
            32x4   %541 = @load_ssbo (%124, %540) (access=readonly|reorderable, align_mul=16, align_offset=0, offset_shift=0)
            32     %542 = iadd %540, %103 (0x10)
            32x4   %543 = @load_ssbo (%124, %542) (access=readonly|reorderable, align_mul=16, align_offset=0, offset_shift=0)
            32     %544 = iadd %130, %534
            32     %545 = ushr %544, %88 (0x5)
            32     %546 = iadd %90, %545
            32     %547 = imul %546, %135 (0x22)
            32     %548 = iadd %10 (0x2), %547
            32     %549 = iadd %548, %535
            32     %550 = iand %548, %104 (0xfffffffc)
            32     %551 = iadd %550, %535
            32x3   %552 = @load_ssbo (%141, %551) (access=readonly|reorderable, align_mul=4, align_offset=0, offset_shift=0)
            32     %553 = alignbyte_amd %552.y, %552.x, %549
            32     %554 = alignbyte_amd %552.z, %552.y, %549
            16     %555 = @load_ssbo (%141, %547) (access=readonly|reorderable, align_mul=2, align_offset=0, offset_shift=0)
            16x2   %556 = unpack_32_2x16 %553
            32     %557 = i2i32 %556.y
            8x4    %558 = unpack_32_4x8 %557
            32     %559 = i2f32 %558.y
            32     %560 = fmul %541.w, %559
            32     %561 = i2f32 %558.x
            32     %562 = fmul %541.z, %561
            32     %563 = i2i32 %556.x
            8x4    %564 = unpack_32_4x8 %563
            32     %565 = i2f32 %564.y
            32     %566 = fmul %541.y, %565
            32     %567 = i2f32 %564.x
            32     %568 = fmul %541.x, %567
            16x2   %569 = unpack_32_2x16 %554
            32     %570 = i2i32 %569.y
            8x4    %571 = unpack_32_4x8 %570
            32     %572 = i2f32 %571.y
            32     %573 = fmul %543.w, %572
            32     %574 = i2f32 %571.x
            32     %575 = fmul %543.z, %574
            32     %576 = fadd %573, %575
            32     %577 = i2i32 %569.x
            8x4    %578 = unpack_32_4x8 %577
            32     %579 = i2f32 %578.y
            32     %580 = fmul %543.y, %579
            32     %581 = fadd %576, %580
            32     %582 = i2f32 %578.x
            32     %583 = fmul %543.x, %582
            32     %584 = fadd %581, %583
            32     %585 = fadd %562, %584
            32     %586 = fadd %560, %585
            32     %587 = fadd %566, %586
            32     %588 = fadd %568, %587
            32     %589 = f2f32 %555
            32     %590 = fmul %588, %589
            32     %591 = fadd %590, %387
            32     %592 = iadd %132, %534
            32     %593 = ushr %592, %88 (0x5)
            32     %594 = iadd %90, %593
            32     %595 = imul %594, %135 (0x22)
            32     %596 = iadd %10 (0x2), %595
            32     %597 = iadd %596, %535
            32     %598 = iand %596, %104 (0xfffffffc)
            32     %599 = iadd %598, %535
            32x3   %600 = @load_ssbo (%141, %599) (access=readonly|reorderable, align_mul=4, align_offset=0, offset_shift=0)
            32     %601 = alignbyte_amd %600.y, %600.x, %597
            32     %602 = alignbyte_amd %600.z, %600.y, %597
            16     %603 = @load_ssbo (%141, %595) (access=readonly|reorderable, align_mul=2, align_offset=0, offset_shift=0)
            16x2   %604 = unpack_32_2x16 %601
            32     %605 = i2i32 %604.y
            8x4    %606 = unpack_32_4x8 %605
            32     %607 = i2f32 %606.y
            32     %608 = fmul %541.w, %607
            32     %609 = i2f32 %606.x
            32     %610 = fmul %541.z, %609
            32     %611 = i2i32 %604.x
            8x4    %612 = unpack_32_4x8 %611
            32     %613 = i2f32 %612.y
            32     %614 = fmul %541.y, %613
            32     %615 = i2f32 %612.x
            32     %616 = fmul %541.x, %615
            16x2   %617 = unpack_32_2x16 %602
            32     %618 = i2i32 %617.y
            8x4    %619 = unpack_32_4x8 %618
            32     %620 = i2f32 %619.y
            32     %621 = fmul %543.w, %620
            32     %622 = i2f32 %619.x
            32     %623 = fmul %543.z, %622
            32     %624 = fadd %621, %623
            32     %625 = i2i32 %617.x
            8x4    %626 = unpack_32_4x8 %625
            32     %627 = i2f32 %626.y
            32     %628 = fmul %543.y, %627
            32     %629 = fadd %624, %628
            32     %630 = i2f32 %626.x
            32     %631 = fmul %543.x, %630
            32     %632 = fadd %629, %631
            32     %633 = fadd %610, %632
            32     %634 = fadd %608, %633
            32     %635 = fadd %614, %634
            32     %636 = fadd %616, %635
            32     %637 = f2f32 %603
            32     %638 = fmul %636, %637
            32     %639 = fadd %638, %435
            32     %640 = iadd %183, %534
            32     %641 = ushr %640, %88 (0x5)
            32     %642 = iadd %90, %641
            32     %643 = imul %642, %135 (0x22)
            32     %644 = iadd %10 (0x2), %643
            32     %645 = iadd %644, %535
            32     %646 = iand %644, %104 (0xfffffffc)
            32     %647 = iadd %646, %535
            32x3   %648 = @load_ssbo (%141, %647) (access=readonly|reorderable, align_mul=4, align_offset=0, offset_shift=0)
            32     %649 = alignbyte_amd %648.y, %648.x, %645
            32     %650 = alignbyte_amd %648.z, %648.y, %645
            16     %651 = @load_ssbo (%141, %643) (access=readonly|reorderable, align_mul=2, align_offset=0, offset_shift=0)
            16x2   %652 = unpack_32_2x16 %649
            32     %653 = i2i32 %652.y
            8x4    %654 = unpack_32_4x8 %653
            32     %655 = i2f32 %654.y
            32     %656 = fmul %541.w, %655
            32     %657 = i2f32 %654.x
            32     %658 = fmul %541.z, %657
            32     %659 = i2i32 %652.x
            8x4    %660 = unpack_32_4x8 %659
            32     %661 = i2f32 %660.y
            32     %662 = fmul %541.y, %661
            32     %663 = i2f32 %660.x
            32     %664 = fmul %541.x, %663
            16x2   %665 = unpack_32_2x16 %650
            32     %666 = i2i32 %665.y
            8x4    %667 = unpack_32_4x8 %666
            32     %668 = i2f32 %667.y
            32     %669 = fmul %543.w, %668
            32     %670 = i2f32 %667.x
            32     %671 = fmul %543.z, %670
            32     %672 = fadd %669, %671
            32     %673 = i2i32 %665.x
            8x4    %674 = unpack_32_4x8 %673
            32     %675 = i2f32 %674.y
            32     %676 = fmul %543.y, %675
            32     %677 = fadd %672, %676
            32     %678 = i2f32 %674.x
            32     %679 = fmul %543.x, %678
            32     %680 = fadd %677, %679
            32     %681 = fadd %658, %680
            32     %682 = fadd %656, %681
            32     %683 = fadd %662, %682
            32     %684 = fadd %664, %683
            32     %685 = f2f32 %651
            32     %686 = fmul %684, %685
            32     %687 = fadd %686, %483
            32     %688 = iadd %232, %534
            32     %689 = ushr %688, %88 (0x5)
            32     %690 = iadd %90, %689
            32     %691 = imul %690, %135 (0x22)
            32     %692 = iadd %10 (0x2), %691
            32     %693 = iadd %692, %535
            32     %694 = iand %692, %104 (0xfffffffc)
            32     %695 = iadd %694, %535
            32x3   %696 = @load_ssbo (%141, %695) (access=readonly|reorderable, align_mul=4, align_offset=0, offset_shift=0)
            32     %697 = alignbyte_amd %696.y, %696.x, %693
            32     %698 = alignbyte_amd %696.z, %696.y, %693
            16     %699 = @load_ssbo (%141, %691) (access=readonly|reorderable, align_mul=2, align_offset=0, offset_shift=0)
            16x2   %700 = unpack_32_2x16 %697
            32     %701 = i2i32 %700.y
            8x4    %702 = unpack_32_4x8 %701
            32     %703 = i2f32 %702.y
            32     %704 = fmul %541.w, %703
            32     %705 = i2f32 %702.x
            32     %706 = fmul %541.z, %705
            32     %707 = i2i32 %700.x
            8x4    %708 = unpack_32_4x8 %707
            32     %709 = i2f32 %708.y
            32     %710 = fmul %541.y, %709
            32     %711 = i2f32 %708.x
            32     %712 = fmul %541.x, %711
            16x2   %713 = unpack_32_2x16 %698
            32     %714 = i2i32 %713.y
            8x4    %715 = unpack_32_4x8 %714
            32     %716 = i2f32 %715.y
            32     %717 = fmul %543.w, %716
            32     %718 = i2f32 %715.x
            32     %719 = fmul %543.z, %718
            32     %720 = fadd %717, %719
            32     %721 = i2i32 %713.x
            8x4    %722 = unpack_32_4x8 %721
            32     %723 = i2f32 %722.y
            32     %724 = fmul %543.y, %723
            32     %725 = fadd %720, %724
            32     %726 = i2f32 %722.x
            32     %727 = fmul %543.x, %726
            32     %728 = fadd %725, %727
            32     %729 = fadd %706, %728
            32     %730 = fadd %704, %729
            32     %731 = fadd %710, %730
            32     %732 = fadd %712, %731
            32     %733 = f2f32 %699
            32     %734 = fmul %732, %733
            32     %735 = fadd %734, %531
            32     %736 = load_const (0x00000600 = 1536)
            32     %737 = iadd %736 (0x600), %112
            32     %738 = iadd %737, %94
            32     %739 = iand %738, %114 (0x1f)
            32     %740 = isub %738, %739
            32     %741 = iadd %117, %740
            32     %742 = iadd %741, %739
            32     %743 = ushr %742, %10 (0x2)
            32     %744 = ishl %743, %12 (0x4)
            32x4   %745 = @load_ssbo (%124, %744) (access=readonly|reorderable, align_mul=16, align_offset=0, offset_shift=0)
            32     %746 = iadd %744, %103 (0x10)
            32x4   %747 = @load_ssbo (%124, %746) (access=readonly|reorderable, align_mul=16, align_offset=0, offset_shift=0)
            32     %748 = iadd %130, %738
            32     %749 = ushr %748, %88 (0x5)
            32     %750 = iadd %90, %749
            32     %751 = imul %750, %135 (0x22)
            32     %752 = iadd %10 (0x2), %751
            32     %753 = iadd %752, %739
            32     %754 = iand %752, %104 (0xfffffffc)
            32     %755 = iadd %754, %739
            32x3   %756 = @load_ssbo (%141, %755) (access=readonly|reorderable, align_mul=4, align_offset=0, offset_shift=0)
            32     %757 = alignbyte_amd %756.y, %756.x, %753
            32     %758 = alignbyte_amd %756.z, %756.y, %753
            16     %759 = @load_ssbo (%141, %751) (access=readonly|reorderable, align_mul=2, align_offset=0, offset_shift=0)
            16x2   %760 = unpack_32_2x16 %757
            32     %761 = i2i32 %760.y
            8x4    %762 = unpack_32_4x8 %761
            32     %763 = i2f32 %762.y
            32     %764 = fmul %745.w, %763
            32     %765 = i2f32 %762.x
            32     %766 = fmul %745.z, %765
            32     %767 = i2i32 %760.x
            8x4    %768 = unpack_32_4x8 %767
            32     %769 = i2f32 %768.y
            32     %770 = fmul %745.y, %769
            32     %771 = i2f32 %768.x
            32     %772 = fmul %745.x, %771
            16x2   %773 = unpack_32_2x16 %758
            32     %774 = i2i32 %773.y
            8x4    %775 = unpack_32_4x8 %774
            32     %776 = i2f32 %775.y
            32     %777 = fmul %747.w, %776
            32     %778 = i2f32 %775.x
            32     %779 = fmul %747.z, %778
            32     %780 = fadd %777, %779
            32     %781 = i2i32 %773.x
            8x4    %782 = unpack_32_4x8 %781
            32     %783 = i2f32 %782.y
            32     %784 = fmul %747.y, %783
            32     %785 = fadd %780, %784
            32     %786 = i2f32 %782.x
            32     %787 = fmul %747.x, %786
            32     %788 = fadd %785, %787
            32     %789 = fadd %766, %788
            32     %790 = fadd %764, %789
            32     %791 = fadd %770, %790
            32     %792 = fadd %772, %791
            32     %793 = f2f32 %759
            32     %794 = fmul %792, %793
            32     %795 = fadd %794, %591
            32     %796 = iadd %132, %738
            32     %797 = ushr %796, %88 (0x5)
            32     %798 = iadd %90, %797
            32     %799 = imul %798, %135 (0x22)
            32     %800 = iadd %10 (0x2), %799
            32     %801 = iadd %800, %739
            32     %802 = iand %800, %104 (0xfffffffc)
            32     %803 = iadd %802, %739
            32x3   %804 = @load_ssbo (%141, %803) (access=readonly|reorderable, align_mul=4, align_offset=0, offset_shift=0)
            32     %805 = alignbyte_amd %804.y, %804.x, %801
            32     %806 = alignbyte_amd %804.z, %804.y, %801
            16     %807 = @load_ssbo (%141, %799) (access=readonly|reorderable, align_mul=2, align_offset=0, offset_shift=0)
            16x2   %808 = unpack_32_2x16 %805
            32     %809 = i2i32 %808.y
            8x4    %810 = unpack_32_4x8 %809
            32     %811 = i2f32 %810.y
            32     %812 = fmul %745.w, %811
            32     %813 = i2f32 %810.x
            32     %814 = fmul %745.z, %813
            32     %815 = i2i32 %808.x
            8x4    %816 = unpack_32_4x8 %815
            32     %817 = i2f32 %816.y
            32     %818 = fmul %745.y, %817
            32     %819 = i2f32 %816.x
            32     %820 = fmul %745.x, %819
            16x2   %821 = unpack_32_2x16 %806
            32     %822 = i2i32 %821.y
            8x4    %823 = unpack_32_4x8 %822
            32     %824 = i2f32 %823.y
            32     %825 = fmul %747.w, %824
            32     %826 = i2f32 %823.x
            32     %827 = fmul %747.z, %826
            32     %828 = fadd %825, %827
            32     %829 = i2i32 %821.x
            8x4    %830 = unpack_32_4x8 %829
            32     %831 = i2f32 %830.y
            32     %832 = fmul %747.y, %831
            32     %833 = fadd %828, %832
            32     %834 = i2f32 %830.x
            32     %835 = fmul %747.x, %834
            32     %836 = fadd %833, %835
            32     %837 = fadd %814, %836
            32     %838 = fadd %812, %837
            32     %839 = fadd %818, %838
            32     %840 = fadd %820, %839
            32     %841 = f2f32 %807
            32     %842 = fmul %840, %841
            32     %843 = fadd %842, %639
            32     %844 = iadd %183, %738
            32     %845 = ushr %844, %88 (0x5)
            32     %846 = iadd %90, %845
            32     %847 = imul %846, %135 (0x22)
            32     %848 = iadd %10 (0x2), %847
            32     %849 = iadd %848, %739
            32     %850 = iand %848, %104 (0xfffffffc)
            32     %851 = iadd %850, %739
            32x3   %852 = @load_ssbo (%141, %851) (access=readonly|reorderable, align_mul=4, align_offset=0, offset_shift=0)
            32     %853 = alignbyte_amd %852.y, %852.x, %849
            32     %854 = alignbyte_amd %852.z, %852.y, %849
            16     %855 = @load_ssbo (%141, %847) (access=readonly|reorderable, align_mul=2, align_offset=0, offset_shift=0)
            16x2   %856 = unpack_32_2x16 %853
            32     %857 = i2i32 %856.y
            8x4    %858 = unpack_32_4x8 %857
            32     %859 = i2f32 %858.y
            32     %860 = fmul %745.w, %859
            32     %861 = i2f32 %858.x
            32     %862 = fmul %745.z, %861
            32     %863 = i2i32 %856.x
            8x4    %864 = unpack_32_4x8 %863
            32     %865 = i2f32 %864.y
            32     %866 = fmul %745.y, %865
            32     %867 = i2f32 %864.x
            32     %868 = fmul %745.x, %867
            16x2   %869 = unpack_32_2x16 %854
            32     %870 = i2i32 %869.y
            8x4    %871 = unpack_32_4x8 %870
            32     %872 = i2f32 %871.y
            32     %873 = fmul %747.w, %872
            32     %874 = i2f32 %871.x
            32     %875 = fmul %747.z, %874
            32     %876 = fadd %873, %875
            32     %877 = i2i32 %869.x
            8x4    %878 = unpack_32_4x8 %877
            32     %879 = i2f32 %878.y
            32     %880 = fmul %747.y, %879
            32     %881 = fadd %876, %880
            32     %882 = i2f32 %878.x
            32     %883 = fmul %747.x, %882
            32     %884 = fadd %881, %883
            32     %885 = fadd %862, %884
            32     %886 = fadd %860, %885
            32     %887 = fadd %866, %886
            32     %888 = fadd %868, %887
            32     %889 = f2f32 %855
            32     %890 = fmul %888, %889
            32     %891 = fadd %890, %687
            32     %892 = iadd %232, %738
            32     %893 = ushr %892, %88 (0x5)
            32     %894 = iadd %90, %893
            32     %895 = imul %894, %135 (0x22)
            32     %896 = iadd %10 (0x2), %895
            32     %897 = iadd %896, %739
            32     %898 = iand %896, %104 (0xfffffffc)
            32     %899 = iadd %898, %739
            32x3   %900 = @load_ssbo (%141, %899) (access=readonly|reorderable, align_mul=4, align_offset=0, offset_shift=0)
            32     %901 = alignbyte_amd %900.y, %900.x, %897
            32     %902 = alignbyte_amd %900.z, %900.y, %897
            16     %903 = @load_ssbo (%141, %895) (access=readonly|reorderable, align_mul=2, align_offset=0, offset_shift=0)
            16x2   %904 = unpack_32_2x16 %901
            32     %905 = i2i32 %904.y
            8x4    %906 = unpack_32_4x8 %905
            32     %907 = i2f32 %906.y
            32     %908 = fmul %745.w, %907
            32     %909 = i2f32 %906.x
            32     %910 = fmul %745.z, %909
            32     %911 = i2i32 %904.x
            8x4    %912 = unpack_32_4x8 %911
            32     %913 = i2f32 %912.y
            32     %914 = fmul %745.y, %913
            32     %915 = i2f32 %912.x
            32     %916 = fmul %745.x, %915
            16x2   %917 = unpack_32_2x16 %902
            32     %918 = i2i32 %917.y
            8x4    %919 = unpack_32_4x8 %918
            32     %920 = i2f32 %919.y
            32     %921 = fmul %747.w, %920
            32     %922 = i2f32 %919.x
            32     %923 = fmul %747.z, %922
            32     %924 = fadd %921, %923
            32     %925 = i2i32 %917.x
            8x4    %926 = unpack_32_4x8 %925
            32     %927 = i2f32 %926.y
            32     %928 = fmul %747.y, %927
            32     %929 = fadd %924, %928
            32     %930 = i2f32 %926.x
            32     %931 = fmul %747.x, %930
            32     %932 = fadd %929, %931
            32     %933 = fadd %910, %932
            32     %934 = fadd %908, %933
            32     %935 = fadd %914, %934
            32     %936 = fadd %916, %935
            32     %937 = f2f32 %903
            32     %938 = fmul %936, %937
            32     %939 = fadd %938, %735
            32     %940 = iadd %12 (0x4), %110
                          // succs: b5
        }
        block b9:     // preds: b6
        32     %941 = load_const (0xfffffffe = -2 = 4294967294)
        32     %942 = iand %102, %941 (0xfffffffe)
                      // succs: b10
        loop {
            block b10:    // preds: b9 b13
            32     %943 = phi b9: %106, b13: %1368
            32     %944 = phi b9: %107, b13: %1320
            32     %945 = phi b9: %108, b13: %1272
            32     %946 = phi b9: %109, b13: %1224
            32     %947 = phi b9: %110, b13: %1369
            1      %948 = uge %947, %942
                          // succs: b11 b12
            if %948 {
                block b11:// preds: b10
                break
                // succs: b14
            } else {
                block b12:  // preds: b10, succs: b13
            }
            block b13:    // preds: b12
            32     %949 = ishl %947, %100 (0x9)
            32     %950 = iadd %949, %94
            32     %951 = load_const (0x0000001f = 31)
            32     %952 = iand %950, %951 (0x1f)
            32     %953 = isub %950, %952
            32     %954 = imul %87, %20
            32     %955 = iadd %954, %953
            32     %956 = iadd %955, %952
            32     %957 = @load_scalar_arg_amd (base=1, arg_upper_bound_u32_amd=0, arg_num_lsb_zero=2)
            32     %958 = load_const (0xffff8000 = -32768 = 4294934528)
            64     %959 = pack_64_2x32_split %957, %958 (0xffff8000)
            32x8   %960 = @load_global_amd (%959, %4 (0x0)) (base=0, access=readonly|reorderable|speculatable|smem-amd, align_mul=4, align_offset=0)
            32x4   %961 = vec4 %960.e, %960.f, %960.g, %960.h
            32     %962 = ushr %956, %10 (0x2)
            32     %963 = ishl %962, %12 (0x4)
            32x4   %964 = @load_ssbo (%961, %963) (access=readonly|reorderable, align_mul=16, align_offset=0, offset_shift=0)
            32     %965 = iadd %963, %103 (0x10)
            32x4   %966 = @load_ssbo (%961, %965) (access=readonly|reorderable, align_mul=16, align_offset=0, offset_shift=0)
            32     %967 = imul %11, %92
            32     %968 = iadd %967, %950
            32     %969 = iadd %967, %92
            32     %970 = ushr %968, %88 (0x5)
            32     %971 = iadd %90, %970
            32     %972 = load_const (0x00000022 = 34)
            32     %973 = imul %971, %972 (0x22)
            32     %974 = iadd %10 (0x2), %973
            32     %975 = iadd %974, %952
            32     %976 = iand %974, %104 (0xfffffffc)
            32     %977 = iadd %976, %952
            32x4   %978 = vec4 %960.a, %960.b, %960.c, %960.d
            32x3   %979 = @load_ssbo (%978, %977) (access=readonly|reorderable, align_mul=4, align_offset=0, offset_shift=0)
            32     %980 = alignbyte_amd %979.y, %979.x, %975
            32     %981 = alignbyte_amd %979.z, %979.y, %975
            16     %982 = @load_ssbo (%978, %973) (access=readonly|reorderable, align_mul=2, align_offset=0, offset_shift=0)
            16x2   %983 = unpack_32_2x16 %980
            32     %984 = i2i32 %983.y
            8x4    %985 = unpack_32_4x8 %984
            32     %986 = i2f32 %985.y
            32     %987 = fmul %964.w, %986
            32     %988 = i2f32 %985.x
            32     %989 = fmul %964.z, %988
            32     %990 = i2i32 %983.x
            8x4    %991 = unpack_32_4x8 %990
            32     %992 = i2f32 %991.y
            32     %993 = fmul %964.y, %992
            32     %994 = i2f32 %991.x
            32     %995 = fmul %964.x, %994
            16x2   %996 = unpack_32_2x16 %981
            32     %997 = i2i32 %996.y
            8x4    %998 = unpack_32_4x8 %997
            32     %999 = i2f32 %998.y
            32    %1000 = fmul %966.w, %999
            32    %1001 = i2f32 %998.x
            32    %1002 = fmul %966.z, %1001
            32    %1003 = fadd %1000, %1002
            32    %1004 = i2i32 %996.x
            8x4   %1005 = unpack_32_4x8 %1004
            32    %1006 = i2f32 %1005.y
            32    %1007 = fmul %966.y, %1006
            32    %1008 = fadd %1003, %1007
            32    %1009 = i2f32 %1005.x
            32    %1010 = fmul %966.x, %1009
            32    %1011 = fadd %1008, %1010
            32    %1012 = fadd %989, %1011
            32    %1013 = fadd %987, %1012
            32    %1014 = fadd %993, %1013
            32    %1015 = fadd %995, %1014
            32    %1016 = f2f32 %982
            32    %1017 = fmul %1015, %1016
            32    %1018 = fadd %1017, %946
            32    %1019 = iadd %969, %950
            32    %1020 = iadd %969, %92
            32    %1021 = ushr %1019, %88 (0x5)
            32    %1022 = iadd %90, %1021
            32    %1023 = imul %1022, %972 (0x22)
            32    %1024 = iadd %10 (0x2), %1023
            32    %1025 = iadd %1024, %952
            32    %1026 = iand %1024, %104 (0xfffffffc)
            32    %1027 = iadd %1026, %952
            32x3  %1028 = @load_ssbo (%978, %1027) (access=readonly|reorderable, align_mul=4, align_offset=0, offset_shift=0)
            32    %1029 = alignbyte_amd %1028.y, %1028.x, %1025
            32    %1030 = alignbyte_amd %1028.z, %1028.y, %1025
            16    %1031 = @load_ssbo (%978, %1023) (access=readonly|reorderable, align_mul=2, align_offset=0, offset_shift=0)
            16x2  %1032 = unpack_32_2x16 %1029
            32    %1033 = i2i32 %1032.y
            8x4   %1034 = unpack_32_4x8 %1033
            32    %1035 = i2f32 %1034.y
            32    %1036 = fmul %964.w, %1035
            32    %1037 = i2f32 %1034.x
            32    %1038 = fmul %964.z, %1037
            32    %1039 = i2i32 %1032.x
            8x4   %1040 = unpack_32_4x8 %1039
            32    %1041 = i2f32 %1040.y
            32    %1042 = fmul %964.y, %1041
            32    %1043 = i2f32 %1040.x
            32    %1044 = fmul %964.x, %1043
            16x2  %1045 = unpack_32_2x16 %1030
            32    %1046 = i2i32 %1045.y
            8x4   %1047 = unpack_32_4x8 %1046
            32    %1048 = i2f32 %1047.y
            32    %1049 = fmul %966.w, %1048
            32    %1050 = i2f32 %1047.x
            32    %1051 = fmul %966.z, %1050
            32    %1052 = fadd %1049, %1051
            32    %1053 = i2i32 %1045.x
            8x4   %1054 = unpack_32_4x8 %1053
            32    %1055 = i2f32 %1054.y
            32    %1056 = fmul %966.y, %1055
            32    %1057 = fadd %1052, %1056
            32    %1058 = i2f32 %1054.x
            32    %1059 = fmul %966.x, %1058
            32    %1060 = fadd %1057, %1059
            32    %1061 = fadd %1038, %1060
            32    %1062 = fadd %1036, %1061
            32    %1063 = fadd %1042, %1062
            32    %1064 = fadd %1044, %1063
            32    %1065 = f2f32 %1031
            32    %1066 = fmul %1064, %1065
            32    %1067 = fadd %1066, %945
            32    %1068 = iadd %1020, %950
            32    %1069 = iadd %1020, %92
            32    %1070 = ushr %1068, %88 (0x5)
            32    %1071 = iadd %90, %1070
            32    %1072 = imul %1071, %972 (0x22)
            32    %1073 = iadd %10 (0x2), %1072
            32    %1074 = iadd %1073, %952
            32    %1075 = iand %1073, %104 (0xfffffffc)
            32    %1076 = iadd %1075, %952
            32x3  %1077 = @load_ssbo (%978, %1076) (access=readonly|reorderable, align_mul=4, align_offset=0, offset_shift=0)
            32    %1078 = alignbyte_amd %1077.y, %1077.x, %1074
            32    %1079 = alignbyte_amd %1077.z, %1077.y, %1074
            16    %1080 = @load_ssbo (%978, %1072) (access=readonly|reorderable, align_mul=2, align_offset=0, offset_shift=0)
            16x2  %1081 = unpack_32_2x16 %1078
            32    %1082 = i2i32 %1081.y
            8x4   %1083 = unpack_32_4x8 %1082
            32    %1084 = i2f32 %1083.y
            32    %1085 = fmul %964.w, %1084
            32    %1086 = i2f32 %1083.x
            32    %1087 = fmul %964.z, %1086
            32    %1088 = i2i32 %1081.x
            8x4   %1089 = unpack_32_4x8 %1088
            32    %1090 = i2f32 %1089.y
            32    %1091 = fmul %964.y, %1090
            32    %1092 = i2f32 %1089.x
            32    %1093 = fmul %964.x, %1092
            16x2  %1094 = unpack_32_2x16 %1079
            32    %1095 = i2i32 %1094.y
            8x4   %1096 = unpack_32_4x8 %1095
            32    %1097 = i2f32 %1096.y
            32    %1098 = fmul %966.w, %1097
            32    %1099 = i2f32 %1096.x
            32    %1100 = fmul %966.z, %1099
            32    %1101 = fadd %1098, %1100
            32    %1102 = i2i32 %1094.x
            8x4   %1103 = unpack_32_4x8 %1102
            32    %1104 = i2f32 %1103.y
            32    %1105 = fmul %966.y, %1104
            32    %1106 = fadd %1101, %1105
            32    %1107 = i2f32 %1103.x
            32    %1108 = fmul %966.x, %1107
            32    %1109 = fadd %1106, %1108
            32    %1110 = fadd %1087, %1109
            32    %1111 = fadd %1085, %1110
            32    %1112 = fadd %1091, %1111
            32    %1113 = fadd %1093, %1112
            32    %1114 = f2f32 %1080
            32    %1115 = fmul %1113, %1114
            32    %1116 = fadd %1115, %944
            32    %1117 = iadd %1069, %950
            32    %1118 = ushr %1117, %88 (0x5)
            32    %1119 = iadd %90, %1118
            32    %1120 = imul %1119, %972 (0x22)
            32    %1121 = iadd %10 (0x2), %1120
            32    %1122 = iadd %1121, %952
            32    %1123 = iand %1121, %104 (0xfffffffc)
            32    %1124 = iadd %1123, %952
            32x3  %1125 = @load_ssbo (%978, %1124) (access=readonly|reorderable, align_mul=4, align_offset=0, offset_shift=0)
            32    %1126 = alignbyte_amd %1125.y, %1125.x, %1122
            32    %1127 = alignbyte_amd %1125.z, %1125.y, %1122
            16    %1128 = @load_ssbo (%978, %1120) (access=readonly|reorderable, align_mul=2, align_offset=0, offset_shift=0)
            16x2  %1129 = unpack_32_2x16 %1126
            32    %1130 = i2i32 %1129.y
            8x4   %1131 = unpack_32_4x8 %1130
            32    %1132 = i2f32 %1131.y
            32    %1133 = fmul %964.w, %1132
            32    %1134 = i2f32 %1131.x
            32    %1135 = fmul %964.z, %1134
            32    %1136 = i2i32 %1129.x
            8x4   %1137 = unpack_32_4x8 %1136
            32    %1138 = i2f32 %1137.y
            32    %1139 = fmul %964.y, %1138
            32    %1140 = i2f32 %1137.x
            32    %1141 = fmul %964.x, %1140
            16x2  %1142 = unpack_32_2x16 %1127
            32    %1143 = i2i32 %1142.y
            8x4   %1144 = unpack_32_4x8 %1143
            32    %1145 = i2f32 %1144.y
            32    %1146 = fmul %966.w, %1145
            32    %1147 = i2f32 %1144.x
            32    %1148 = fmul %966.z, %1147
            32    %1149 = fadd %1146, %1148
            32    %1150 = i2i32 %1142.x
            8x4   %1151 = unpack_32_4x8 %1150
            32    %1152 = i2f32 %1151.y
            32    %1153 = fmul %966.y, %1152
            32    %1154 = fadd %1149, %1153
            32    %1155 = i2f32 %1151.x
            32    %1156 = fmul %966.x, %1155
            32    %1157 = fadd %1154, %1156
            32    %1158 = fadd %1135, %1157
            32    %1159 = fadd %1133, %1158
            32    %1160 = fadd %1139, %1159
            32    %1161 = fadd %1141, %1160
            32    %1162 = f2f32 %1128
            32    %1163 = fmul %1161, %1162
            32    %1164 = fadd %1163, %943
            32    %1165 = load_const (0x00000200 = 512)
            32    %1166 = iadd %949, %1165 (0x200)
            32    %1167 = iadd %1166, %94
            32    %1168 = iand %1167, %951 (0x1f)
            32    %1169 = isub %1167, %1168
            32    %1170 = iadd %954, %1169
            32    %1171 = iadd %1170, %1168
            32    %1172 = ushr %1171, %10 (0x2)
            32    %1173 = ishl %1172, %12 (0x4)
            32x4  %1174 = @load_ssbo (%961, %1173) (access=readonly|reorderable, align_mul=16, align_offset=0, offset_shift=0)
            32    %1175 = iadd %1173, %103 (0x10)
            32x4  %1176 = @load_ssbo (%961, %1175) (access=readonly|reorderable, align_mul=16, align_offset=0, offset_shift=0)
            32    %1177 = iadd %967, %1167
            32    %1178 = ushr %1177, %88 (0x5)
            32    %1179 = iadd %90, %1178
            32    %1180 = imul %1179, %972 (0x22)
            32    %1181 = iadd %10 (0x2), %1180
            32    %1182 = iadd %1181, %1168
            32    %1183 = iand %1181, %104 (0xfffffffc)
            32    %1184 = iadd %1183, %1168
            32x3  %1185 = @load_ssbo (%978, %1184) (access=readonly|reorderable, align_mul=4, align_offset=0, offset_shift=0)
            32    %1186 = alignbyte_amd %1185.y, %1185.x, %1182
            32    %1187 = alignbyte_amd %1185.z, %1185.y, %1182
            16    %1188 = @load_ssbo (%978, %1180) (access=readonly|reorderable, align_mul=2, align_offset=0, offset_shift=0)
            16x2  %1189 = unpack_32_2x16 %1186
            32    %1190 = i2i32 %1189.y
            8x4   %1191 = unpack_32_4x8 %1190
            32    %1192 = i2f32 %1191.y
            32    %1193 = fmul %1174.w, %1192
            32    %1194 = i2f32 %1191.x
            32    %1195 = fmul %1174.z, %1194
            32    %1196 = i2i32 %1189.x
            8x4   %1197 = unpack_32_4x8 %1196
            32    %1198 = i2f32 %1197.y
            32    %1199 = fmul %1174.y, %1198
            32    %1200 = i2f32 %1197.x
            32    %1201 = fmul %1174.x, %1200
            16x2  %1202 = unpack_32_2x16 %1187
            32    %1203 = i2i32 %1202.y
            8x4   %1204 = unpack_32_4x8 %1203
            32    %1205 = i2f32 %1204.y
            32    %1206 = fmul %1176.w, %1205
            32    %1207 = i2f32 %1204.x
            32    %1208 = fmul %1176.z, %1207
            32    %1209 = fadd %1206, %1208
            32    %1210 = i2i32 %1202.x
            8x4   %1211 = unpack_32_4x8 %1210
            32    %1212 = i2f32 %1211.y
            32    %1213 = fmul %1176.y, %1212
            32    %1214 = fadd %1209, %1213
            32    %1215 = i2f32 %1211.x
            32    %1216 = fmul %1176.x, %1215
            32    %1217 = fadd %1214, %1216
            32    %1218 = fadd %1195, %1217
            32    %1219 = fadd %1193, %1218
            32    %1220 = fadd %1199, %1219
            32    %1221 = fadd %1201, %1220
            32    %1222 = f2f32 %1188
            32    %1223 = fmul %1221, %1222
            32    %1224 = fadd %1223, %1018
            32    %1225 = iadd %969, %1167
            32    %1226 = ushr %1225, %88 (0x5)
            32    %1227 = iadd %90, %1226
            32    %1228 = imul %1227, %972 (0x22)
            32    %1229 = iadd %10 (0x2), %1228
            32    %1230 = iadd %1229, %1168
            32    %1231 = iand %1229, %104 (0xfffffffc)
            32    %1232 = iadd %1231, %1168
            32x3  %1233 = @load_ssbo (%978, %1232) (access=readonly|reorderable, align_mul=4, align_offset=0, offset_shift=0)
            32    %1234 = alignbyte_amd %1233.y, %1233.x, %1230
            32    %1235 = alignbyte_amd %1233.z, %1233.y, %1230
            16    %1236 = @load_ssbo (%978, %1228) (access=readonly|reorderable, align_mul=2, align_offset=0, offset_shift=0)
            16x2  %1237 = unpack_32_2x16 %1234
            32    %1238 = i2i32 %1237.y
            8x4   %1239 = unpack_32_4x8 %1238
            32    %1240 = i2f32 %1239.y
            32    %1241 = fmul %1174.w, %1240
            32    %1242 = i2f32 %1239.x
            32    %1243 = fmul %1174.z, %1242
            32    %1244 = i2i32 %1237.x
            8x4   %1245 = unpack_32_4x8 %1244
            32    %1246 = i2f32 %1245.y
            32    %1247 = fmul %1174.y, %1246
            32    %1248 = i2f32 %1245.x
            32    %1249 = fmul %1174.x, %1248
            16x2  %1250 = unpack_32_2x16 %1235
            32    %1251 = i2i32 %1250.y
            8x4   %1252 = unpack_32_4x8 %1251
            32    %1253 = i2f32 %1252.y
            32    %1254 = fmul %1176.w, %1253
            32    %1255 = i2f32 %1252.x
            32    %1256 = fmul %1176.z, %1255
            32    %1257 = fadd %1254, %1256
            32    %1258 = i2i32 %1250.x
            8x4   %1259 = unpack_32_4x8 %1258
            32    %1260 = i2f32 %1259.y
            32    %1261 = fmul %1176.y, %1260
            32    %1262 = fadd %1257, %1261
            32    %1263 = i2f32 %1259.x
            32    %1264 = fmul %1176.x, %1263
            32    %1265 = fadd %1262, %1264
            32    %1266 = fadd %1243, %1265
            32    %1267 = fadd %1241, %1266
            32    %1268 = fadd %1247, %1267
            32    %1269 = fadd %1249, %1268
            32    %1270 = f2f32 %1236
            32    %1271 = fmul %1269, %1270
            32    %1272 = fadd %1271, %1067
            32    %1273 = iadd %1020, %1167
            32    %1274 = ushr %1273, %88 (0x5)
            32    %1275 = iadd %90, %1274
            32    %1276 = imul %1275, %972 (0x22)
            32    %1277 = iadd %10 (0x2), %1276
            32    %1278 = iadd %1277, %1168
            32    %1279 = iand %1277, %104 (0xfffffffc)
            32    %1280 = iadd %1279, %1168
            32x3  %1281 = @load_ssbo (%978, %1280) (access=readonly|reorderable, align_mul=4, align_offset=0, offset_shift=0)
            32    %1282 = alignbyte_amd %1281.y, %1281.x, %1278
            32    %1283 = alignbyte_amd %1281.z, %1281.y, %1278
            16    %1284 = @load_ssbo (%978, %1276) (access=readonly|reorderable, align_mul=2, align_offset=0, offset_shift=0)
            16x2  %1285 = unpack_32_2x16 %1282
            32    %1286 = i2i32 %1285.y
            8x4   %1287 = unpack_32_4x8 %1286
            32    %1288 = i2f32 %1287.y
            32    %1289 = fmul %1174.w, %1288
            32    %1290 = i2f32 %1287.x
            32    %1291 = fmul %1174.z, %1290
            32    %1292 = i2i32 %1285.x
            8x4   %1293 = unpack_32_4x8 %1292
            32    %1294 = i2f32 %1293.y
            32    %1295 = fmul %1174.y, %1294
            32    %1296 = i2f32 %1293.x
            32    %1297 = fmul %1174.x, %1296
            16x2  %1298 = unpack_32_2x16 %1283
            32    %1299 = i2i32 %1298.y
            8x4   %1300 = unpack_32_4x8 %1299
            32    %1301 = i2f32 %1300.y
            32    %1302 = fmul %1176.w, %1301
            32    %1303 = i2f32 %1300.x
            32    %1304 = fmul %1176.z, %1303
            32    %1305 = fadd %1302, %1304
            32    %1306 = i2i32 %1298.x
            8x4   %1307 = unpack_32_4x8 %1306
            32    %1308 = i2f32 %1307.y
            32    %1309 = fmul %1176.y, %1308
            32    %1310 = fadd %1305, %1309
            32    %1311 = i2f32 %1307.x
            32    %1312 = fmul %1176.x, %1311
            32    %1313 = fadd %1310, %1312
            32    %1314 = fadd %1291, %1313
            32    %1315 = fadd %1289, %1314
            32    %1316 = fadd %1295, %1315
            32    %1317 = fadd %1297, %1316
            32    %1318 = f2f32 %1284
            32    %1319 = fmul %1317, %1318
            32    %1320 = fadd %1319, %1116
            32    %1321 = iadd %1069, %1167
            32    %1322 = ushr %1321, %88 (0x5)
            32    %1323 = iadd %90, %1322
            32    %1324 = imul %1323, %972 (0x22)
            32    %1325 = iadd %10 (0x2), %1324
            32    %1326 = iadd %1325, %1168
            32    %1327 = iand %1325, %104 (0xfffffffc)
            32    %1328 = iadd %1327, %1168
            32x3  %1329 = @load_ssbo (%978, %1328) (access=readonly|reorderable, align_mul=4, align_offset=0, offset_shift=0)
            32    %1330 = alignbyte_amd %1329.y, %1329.x, %1326
            32    %1331 = alignbyte_amd %1329.z, %1329.y, %1326
            16    %1332 = @load_ssbo (%978, %1324) (access=readonly|reorderable, align_mul=2, align_offset=0, offset_shift=0)
            16x2  %1333 = unpack_32_2x16 %1330
            32    %1334 = i2i32 %1333.y
            8x4   %1335 = unpack_32_4x8 %1334
            32    %1336 = i2f32 %1335.y
            32    %1337 = fmul %1174.w, %1336
            32    %1338 = i2f32 %1335.x
            32    %1339 = fmul %1174.z, %1338
            32    %1340 = i2i32 %1333.x
            8x4   %1341 = unpack_32_4x8 %1340
            32    %1342 = i2f32 %1341.y
            32    %1343 = fmul %1174.y, %1342
            32    %1344 = i2f32 %1341.x
            32    %1345 = fmul %1174.x, %1344
            16x2  %1346 = unpack_32_2x16 %1331
            32    %1347 = i2i32 %1346.y
            8x4   %1348 = unpack_32_4x8 %1347
            32    %1349 = i2f32 %1348.y
            32    %1350 = fmul %1176.w, %1349
            32    %1351 = i2f32 %1348.x
            32    %1352 = fmul %1176.z, %1351
            32    %1353 = fadd %1350, %1352
            32    %1354 = i2i32 %1346.x
            8x4   %1355 = unpack_32_4x8 %1354
            32    %1356 = i2f32 %1355.y
            32    %1357 = fmul %1176.y, %1356
            32    %1358 = fadd %1353, %1357
            32    %1359 = i2f32 %1355.x
            32    %1360 = fmul %1176.x, %1359
            32    %1361 = fadd %1358, %1360
            32    %1362 = fadd %1339, %1361
            32    %1363 = fadd %1337, %1362
            32    %1364 = fadd %1343, %1363
            32    %1365 = fadd %1345, %1364
            32    %1366 = f2f32 %1332
            32    %1367 = fmul %1365, %1366
            32    %1368 = fadd %1367, %1164
            32    %1369 = iadd %10 (0x2), %947
                          // succs: b10
        }
        block b14:    // preds: b11
        32    %1370 = load_const (0x00000001)
                      // succs: b15
        loop {
            block b15:    // preds: b14 b18
            32    %1371 = phi b14: %943, b18: %1592
            32    %1372 = phi b14: %944, b18: %1544
            32    %1373 = phi b14: %945, b18: %1495
            32    %1374 = phi b14: %946, b18: %1446
            32    %1375 = phi b14: %947, b18: %1593
            1     %1376 = uge %1375, %102
                          // succs: b16 b17
            if %1376 {
                block b16:// preds: b15
                break
                // succs: b19
            } else {
                block b17:  // preds: b15, succs: b18
            }
            block b18:    // preds: b17
            32    %1377 = ishl %1375, %100 (0x9)
            32    %1378 = iadd %1377, %94
            32    %1379 = load_const (0x0000001f = 31)
            32    %1380 = iand %1378, %1379 (0x1f)
            32    %1381 = isub %1378, %1380
            32    %1382 = imul %87, %20
            32    %1383 = iadd %1382, %1381
            32    %1384 = iadd %1383, %1380
            32    %1385 = @load_scalar_arg_amd (base=1, arg_upper_bound_u32_amd=0, arg_num_lsb_zero=2)
            32    %1386 = load_const (0xffff8000 = -32768 = 4294934528)
            64    %1387 = pack_64_2x32_split %1385, %1386 (0xffff8000)
            32x8  %1388 = @load_global_amd (%1387, %4 (0x0)) (base=0, access=readonly|reorderable|speculatable|smem-amd, align_mul=4, align_offset=0)
            32x4  %1389 = vec4 %1388.e, %1388.f, %1388.g, %1388.h
            32    %1390 = ushr %1384, %10 (0x2)
            32    %1391 = ishl %1390, %12 (0x4)
            32x4  %1392 = @load_ssbo (%1389, %1391) (access=readonly|reorderable, align_mul=16, align_offset=0, offset_shift=0)
            32    %1393 = iadd %1391, %103 (0x10)
            32x4  %1394 = @load_ssbo (%1389, %1393) (access=readonly|reorderable, align_mul=16, align_offset=0, offset_shift=0)
            32    %1395 = imul %11, %92
            32    %1396 = iadd %1395, %1378
            32    %1397 = iadd %1395, %92
            32    %1398 = ushr %1396, %88 (0x5)
            32    %1399 = iadd %90, %1398
            32    %1400 = load_const (0x00000022 = 34)
            32    %1401 = imul %1399, %1400 (0x22)
            32    %1402 = iadd %10 (0x2), %1401
            32    %1403 = iadd %1402, %1380
            32    %1404 = iand %1402, %104 (0xfffffffc)
            32    %1405 = iadd %1404, %1380
            32x4  %1406 = vec4 %1388.a, %1388.b, %1388.c, %1388.d
            32x3  %1407 = @load_ssbo (%1406, %1405) (access=readonly|reorderable, align_mul=4, align_offset=0, offset_shift=0)
            32    %1408 = alignbyte_amd %1407.y, %1407.x, %1403
            32    %1409 = alignbyte_amd %1407.z, %1407.y, %1403
            16    %1410 = @load_ssbo (%1406, %1401) (access=readonly|reorderable, align_mul=2, align_offset=0, offset_shift=0)
            16x2  %1411 = unpack_32_2x16 %1408
            32    %1412 = i2i32 %1411.y
            8x4   %1413 = unpack_32_4x8 %1412
            32    %1414 = i2f32 %1413.y
            32    %1415 = fmul %1392.w, %1414
            32    %1416 = i2f32 %1413.x
            32    %1417 = fmul %1392.z, %1416
            32    %1418 = i2i32 %1411.x
            8x4   %1419 = unpack_32_4x8 %1418
            32    %1420 = i2f32 %1419.y
            32    %1421 = fmul %1392.y, %1420
            32    %1422 = i2f32 %1419.x
            32    %1423 = fmul %1392.x, %1422
            16x2  %1424 = unpack_32_2x16 %1409
            32    %1425 = i2i32 %1424.y
            8x4   %1426 = unpack_32_4x8 %1425
            32    %1427 = i2f32 %1426.y
            32    %1428 = fmul %1394.w, %1427
            32    %1429 = i2f32 %1426.x
            32    %1430 = fmul %1394.z, %1429
            32    %1431 = fadd %1428, %1430
            32    %1432 = i2i32 %1424.x
            8x4   %1433 = unpack_32_4x8 %1432
            32    %1434 = i2f32 %1433.y
            32    %1435 = fmul %1394.y, %1434
            32    %1436 = fadd %1431, %1435
            32    %1437 = i2f32 %1433.x
            32    %1438 = fmul %1394.x, %1437
            32    %1439 = fadd %1436, %1438
            32    %1440 = fadd %1417, %1439
            32    %1441 = fadd %1415, %1440
            32    %1442 = fadd %1421, %1441
            32    %1443 = fadd %1423, %1442
            32    %1444 = f2f32 %1410
            32    %1445 = fmul %1443, %1444
            32    %1446 = fadd %1445, %1374
            32    %1447 = iadd %1397, %1378
            32    %1448 = iadd %1397, %92
            32    %1449 = ushr %1447, %88 (0x5)
            32    %1450 = iadd %90, %1449
            32    %1451 = imul %1450, %1400 (0x22)
            32    %1452 = iadd %10 (0x2), %1451
            32    %1453 = iadd %1452, %1380
            32    %1454 = iand %1452, %104 (0xfffffffc)
            32    %1455 = iadd %1454, %1380
            32x3  %1456 = @load_ssbo (%1406, %1455) (access=readonly|reorderable, align_mul=4, align_offset=0, offset_shift=0)
            32    %1457 = alignbyte_amd %1456.y, %1456.x, %1453
            32    %1458 = alignbyte_amd %1456.z, %1456.y, %1453
            16    %1459 = @load_ssbo (%1406, %1451) (access=readonly|reorderable, align_mul=2, align_offset=0, offset_shift=0)
            16x2  %1460 = unpack_32_2x16 %1457
            32    %1461 = i2i32 %1460.y
            8x4   %1462 = unpack_32_4x8 %1461
            32    %1463 = i2f32 %1462.y
            32    %1464 = fmul %1392.w, %1463
            32    %1465 = i2f32 %1462.x
            32    %1466 = fmul %1392.z, %1465
            32    %1467 = i2i32 %1460.x
            8x4   %1468 = unpack_32_4x8 %1467
            32    %1469 = i2f32 %1468.y
            32    %1470 = fmul %1392.y, %1469
            32    %1471 = i2f32 %1468.x
            32    %1472 = fmul %1392.x, %1471
            16x2  %1473 = unpack_32_2x16 %1458
            32    %1474 = i2i32 %1473.y
            8x4   %1475 = unpack_32_4x8 %1474
            32    %1476 = i2f32 %1475.y
            32    %1477 = fmul %1394.w, %1476
            32    %1478 = i2f32 %1475.x
            32    %1479 = fmul %1394.z, %1478
            32    %1480 = fadd %1477, %1479
            32    %1481 = i2i32 %1473.x
            8x4   %1482 = unpack_32_4x8 %1481
            32    %1483 = i2f32 %1482.y
            32    %1484 = fmul %1394.y, %1483
            32    %1485 = fadd %1480, %1484
            32    %1486 = i2f32 %1482.x
            32    %1487 = fmul %1394.x, %1486
            32    %1488 = fadd %1485, %1487
            32    %1489 = fadd %1466, %1488
            32    %1490 = fadd %1464, %1489
            32    %1491 = fadd %1470, %1490
            32    %1492 = fadd %1472, %1491
            32    %1493 = f2f32 %1459
            32    %1494 = fmul %1492, %1493
            32    %1495 = fadd %1494, %1373
            32    %1496 = iadd %1448, %1378
            32    %1497 = iadd %1448, %92
            32    %1498 = ushr %1496, %88 (0x5)
            32    %1499 = iadd %90, %1498
            32    %1500 = imul %1499, %1400 (0x22)
            32    %1501 = iadd %10 (0x2), %1500
            32    %1502 = iadd %1501, %1380
            32    %1503 = iand %1501, %104 (0xfffffffc)
            32    %1504 = iadd %1503, %1380
            32x3  %1505 = @load_ssbo (%1406, %1504) (access=readonly|reorderable, align_mul=4, align_offset=0, offset_shift=0)
            32    %1506 = alignbyte_amd %1505.y, %1505.x, %1502
            32    %1507 = alignbyte_amd %1505.z, %1505.y, %1502
            16    %1508 = @load_ssbo (%1406, %1500) (access=readonly|reorderable, align_mul=2, align_offset=0, offset_shift=0)
            16x2  %1509 = unpack_32_2x16 %1506
            32    %1510 = i2i32 %1509.y
            8x4   %1511 = unpack_32_4x8 %1510
            32    %1512 = i2f32 %1511.y
            32    %1513 = fmul %1392.w, %1512
            32    %1514 = i2f32 %1511.x
            32    %1515 = fmul %1392.z, %1514
            32    %1516 = i2i32 %1509.x
            8x4   %1517 = unpack_32_4x8 %1516
            32    %1518 = i2f32 %1517.y
            32    %1519 = fmul %1392.y, %1518
            32    %1520 = i2f32 %1517.x
            32    %1521 = fmul %1392.x, %1520
            16x2  %1522 = unpack_32_2x16 %1507
            32    %1523 = i2i32 %1522.y
            8x4   %1524 = unpack_32_4x8 %1523
            32    %1525 = i2f32 %1524.y
            32    %1526 = fmul %1394.w, %1525
            32    %1527 = i2f32 %1524.x
            32    %1528 = fmul %1394.z, %1527
            32    %1529 = fadd %1526, %1528
            32    %1530 = i2i32 %1522.x
            8x4   %1531 = unpack_32_4x8 %1530
            32    %1532 = i2f32 %1531.y
            32    %1533 = fmul %1394.y, %1532
            32    %1534 = fadd %1529, %1533
            32    %1535 = i2f32 %1531.x
            32    %1536 = fmul %1394.x, %1535
            32    %1537 = fadd %1534, %1536
            32    %1538 = fadd %1515, %1537
            32    %1539 = fadd %1513, %1538
            32    %1540 = fadd %1519, %1539
            32    %1541 = fadd %1521, %1540
            32    %1542 = f2f32 %1508
            32    %1543 = fmul %1541, %1542
            32    %1544 = fadd %1543, %1372
            32    %1545 = iadd %1497, %1378
            32    %1546 = ushr %1545, %88 (0x5)
            32    %1547 = iadd %90, %1546
            32    %1548 = imul %1547, %1400 (0x22)
            32    %1549 = iadd %10 (0x2), %1548
            32    %1550 = iadd %1549, %1380
            32    %1551 = iand %1549, %104 (0xfffffffc)
            32    %1552 = iadd %1551, %1380
            32x3  %1553 = @load_ssbo (%1406, %1552) (access=readonly|reorderable, align_mul=4, align_offset=0, offset_shift=0)
            32    %1554 = alignbyte_amd %1553.y, %1553.x, %1550
            32    %1555 = alignbyte_amd %1553.z, %1553.y, %1550
            16    %1556 = @load_ssbo (%1406, %1548) (access=readonly|reorderable, align_mul=2, align_offset=0, offset_shift=0)
            16x2  %1557 = unpack_32_2x16 %1554
            32    %1558 = i2i32 %1557.y
            8x4   %1559 = unpack_32_4x8 %1558
            32    %1560 = i2f32 %1559.y
            32    %1561 = fmul %1392.w, %1560
            32    %1562 = i2f32 %1559.x
            32    %1563 = fmul %1392.z, %1562
            32    %1564 = i2i32 %1557.x
            8x4   %1565 = unpack_32_4x8 %1564
            32    %1566 = i2f32 %1565.y
            32    %1567 = fmul %1392.y, %1566
            32    %1568 = i2f32 %1565.x
            32    %1569 = fmul %1392.x, %1568
            16x2  %1570 = unpack_32_2x16 %1555
            32    %1571 = i2i32 %1570.y
            8x4   %1572 = unpack_32_4x8 %1571
            32    %1573 = i2f32 %1572.y
            32    %1574 = fmul %1394.w, %1573
            32    %1575 = i2f32 %1572.x
            32    %1576 = fmul %1394.z, %1575
            32    %1577 = fadd %1574, %1576
            32    %1578 = i2i32 %1570.x
            8x4   %1579 = unpack_32_4x8 %1578
            32    %1580 = i2f32 %1579.y
            32    %1581 = fmul %1394.y, %1580
            32    %1582 = fadd %1577, %1581
            32    %1583 = i2f32 %1579.x
            32    %1584 = fmul %1394.x, %1583
            32    %1585 = fadd %1582, %1584
            32    %1586 = fadd %1563, %1585
            32    %1587 = fadd %1561, %1586
            32    %1588 = fadd %1567, %1587
            32    %1589 = fadd %1569, %1588
            32    %1590 = f2f32 %1556
            32    %1591 = fmul %1589, %1590
            32    %1592 = fadd %1591, %1371
            32    %1593 = iadd %1375, %1370 (0x1)
                          // succs: b15
        }
        block b19:    // preds: b16
        32    %1594 = @reduce (%1374) (reduction_op=fadd, cluster_size=0)
        32    %1595 = @reduce (%1373) (reduction_op=fadd, cluster_size=0)
        32    %1596 = @reduce (%1372) (reduction_op=fadd, cluster_size=0)
        32    %1597 = @reduce (%1371) (reduction_op=fadd, cluster_size=0)
        64    %1598 = load_const (0x0000000000000001 = 0.000000)
        1     %1599 = @inverse_ballot (%1598 (0x1))
                      // succs: b20 b21
        if %1599 {
            block b20:    // preds: b19
            32x4  %1600 = vec4 %1594, %1595, %1596, %1597
                          @store_shared (%1600, %4 (0x0)) (base=0, access=none, wrmask=xyzw, align_mul=1073741824, align_offset=0)
                          // succs: b22
        } else {
            block b21:  // preds: b19, succs: b22
        }
        block b22:// preds: b20 b21
        @barrier (execution_scope=WORKGROUP, memory_scope=WORKGROUP, mem_semantics=ACQ|REL, mem_modes=shared)
        // succs: b23 b43
        if %1599 {
            block b23:    // preds: b22
            32    %1601 = @load_scalar_arg_amd (base=17, arg_upper_bound_u32_amd=0, arg_num_lsb_zero=0)
            32    %1602 = @load_scalar_arg_amd (base=7, arg_upper_bound_u32_amd=0, arg_num_lsb_zero=0)
            32    %1603 = imul %91, %20
            32    %1604 = iadd %1603, %11
            32    %1605 = @load_scalar_arg_amd (base=1, arg_upper_bound_u32_amd=0, arg_num_lsb_zero=2)
            32    %1606 = load_const (0xffff8000 = -32768 = 4294934528)
            64    %1607 = pack_64_2x32_split %1605, %1606 (0xffff8000)
            32x4  %1608 = @load_global_amd (%1607, %4 (0x0)) (base=32, access=readonly|reorderable|smem-amd, align_mul=4, align_offset=0)
            32    %1609 = load_const (0x0000003f = 63)
            32    %1610 = iand %1601, %1609 (0x3f)
            1     %1611 = bitnz %1602, %1370 (0x1)
            1     %1612 = ine %1610, %4 (0x0)
            1     %1613 = bitnz %1602, %4 (0x0)
                          // succs: b24
            loop  // unroll {
                block b24:    // preds: b23 b41
                32    %1614 = phi b23: %1597, b41: %1686
                32    %1615 = phi b23: %1596, b41: %1687
                32    %1616 = phi b23: %1595, b41: %1688
                32    %1617 = phi b23: %1594, b41: %1689
                32    %1618 = phi b23: %4 (0x0), b41: %1695
                1     %1619 = ilt %1618, %10 (0x2)
                1     %1620 = ilt %1618, %93 (0x3)
                1     %1621 = ior %1619, %1620
                32    %1622 = bcsel %1621, %1614, %4 (0x0)
                1     %1623 = inot %1619
                1     %1624 = iand %1620, %1623
                32    %1625 = bcsel %1624, %4 (0x0), %1615
                1     %1626 = ilt %1618, %1370 (0x1)
                1     %1627 = inot %1626
                1     %1628 = iand %1619, %1627
                32    %1629 = bcsel %1628, %4 (0x0), %1616
                1     %1630 = iand %1619, %1626
                32    %1631 = bcsel %1630, %4 (0x0), %1617
                              // succs: b25 b31
                if %1612 {
                    block b25:    // preds: b24
                    32    %1632 = ishl %1618, %10 (0x2)
                    32    %1633 = @load_shared (%1632) (base=0, access=none, align_mul=4, align_offset=0)
                    32    %1634 = bcsel %1626, %1629, %1633
                    32    %1635 = bcsel %1626, %1633, %1631
                    32    %1636 = bcsel %1620, %1622, %1633
                    32    %1637 = bcsel %1620, %1633, %1625
                    32    %1638 = bcsel %1619, %1614, %1636
                    32    %1639 = bcsel %1619, %1615, %1637
                    32    %1640 = bcsel %1619, %1634, %1616
                    32    %1641 = bcsel %1619, %1635, %1617
                                  // succs: b26
                    loop {
                        block b26:    // preds: b25 b29
                        32    %1642 = phi b25: %1638, b29: %1649
                        32    %1643 = phi b25: %1639, b29: %1650
                        32    %1644 = phi b25: %1640, b29: %1651
                        32    %1645 = phi b25: %1641, b29: %1652
                        32    %1646 = phi b25: %1370 (0x1), b29: %1653
                        1     %1647 = uge %1646, %1610
                                      // succs: b27 b28
                        if %1647 {
                            block b27:// preds: b26
                            break
                            // succs: b30
                        } else {
                            block b28:  // preds: b26, succs: b29
                        }
                        block b29:    // preds: b28
                        32    %1648 = load_const (0x7fc00000 = nan)
                        32    %1649 = bcsel %1621, %1642, %1648 (0x7fc00000)
                        32    %1650 = bcsel %1624, %1648 (0x7fc00000), %1643
                        32    %1651 = bcsel %1628, %1648 (0x7fc00000), %1644
                        32    %1652 = bcsel %1630, %1648 (0x7fc00000), %1645
                        32    %1653 = iadd %1646, %1370 (0x1)
                                      // succs: b26
                    }
                    block b30:  // preds: b27, succs: b32
                } else {
                    block b31:  // preds: b24, succs: b32
                }
                block b32:    // preds: b30 b31
                32    %1654 = phi b30: %1642, b31: %1622
                32    %1655 = phi b30: %1643, b31: %1625
                32    %1656 = phi b30: %1644, b31: %1629
                32    %1657 = phi b30: %1645, b31: %1631
                              // succs: b33 b34
                if %1613 {
                    block b33:    // preds: b32
                    32    %1658 = iadd %1604, %1618
                    32x4  %1659 = @load_global_amd (%1607, %4 (0x0)) (base=48, access=readonly|reorderable|speculatable|smem-amd, align_mul=4, align_offset=0)
                    32    %1660 = ishl %1658, %10 (0x2)
                    32    %1661 = @load_ssbo (%1659, %1660) (access=readonly|reorderable|smem-amd, align_mul=4, align_offset=0, offset_shift=0)
                    32    %1662 = bcsel %1626, %1657, %1656
                    32    %1663 = bcsel %1620, %1655, %1654
                    32    %1664 = bcsel %1619, %1662, %1663
                    32    %1665 = fadd %1664, %1661
                    32    %1666 = bcsel %1621, %1654, %1665
                    32    %1667 = bcsel %1624, %1665, %1655
                    32    %1668 = bcsel %1628, %1665, %1656
                    32    %1669 = bcsel %1630, %1665, %1657
                                  // succs: b35
                } else {
                    block b34:  // preds: b32, succs: b35
                }
                block b35:    // preds: b33 b34
                32    %1670 = phi b33: %1666, b34: %1654
                32    %1671 = phi b33: %1667, b34: %1655
                32    %1672 = phi b33: %1668, b34: %1656
                32    %1673 = phi b33: %1669, b34: %1657
                              // succs: b36 b37
                if %1611 {
                    block b36:    // preds: b35
                    32    %1674 = iadd %1604, %1618
                    32x4  %1675 = @load_global_amd (%1607, %4 (0x0)) (base=64, access=readonly|reorderable|speculatable|smem-amd, align_mul=4, align_offset=0)
                    32    %1676 = ishl %1674, %10 (0x2)
                    32    %1677 = @load_ssbo (%1675, %1676) (access=readonly|reorderable|smem-amd, align_mul=4, align_offset=0, offset_shift=0)
                    32    %1678 = bcsel %1626, %1673, %1672
                    32    %1679 = bcsel %1620, %1671, %1670
                    32    %1680 = bcsel %1619, %1678, %1679
                    32    %1681 = fadd %1680, %1677
                    32    %1682 = bcsel %1621, %1670, %1681
                    32    %1683 = bcsel %1624, %1681, %1671
                    32    %1684 = bcsel %1628, %1681, %1672
                    32    %1685 = bcsel %1630, %1681, %1673
                                  // succs: b38
                } else {
                    block b37:  // preds: b35, succs: b38
                }
                block b38:    // preds: b36 b37
                32    %1686 = phi b36: %1682, b37: %1670
                32    %1687 = phi b36: %1683, b37: %1671
                32    %1688 = phi b36: %1684, b37: %1672
                32    %1689 = phi b36: %1685, b37: %1673
                32    %1690 = iadd %1604, %1618
                32    %1691 = bcsel %1626, %1689, %1688
                32    %1692 = bcsel %1620, %1687, %1686
                32    %1693 = bcsel %1619, %1691, %1692
                32    %1694 = ishl %1690, %10 (0x2)
                              @store_ssbo (%1693, %1608, %1694) (wrmask=x, access=writeonly, align_mul=4, align_offset=0, offset_shift=0)
                32    %1695 = iadd %1618, %1370 (0x1)
                1     %1696 = uge %1695, %12 (0x4)
                              // succs: b39 b40
                if %1696 {
                    block b39:// preds: b38
                    break
                    // succs: b42
                } else {
                    block b40:  // preds: b38, succs: b41
                }
                block b41:  // preds: b40, succs: b24
            }
            block b42:  // preds: b39, succs: b44
        } else {
            block b43:  // preds: b22, succs: b44
        }
        block b44:  // preds: b42 b43, succs: b197
    } else {
        block b45:    // preds: b0
        1     %1697 = ult %11, %9
                      // succs: b46 b195
        if %1697 {
            block b46:    // preds: b45
            32    %1698 = isub %9, %11
            32    %1699 = @load_vector_arg_amd (base=19, arg_upper_bound_u32_amd=63, arg_num_lsb_zero=0)
            32    %1700 = @load_scalar_arg_amd (base=8, arg_upper_bound_u32_amd=0, arg_num_lsb_zero=0)
            32    %1701 = @load_scalar_arg_amd (base=9, arg_upper_bound_u32_amd=0, arg_num_lsb_zero=0)
            32    %1702 = @load_scalar_arg_amd (base=10, arg_upper_bound_u32_amd=0, arg_num_lsb_zero=0)
            32    %1703 = @load_scalar_arg_amd (base=11, arg_upper_bound_u32_amd=0, arg_num_lsb_zero=0)
            32    %1704 = iadd %1, %1700
            1     %1705 = ine %1704, %4 (0x0)
                          // succs: b47 b48
            if %1705 {
                block b47:    // preds: b46
                32    %1706 = load_const (0x4f7ffffe = 4.294967e+09)
                32    %1707 = u2f32 %1702 // exact
                32    %1708 = frcp %1707 // exact
                32    %1709 = fmul %1708, %1706 (4.294967e+09) // exact
                32    %1710 = f2u32 %1709 // exact
                32    %1711 = imul %1702, %1710
                32    %1712 = isub %4 (0x0), %1711
                32    %1713 = umul_high %1710, %1712
                32    %1714 = iadd %1710, %1713
                32    %1715 = umul_high %1704, %1714
                32    %1716 = imul %1715, %1702
                32    %1717 = isub %1704, %1716
                1     %1718 = uge %1717, %1702
                32    %1719 = b2i32 %1718
                32    %1720 = iadd %1715, %1719
                32    %1721 = isub %1717, %1702
                32    %1722 = bcsel %1718, %1721, %1717
                1     %1723 = uge %1722, %1702
                32    %1724 = b2i32 %1723
                32    %1725 = iadd %1720, %1724
                32    %1726 = isub %1722, %1702
                32    %1727 = bcsel %1723, %1726, %1722
                32    %1728 = @load_scalar_arg_amd (base=12, arg_upper_bound_u32_amd=0, arg_num_lsb_zero=0)
                32    %1729 = u2f32 %1728 // exact
                32    %1730 = frcp %1729 // exact
                32    %1731 = fmul %1730, %1706 (4.294967e+09) // exact
                32    %1732 = f2u32 %1731 // exact
                32    %1733 = imul %1728, %1732
                32    %1734 = isub %4 (0x0), %1733
                32    %1735 = umul_high %1732, %1734
                32    %1736 = iadd %1732, %1735
                32    %1737 = umul_high %1725, %1736
                32    %1738 = imul %1737, %1728
                32    %1739 = isub %1725, %1738
                1     %1740 = uge %1739, %1728
                32    %1741 = b2i32 %1740
                32    %1742 = iadd %1737, %1741
                32    %1743 = isub %1739, %1728
                32    %1744 = bcsel %1740, %1743, %1739
                1     %1745 = uge %1744, %1728
                32    %1746 = b2i32 %1745
                32    %1747 = iadd %1742, %1746
                32    %1748 = u2f32 %1703 // exact
                32    %1749 = frcp %1748 // exact
                32    %1750 = fmul %1749, %1706 (4.294967e+09) // exact
                32    %1751 = f2u32 %1750 // exact
                32    %1752 = imul %1703, %1751
                32    %1753 = isub %4 (0x0), %1752
                32    %1754 = umul_high %1751, %1753
                32    %1755 = iadd %1751, %1754
                32    %1756 = umul_high %1727, %1755
                32    %1757 = imul %1756, %1703
                32    %1758 = isub %1727, %1757
                1     %1759 = uge %1758, %1703
                32    %1760 = b2i32 %1759
                32    %1761 = iadd %1756, %1760
                32    %1762 = isub %1758, %1703
                32    %1763 = bcsel %1759, %1762, %1758
                1     %1764 = uge %1763, %1703
                32    %1765 = b2i32 %1764
                32    %1766 = iadd %1761, %1765
                32    %1767 = imul %1747, %1701
                32    %1768 = iadd %1767, %1766
                              // succs: b49
            } else {
                block b48:  // preds: b46, succs: b49
            }
            block b49:    // preds: b47 b48
            32    %1769 = phi b47: %1768, b48: %4 (0x0)
            32    %1770 = @load_scalar_arg_amd (base=4, arg_upper_bound_u32_amd=0, arg_num_lsb_zero=0)
            32    %1771 = @load_scalar_arg_amd (base=5, arg_upper_bound_u32_amd=0, arg_num_lsb_zero=0)
            32    %1772 = load_const (0x00000005)
            32    %1773 = ushr %1770, %1772 (0x5)
            32    %1774 = imul %1769, %1773
            32    %1775 = @load_scalar_arg_amd (base=6, arg_upper_bound_u32_amd=0, arg_num_lsb_zero=0)
            32    %1776 = @load_scalar_arg_amd (base=2, arg_upper_bound_u32_amd=0, arg_num_lsb_zero=0)
            32    %1777 = load_const (0x00000003)
            32    %1778 = ishl %1699, %1777 (0x3)
            32    %1779 = load_const (0xfffffe00 = -512 = 4294966784)
            32    %1780 = iand %1776, %1779 (0xfffffe00)
            32    %1781 = iadd %1780, %1778
            1     %1782 = ult %1781, %1776
            32    %1783 = b2i32 %1782
            32    %1784 = load_const (0x00000009)
            32    %1785 = ushr %1776, %1784 (0x9)
            32    %1786 = iadd %1785, %1783
            32    %1787 = load_const (0x00000001)
            32    %1788 = load_const (0xfffffffc = -4 = 4294967292)
            32    %1789 = iand %1786, %1788 (0xfffffffc)
            32    %1790 = load_const (0x00000010 = 16)
                          // succs: b50
            loop {
                block b50:    // preds: b49 b101
                32    %1791 = phi b49: %4 (0x0), b101: %2688
                32    %1792 = phi b49: %4 (0x0), b101: %2689
                32    %1793 = phi b49: %4 (0x0), b101: %2690
                32    %1794 = phi b49: %4 (0x0), b101: %2691
                32    %1795 = phi b49: %4 (0x0), b101: %2692
                1     %1796 = uge %1795, %1789
                              // succs: b51 b52
                if %1796 {
                    block b51:// preds: b50
                    break
                    // succs: b102
                } else {
                    block b52:  // preds: b50, succs: b53
                }
                block b53:    // preds: b52
                32    %1797 = ishl %1795, %1784 (0x9)
                32    %1798 = iadd %1797, %1778
                32    %1799 = load_const (0x0000001f = 31)
                32    %1800 = iand %1798, %1799 (0x1f)
                32    %1801 = isub %1798, %1800
                32    %1802 = imul %1771, %1704
                32    %1803 = iadd %1802, %1801
                32    %1804 = iadd %1803, %1800
                32    %1805 = @load_scalar_arg_amd (base=1, arg_upper_bound_u32_amd=0, arg_num_lsb_zero=2)
                32    %1806 = load_const (0xffff8000 = -32768 = 4294934528)
                64    %1807 = pack_64_2x32_split %1805, %1806 (0xffff8000)
                32x4  %1808 = @load_global_amd (%1807, %4 (0x0)) (base=16, access=readonly|reorderable|speculatable|smem-amd, align_mul=4, align_offset=0)
                32    %1809 = imul %11, %1776
                1     %1810 = ine %1698, %4 (0x0)
                              // succs: b54 b64
                if %1810 {
                    block b54:    // preds: b53
                    32    %1811 = ushr %1804, %10 (0x2)
                    32    %1812 = ishl %1811, %12 (0x4)
                    32x4  %1813 = @load_ssbo (%1808, %1812) (access=readonly|reorderable, align_mul=16, align_offset=0, offset_shift=0)
                    32    %1814 = iadd %1812, %1790 (0x10)
                    32x4  %1815 = @load_ssbo (%1808, %1814) (access=readonly|reorderable, align_mul=16, align_offset=0, offset_shift=0)
                    32    %1816 = iadd %1809, %1798
                    32    %1817 = iadd %1809, %1776
                    32    %1818 = ushr %1816, %1772 (0x5)
                    32    %1819 = iadd %1774, %1818
                    32    %1820 = load_const (0x00000022 = 34)
                    32    %1821 = imul %1819, %1820 (0x22)
                    32    %1822 = iadd %10 (0x2), %1821
                    32    %1823 = iadd %1822, %1800
                    32    %1824 = iand %1822, %1788 (0xfffffffc)
                    32    %1825 = iadd %1824, %1800
                    32x4  %1826 = @load_global_amd (%1807, %4 (0x0)) (base=0, access=readonly|reorderable|speculatable|smem-amd, align_mul=4, align_offset=0)
                    32x3  %1827 = @load_ssbo (%1826, %1825) (access=readonly|reorderable, align_mul=4, align_offset=0, offset_shift=0)
                    32    %1828 = alignbyte_amd %1827.y, %1827.x, %1823
                    32    %1829 = alignbyte_amd %1827.z, %1827.y, %1823
                    16    %1830 = @load_ssbo (%1826, %1821) (access=readonly|reorderable, align_mul=2, align_offset=0, offset_shift=0)
                    16x2  %1831 = unpack_32_2x16 %1828
                    32    %1832 = i2i32 %1831.y
                    8x4   %1833 = unpack_32_4x8 %1832
                    32    %1834 = i2f32 %1833.y
                    32    %1835 = fmul %1813.w, %1834
                    32    %1836 = i2f32 %1833.x
                    32    %1837 = fmul %1813.z, %1836
                    32    %1838 = i2i32 %1831.x
                    8x4   %1839 = unpack_32_4x8 %1838
                    32    %1840 = i2f32 %1839.y
                    32    %1841 = fmul %1813.y, %1840
                    32    %1842 = i2f32 %1839.x
                    32    %1843 = fmul %1813.x, %1842
                    16x2  %1844 = unpack_32_2x16 %1829
                    32    %1845 = i2i32 %1844.y
                    8x4   %1846 = unpack_32_4x8 %1845
                    32    %1847 = i2f32 %1846.y
                    32    %1848 = fmul %1815.w, %1847
                    32    %1849 = i2f32 %1846.x
                    32    %1850 = fmul %1815.z, %1849
                    32    %1851 = fadd %1848, %1850
                    32    %1852 = i2i32 %1844.x
                    8x4   %1853 = unpack_32_4x8 %1852
                    32    %1854 = i2f32 %1853.y
                    32    %1855 = fmul %1815.y, %1854
                    32    %1856 = fadd %1851, %1855
                    32    %1857 = i2f32 %1853.x
                    32    %1858 = fmul %1815.x, %1857
                    32    %1859 = fadd %1856, %1858
                    32    %1860 = fadd %1837, %1859
                    32    %1861 = fadd %1835, %1860
                    32    %1862 = fadd %1841, %1861
                    32    %1863 = fadd %1843, %1862
                    32    %1864 = f2f32 %1830
                    32    %1865 = fmul %1863, %1864
                    32    %1866 = fadd %1865, %1794
                    1     %1867 = ult %1787 (0x1), %1698
                                  // succs: b55 b62
                    if %1867 {
                        block b55:    // preds: b54
                        32    %1868 = iadd %1817, %1798
                        32    %1869 = iadd %1817, %1776
                        32    %1870 = ushr %1868, %1772 (0x5)
                        32    %1871 = iadd %1774, %1870
                        32    %1872 = imul %1871, %1820 (0x22)
                        32    %1873 = iadd %10 (0x2), %1872
                        32    %1874 = iadd %1873, %1800
                        32    %1875 = iand %1873, %1788 (0xfffffffc)
                        32    %1876 = iadd %1875, %1800
                        32x3  %1877 = @load_ssbo (%1826, %1876) (access=readonly|reorderable, align_mul=4, align_offset=0, offset_shift=0)
                        32    %1878 = alignbyte_amd %1877.y, %1877.x, %1874
                        32    %1879 = alignbyte_amd %1877.z, %1877.y, %1874
                        16    %1880 = @load_ssbo (%1826, %1872) (access=readonly|reorderable, align_mul=2, align_offset=0, offset_shift=0)
                        16x2  %1881 = unpack_32_2x16 %1878
                        32    %1882 = i2i32 %1881.y
                        8x4   %1883 = unpack_32_4x8 %1882
                        32    %1884 = i2f32 %1883.y
                        32    %1885 = fmul %1813.w, %1884
                        32    %1886 = i2f32 %1883.x
                        32    %1887 = fmul %1813.z, %1886
                        32    %1888 = i2i32 %1881.x
                        8x4   %1889 = unpack_32_4x8 %1888
                        32    %1890 = i2f32 %1889.y
                        32    %1891 = fmul %1813.y, %1890
                        32    %1892 = i2f32 %1889.x
                        32    %1893 = fmul %1813.x, %1892
                        16x2  %1894 = unpack_32_2x16 %1879
                        32    %1895 = i2i32 %1894.y
                        8x4   %1896 = unpack_32_4x8 %1895
                        32    %1897 = i2f32 %1896.y
                        32    %1898 = fmul %1815.w, %1897
                        32    %1899 = i2f32 %1896.x
                        32    %1900 = fmul %1815.z, %1899
                        32    %1901 = fadd %1898, %1900
                        32    %1902 = i2i32 %1894.x
                        8x4   %1903 = unpack_32_4x8 %1902
                        32    %1904 = i2f32 %1903.y
                        32    %1905 = fmul %1815.y, %1904
                        32    %1906 = fadd %1901, %1905
                        32    %1907 = i2f32 %1903.x
                        32    %1908 = fmul %1815.x, %1907
                        32    %1909 = fadd %1906, %1908
                        32    %1910 = fadd %1887, %1909
                        32    %1911 = fadd %1885, %1910
                        32    %1912 = fadd %1891, %1911
                        32    %1913 = fadd %1893, %1912
                        32    %1914 = f2f32 %1880
                        32    %1915 = fmul %1913, %1914
                        32    %1916 = fadd %1915, %1793
                        1     %1917 = ult %10 (0x2), %1698
                                      // succs: b56 b60
                        if %1917 {
                            block b56:    // preds: b55
                            32    %1918 = iadd %1869, %1798
                            32    %1919 = iadd %1869, %1776
                            32    %1920 = ushr %1918, %1772 (0x5)
                            32    %1921 = iadd %1774, %1920
                            32    %1922 = imul %1921, %1820 (0x22)
                            32    %1923 = iadd %10 (0x2), %1922
                            32    %1924 = iadd %1923, %1800
                            32    %1925 = iand %1923, %1788 (0xfffffffc)
                            32    %1926 = iadd %1925, %1800
                            32x3  %1927 = @load_ssbo (%1826, %1926) (access=readonly|reorderable, align_mul=4, align_offset=0, offset_shift=0)
                            32    %1928 = alignbyte_amd %1927.y, %1927.x, %1924
                            32    %1929 = alignbyte_amd %1927.z, %1927.y, %1924
                            16    %1930 = @load_ssbo (%1826, %1922) (access=readonly|reorderable, align_mul=2, align_offset=0, offset_shift=0)
                            16x2  %1931 = unpack_32_2x16 %1928
                            32    %1932 = i2i32 %1931.y
                            8x4   %1933 = unpack_32_4x8 %1932
                            32    %1934 = i2f32 %1933.y
                            32    %1935 = fmul %1813.w, %1934
                            32    %1936 = i2f32 %1933.x
                            32    %1937 = fmul %1813.z, %1936
                            32    %1938 = i2i32 %1931.x
                            8x4   %1939 = unpack_32_4x8 %1938
                            32    %1940 = i2f32 %1939.y
                            32    %1941 = fmul %1813.y, %1940
                            32    %1942 = i2f32 %1939.x
                            32    %1943 = fmul %1813.x, %1942
                            16x2  %1944 = unpack_32_2x16 %1929
                            32    %1945 = i2i32 %1944.y
                            8x4   %1946 = unpack_32_4x8 %1945
                            32    %1947 = i2f32 %1946.y
                            32    %1948 = fmul %1815.w, %1947
                            32    %1949 = i2f32 %1946.x
                            32    %1950 = fmul %1815.z, %1949
                            32    %1951 = fadd %1948, %1950
                            32    %1952 = i2i32 %1944.x
                            8x4   %1953 = unpack_32_4x8 %1952
                            32    %1954 = i2f32 %1953.y
                            32    %1955 = fmul %1815.y, %1954
                            32    %1956 = fadd %1951, %1955
                            32    %1957 = i2f32 %1953.x
                            32    %1958 = fmul %1815.x, %1957
                            32    %1959 = fadd %1956, %1958
                            32    %1960 = fadd %1937, %1959
                            32    %1961 = fadd %1935, %1960
                            32    %1962 = fadd %1941, %1961
                            32    %1963 = fadd %1943, %1962
                            32    %1964 = f2f32 %1930
                            32    %1965 = fmul %1963, %1964
                            32    %1966 = fadd %1965, %1792
                            1     %1967 = ult %1777 (0x3), %1698
                                          // succs: b57 b58
                            if %1967 {
                                block b57:    // preds: b56
                                32    %1968 = iadd %1919, %1798
                                32    %1969 = ushr %1968, %1772 (0x5)
                                32    %1970 = iadd %1774, %1969
                                32    %1971 = imul %1970, %1820 (0x22)
                                32    %1972 = iadd %10 (0x2), %1971
                                32    %1973 = iadd %1972, %1800
                                32    %1974 = iand %1972, %1788 (0xfffffffc)
                                32    %1975 = iadd %1974, %1800
                                32x3  %1976 = @load_ssbo (%1826, %1975) (access=readonly|reorderable, align_mul=4, align_offset=0, offset_shift=0)
                                32    %1977 = alignbyte_amd %1976.y, %1976.x, %1973
                                32    %1978 = alignbyte_amd %1976.z, %1976.y, %1973
                                16    %1979 = @load_ssbo (%1826, %1971) (access=readonly|reorderable, align_mul=2, align_offset=0, offset_shift=0)
                                16x2  %1980 = unpack_32_2x16 %1977
                                32    %1981 = i2i32 %1980.y
                                8x4   %1982 = unpack_32_4x8 %1981
                                32    %1983 = i2f32 %1982.y
                                32    %1984 = fmul %1813.w, %1983
                                32    %1985 = i2f32 %1982.x
                                32    %1986 = fmul %1813.z, %1985
                                32    %1987 = i2i32 %1980.x
                                8x4   %1988 = unpack_32_4x8 %1987
                                32    %1989 = i2f32 %1988.y
                                32    %1990 = fmul %1813.y, %1989
                                32    %1991 = i2f32 %1988.x
                                32    %1992 = fmul %1813.x, %1991
                                16x2  %1993 = unpack_32_2x16 %1978
                                32    %1994 = i2i32 %1993.y
                                8x4   %1995 = unpack_32_4x8 %1994
                                32    %1996 = i2f32 %1995.y
                                32    %1997 = fmul %1815.w, %1996
                                32    %1998 = i2f32 %1995.x
                                32    %1999 = fmul %1815.z, %1998
                                32    %2000 = fadd %1997, %1999
                                32    %2001 = i2i32 %1993.x
                                8x4   %2002 = unpack_32_4x8 %2001
                                32    %2003 = i2f32 %2002.y
                                32    %2004 = fmul %1815.y, %2003
                                32    %2005 = fadd %2000, %2004
                                32    %2006 = i2f32 %2002.x
                                32    %2007 = fmul %1815.x, %2006
                                32    %2008 = fadd %2005, %2007
                                32    %2009 = fadd %1986, %2008
                                32    %2010 = fadd %1984, %2009
                                32    %2011 = fadd %1990, %2010
                                32    %2012 = fadd %1992, %2011
                                32    %2013 = f2f32 %1979
                                32    %2014 = fmul %2012, %2013
                                32    %2015 = fadd %2014, %1791
                                              // succs: b59
                            } else {
                                block b58:  // preds: b56, succs: b59
                            }
                            block b59:    // preds: b57 b58
                            32    %2016 = phi b57: %2015, b58: %1791
                                          // succs: b61
                        } else {
                            block b60:  // preds: b55, succs: b61
                        }
                        block b61:    // preds: b59 b60
                        32    %2017 = phi b59: %2016, b60: %1791
                        32    %2018 = phi b59: %1966, b60: %1792
                                      // succs: b63
                    } else {
                        block b62:  // preds: b54, succs: b63
                    }
                    block b63:    // preds: b61 b62
                    32    %2019 = phi b61: %2017, b62: %1791
                    32    %2020 = phi b61: %2018, b62: %1792
                    32    %2021 = phi b61: %1916, b62: %1793
                                  // succs: b65
                } else {
                    block b64:  // preds: b53, succs: b65
                }
                block b65:    // preds: b63 b64
                32    %2022 = phi b63: %2019, b64: %1791
                32    %2023 = phi b63: %2020, b64: %1792
                32    %2024 = phi b63: %2021, b64: %1793
                32    %2025 = phi b63: %1866, b64: %1794
                32    %2026 = load_const (0x00000200 = 512)
                32    %2027 = iadd %1797, %2026 (0x200)
                32    %2028 = iadd %2027, %1778
                32    %2029 = iand %2028, %1799 (0x1f)
                32    %2030 = isub %2028, %2029
                32    %2031 = iadd %1802, %2030
                32    %2032 = iadd %2031, %2029
                              // succs: b66 b76
                if %1810 {
                    block b66:    // preds: b65
                    32    %2033 = ushr %2032, %10 (0x2)
                    32    %2034 = ishl %2033, %12 (0x4)
                    32x4  %2035 = @load_ssbo (%1808, %2034) (access=readonly|reorderable, align_mul=16, align_offset=0, offset_shift=0)
                    32    %2036 = iadd %2034, %1790 (0x10)
                    32x4  %2037 = @load_ssbo (%1808, %2036) (access=readonly|reorderable, align_mul=16, align_offset=0, offset_shift=0)
                    32    %2038 = iadd %1809, %2028
                    32    %2039 = iadd %1809, %1776
                    32    %2040 = ushr %2038, %1772 (0x5)
                    32    %2041 = iadd %1774, %2040
                    32    %2042 = load_const (0x00000022 = 34)
                    32    %2043 = imul %2041, %2042 (0x22)
                    32    %2044 = iadd %10 (0x2), %2043
                    32    %2045 = iadd %2044, %2029
                    32    %2046 = iand %2044, %1788 (0xfffffffc)
                    32    %2047 = iadd %2046, %2029
                    32x4  %2048 = @load_global_amd (%1807, %4 (0x0)) (base=0, access=readonly|reorderable|speculatable|smem-amd, align_mul=4, align_offset=0)
                    32x3  %2049 = @load_ssbo (%2048, %2047) (access=readonly|reorderable, align_mul=4, align_offset=0, offset_shift=0)
                    32    %2050 = alignbyte_amd %2049.y, %2049.x, %2045
                    32    %2051 = alignbyte_amd %2049.z, %2049.y, %2045
                    16    %2052 = @load_ssbo (%2048, %2043) (access=readonly|reorderable, align_mul=2, align_offset=0, offset_shift=0)
                    16x2  %2053 = unpack_32_2x16 %2050
                    32    %2054 = i2i32 %2053.y
                    8x4   %2055 = unpack_32_4x8 %2054
                    32    %2056 = i2f32 %2055.y
                    32    %2057 = fmul %2035.w, %2056
                    32    %2058 = i2f32 %2055.x
                    32    %2059 = fmul %2035.z, %2058
                    32    %2060 = i2i32 %2053.x
                    8x4   %2061 = unpack_32_4x8 %2060
                    32    %2062 = i2f32 %2061.y
                    32    %2063 = fmul %2035.y, %2062
                    32    %2064 = i2f32 %2061.x
                    32    %2065 = fmul %2035.x, %2064
                    16x2  %2066 = unpack_32_2x16 %2051
                    32    %2067 = i2i32 %2066.y
                    8x4   %2068 = unpack_32_4x8 %2067
                    32    %2069 = i2f32 %2068.y
                    32    %2070 = fmul %2037.w, %2069
                    32    %2071 = i2f32 %2068.x
                    32    %2072 = fmul %2037.z, %2071
                    32    %2073 = fadd %2070, %2072
                    32    %2074 = i2i32 %2066.x
                    8x4   %2075 = unpack_32_4x8 %2074
                    32    %2076 = i2f32 %2075.y
                    32    %2077 = fmul %2037.y, %2076
                    32    %2078 = fadd %2073, %2077
                    32    %2079 = i2f32 %2075.x
                    32    %2080 = fmul %2037.x, %2079
                    32    %2081 = fadd %2078, %2080
                    32    %2082 = fadd %2059, %2081
                    32    %2083 = fadd %2057, %2082
                    32    %2084 = fadd %2063, %2083
                    32    %2085 = fadd %2065, %2084
                    32    %2086 = f2f32 %2052
                    32    %2087 = fmul %2085, %2086
                    32    %2088 = fadd %2087, %2025
                    1     %2089 = ult %1787 (0x1), %1698
                                  // succs: b67 b74
                    if %2089 {
                        block b67:    // preds: b66
                        32    %2090 = iadd %2039, %2028
                        32    %2091 = iadd %2039, %1776
                        32    %2092 = ushr %2090, %1772 (0x5)
                        32    %2093 = iadd %1774, %2092
                        32    %2094 = imul %2093, %2042 (0x22)
                        32    %2095 = iadd %10 (0x2), %2094
                        32    %2096 = iadd %2095, %2029
                        32    %2097 = iand %2095, %1788 (0xfffffffc)
                        32    %2098 = iadd %2097, %2029
                        32x3  %2099 = @load_ssbo (%2048, %2098) (access=readonly|reorderable, align_mul=4, align_offset=0, offset_shift=0)
                        32    %2100 = alignbyte_amd %2099.y, %2099.x, %2096
                        32    %2101 = alignbyte_amd %2099.z, %2099.y, %2096
                        16    %2102 = @load_ssbo (%2048, %2094) (access=readonly|reorderable, align_mul=2, align_offset=0, offset_shift=0)
                        16x2  %2103 = unpack_32_2x16 %2100
                        32    %2104 = i2i32 %2103.y
                        8x4   %2105 = unpack_32_4x8 %2104
                        32    %2106 = i2f32 %2105.y
                        32    %2107 = fmul %2035.w, %2106
                        32    %2108 = i2f32 %2105.x
                        32    %2109 = fmul %2035.z, %2108
                        32    %2110 = i2i32 %2103.x
                        8x4   %2111 = unpack_32_4x8 %2110
                        32    %2112 = i2f32 %2111.y
                        32    %2113 = fmul %2035.y, %2112
                        32    %2114 = i2f32 %2111.x
                        32    %2115 = fmul %2035.x, %2114
                        16x2  %2116 = unpack_32_2x16 %2101
                        32    %2117 = i2i32 %2116.y
                        8x4   %2118 = unpack_32_4x8 %2117
                        32    %2119 = i2f32 %2118.y
                        32    %2120 = fmul %2037.w, %2119
                        32    %2121 = i2f32 %2118.x
                        32    %2122 = fmul %2037.z, %2121
                        32    %2123 = fadd %2120, %2122
                        32    %2124 = i2i32 %2116.x
                        8x4   %2125 = unpack_32_4x8 %2124
                        32    %2126 = i2f32 %2125.y
                        32    %2127 = fmul %2037.y, %2126
                        32    %2128 = fadd %2123, %2127
                        32    %2129 = i2f32 %2125.x
                        32    %2130 = fmul %2037.x, %2129
                        32    %2131 = fadd %2128, %2130
                        32    %2132 = fadd %2109, %2131
                        32    %2133 = fadd %2107, %2132
                        32    %2134 = fadd %2113, %2133
                        32    %2135 = fadd %2115, %2134
                        32    %2136 = f2f32 %2102
                        32    %2137 = fmul %2135, %2136
                        32    %2138 = fadd %2137, %2024
                        1     %2139 = ult %10 (0x2), %1698
                                      // succs: b68 b72
                        if %2139 {
                            block b68:    // preds: b67
                            32    %2140 = iadd %2091, %2028
                            32    %2141 = iadd %2091, %1776
                            32    %2142 = ushr %2140, %1772 (0x5)
                            32    %2143 = iadd %1774, %2142
                            32    %2144 = imul %2143, %2042 (0x22)
                            32    %2145 = iadd %10 (0x2), %2144
                            32    %2146 = iadd %2145, %2029
                            32    %2147 = iand %2145, %1788 (0xfffffffc)
                            32    %2148 = iadd %2147, %2029
                            32x3  %2149 = @load_ssbo (%2048, %2148) (access=readonly|reorderable, align_mul=4, align_offset=0, offset_shift=0)
                            32    %2150 = alignbyte_amd %2149.y, %2149.x, %2146
                            32    %2151 = alignbyte_amd %2149.z, %2149.y, %2146
                            16    %2152 = @load_ssbo (%2048, %2144) (access=readonly|reorderable, align_mul=2, align_offset=0, offset_shift=0)
                            16x2  %2153 = unpack_32_2x16 %2150
                            32    %2154 = i2i32 %2153.y
                            8x4   %2155 = unpack_32_4x8 %2154
                            32    %2156 = i2f32 %2155.y
                            32    %2157 = fmul %2035.w, %2156
                            32    %2158 = i2f32 %2155.x
                            32    %2159 = fmul %2035.z, %2158
                            32    %2160 = i2i32 %2153.x
                            8x4   %2161 = unpack_32_4x8 %2160
                            32    %2162 = i2f32 %2161.y
                            32    %2163 = fmul %2035.y, %2162
                            32    %2164 = i2f32 %2161.x
                            32    %2165 = fmul %2035.x, %2164
                            16x2  %2166 = unpack_32_2x16 %2151
                            32    %2167 = i2i32 %2166.y
                            8x4   %2168 = unpack_32_4x8 %2167
                            32    %2169 = i2f32 %2168.y
                            32    %2170 = fmul %2037.w, %2169
                            32    %2171 = i2f32 %2168.x
                            32    %2172 = fmul %2037.z, %2171
                            32    %2173 = fadd %2170, %2172
                            32    %2174 = i2i32 %2166.x
                            8x4   %2175 = unpack_32_4x8 %2174
                            32    %2176 = i2f32 %2175.y
                            32    %2177 = fmul %2037.y, %2176
                            32    %2178 = fadd %2173, %2177
                            32    %2179 = i2f32 %2175.x
                            32    %2180 = fmul %2037.x, %2179
                            32    %2181 = fadd %2178, %2180
                            32    %2182 = fadd %2159, %2181
                            32    %2183 = fadd %2157, %2182
                            32    %2184 = fadd %2163, %2183
                            32    %2185 = fadd %2165, %2184
                            32    %2186 = f2f32 %2152
                            32    %2187 = fmul %2185, %2186
                            32    %2188 = fadd %2187, %2023
                            1     %2189 = ult %1777 (0x3), %1698
                                          // succs: b69 b70
                            if %2189 {
                                block b69:    // preds: b68
                                32    %2190 = iadd %2141, %2028
                                32    %2191 = ushr %2190, %1772 (0x5)
                                32    %2192 = iadd %1774, %2191
                                32    %2193 = imul %2192, %2042 (0x22)
                                32    %2194 = iadd %10 (0x2), %2193
                                32    %2195 = iadd %2194, %2029
                                32    %2196 = iand %2194, %1788 (0xfffffffc)
                                32    %2197 = iadd %2196, %2029
                                32x3  %2198 = @load_ssbo (%2048, %2197) (access=readonly|reorderable, align_mul=4, align_offset=0, offset_shift=0)
                                32    %2199 = alignbyte_amd %2198.y, %2198.x, %2195
                                32    %2200 = alignbyte_amd %2198.z, %2198.y, %2195
                                16    %2201 = @load_ssbo (%2048, %2193) (access=readonly|reorderable, align_mul=2, align_offset=0, offset_shift=0)
                                16x2  %2202 = unpack_32_2x16 %2199
                                32    %2203 = i2i32 %2202.y
                                8x4   %2204 = unpack_32_4x8 %2203
                                32    %2205 = i2f32 %2204.y
                                32    %2206 = fmul %2035.w, %2205
                                32    %2207 = i2f32 %2204.x
                                32    %2208 = fmul %2035.z, %2207
                                32    %2209 = i2i32 %2202.x
                                8x4   %2210 = unpack_32_4x8 %2209
                                32    %2211 = i2f32 %2210.y
                                32    %2212 = fmul %2035.y, %2211
                                32    %2213 = i2f32 %2210.x
                                32    %2214 = fmul %2035.x, %2213
                                16x2  %2215 = unpack_32_2x16 %2200
                                32    %2216 = i2i32 %2215.y
                                8x4   %2217 = unpack_32_4x8 %2216
                                32    %2218 = i2f32 %2217.y
                                32    %2219 = fmul %2037.w, %2218
                                32    %2220 = i2f32 %2217.x
                                32    %2221 = fmul %2037.z, %2220
                                32    %2222 = fadd %2219, %2221
                                32    %2223 = i2i32 %2215.x
                                8x4   %2224 = unpack_32_4x8 %2223
                                32    %2225 = i2f32 %2224.y
                                32    %2226 = fmul %2037.y, %2225
                                32    %2227 = fadd %2222, %2226
                                32    %2228 = i2f32 %2224.x
                                32    %2229 = fmul %2037.x, %2228
                                32    %2230 = fadd %2227, %2229
                                32    %2231 = fadd %2208, %2230
                                32    %2232 = fadd %2206, %2231
                                32    %2233 = fadd %2212, %2232
                                32    %2234 = fadd %2214, %2233
                                32    %2235 = f2f32 %2201
                                32    %2236 = fmul %2234, %2235
                                32    %2237 = fadd %2236, %2022
                                              // succs: b71
                            } else {
                                block b70:  // preds: b68, succs: b71
                            }
                            block b71:    // preds: b69 b70
                            32    %2238 = phi b69: %2237, b70: %2022
                                          // succs: b73
                        } else {
                            block b72:  // preds: b67, succs: b73
                        }
                        block b73:    // preds: b71 b72
                        32    %2239 = phi b71: %2238, b72: %2022
                        32    %2240 = phi b71: %2188, b72: %2023
                                      // succs: b75
                    } else {
                        block b74:  // preds: b66, succs: b75
                    }
                    block b75:    // preds: b73 b74
                    32    %2241 = phi b73: %2239, b74: %2022
                    32    %2242 = phi b73: %2240, b74: %2023
                    32    %2243 = phi b73: %2138, b74: %2024
                                  // succs: b77
                } else {
                    block b76:  // preds: b65, succs: b77
                }
                block b77:    // preds: b75 b76
                32    %2244 = phi b75: %2241, b76: %2022
                32    %2245 = phi b75: %2242, b76: %2023
                32    %2246 = phi b75: %2243, b76: %2024
                32    %2247 = phi b75: %2088, b76: %2025
                32    %2248 = load_const (0x00000400 = 1024)
                32    %2249 = iadd %2248 (0x400), %1797
                32    %2250 = iadd %2249, %1778
                32    %2251 = iand %2250, %1799 (0x1f)
                32    %2252 = isub %2250, %2251
                32    %2253 = iadd %1802, %2252
                32    %2254 = iadd %2253, %2251
                              // succs: b78 b88
                if %1810 {
                    block b78:    // preds: b77
                    32    %2255 = ushr %2254, %10 (0x2)
                    32    %2256 = ishl %2255, %12 (0x4)
                    32x4  %2257 = @load_ssbo (%1808, %2256) (access=readonly|reorderable, align_mul=16, align_offset=0, offset_shift=0)
                    32    %2258 = iadd %2256, %1790 (0x10)
                    32x4  %2259 = @load_ssbo (%1808, %2258) (access=readonly|reorderable, align_mul=16, align_offset=0, offset_shift=0)
                    32    %2260 = iadd %1809, %2250
                    32    %2261 = iadd %1809, %1776
                    32    %2262 = ushr %2260, %1772 (0x5)
                    32    %2263 = iadd %1774, %2262
                    32    %2264 = load_const (0x00000022 = 34)
                    32    %2265 = imul %2263, %2264 (0x22)
                    32    %2266 = iadd %10 (0x2), %2265
                    32    %2267 = iadd %2266, %2251
                    32    %2268 = iand %2266, %1788 (0xfffffffc)
                    32    %2269 = iadd %2268, %2251
                    32x4  %2270 = @load_global_amd (%1807, %4 (0x0)) (base=0, access=readonly|reorderable|speculatable|smem-amd, align_mul=4, align_offset=0)
                    32x3  %2271 = @load_ssbo (%2270, %2269) (access=readonly|reorderable, align_mul=4, align_offset=0, offset_shift=0)
                    32    %2272 = alignbyte_amd %2271.y, %2271.x, %2267
                    32    %2273 = alignbyte_amd %2271.z, %2271.y, %2267
                    16    %2274 = @load_ssbo (%2270, %2265) (access=readonly|reorderable, align_mul=2, align_offset=0, offset_shift=0)
                    16x2  %2275 = unpack_32_2x16 %2272
                    32    %2276 = i2i32 %2275.y
                    8x4   %2277 = unpack_32_4x8 %2276
                    32    %2278 = i2f32 %2277.y
                    32    %2279 = fmul %2257.w, %2278
                    32    %2280 = i2f32 %2277.x
                    32    %2281 = fmul %2257.z, %2280
                    32    %2282 = i2i32 %2275.x
                    8x4   %2283 = unpack_32_4x8 %2282
                    32    %2284 = i2f32 %2283.y
                    32    %2285 = fmul %2257.y, %2284
                    32    %2286 = i2f32 %2283.x
                    32    %2287 = fmul %2257.x, %2286
                    16x2  %2288 = unpack_32_2x16 %2273
                    32    %2289 = i2i32 %2288.y
                    8x4   %2290 = unpack_32_4x8 %2289
                    32    %2291 = i2f32 %2290.y
                    32    %2292 = fmul %2259.w, %2291
                    32    %2293 = i2f32 %2290.x
                    32    %2294 = fmul %2259.z, %2293
                    32    %2295 = fadd %2292, %2294
                    32    %2296 = i2i32 %2288.x
                    8x4   %2297 = unpack_32_4x8 %2296
                    32    %2298 = i2f32 %2297.y
                    32    %2299 = fmul %2259.y, %2298
                    32    %2300 = fadd %2295, %2299
                    32    %2301 = i2f32 %2297.x
                    32    %2302 = fmul %2259.x, %2301
                    32    %2303 = fadd %2300, %2302
                    32    %2304 = fadd %2281, %2303
                    32    %2305 = fadd %2279, %2304
                    32    %2306 = fadd %2285, %2305
                    32    %2307 = fadd %2287, %2306
                    32    %2308 = f2f32 %2274
                    32    %2309 = fmul %2307, %2308
                    32    %2310 = fadd %2309, %2247
                    1     %2311 = ult %1787 (0x1), %1698
                                  // succs: b79 b86
                    if %2311 {
                        block b79:    // preds: b78
                        32    %2312 = iadd %2261, %2250
                        32    %2313 = iadd %2261, %1776
                        32    %2314 = ushr %2312, %1772 (0x5)
                        32    %2315 = iadd %1774, %2314
                        32    %2316 = imul %2315, %2264 (0x22)
                        32    %2317 = iadd %10 (0x2), %2316
                        32    %2318 = iadd %2317, %2251
                        32    %2319 = iand %2317, %1788 (0xfffffffc)
                        32    %2320 = iadd %2319, %2251
                        32x3  %2321 = @load_ssbo (%2270, %2320) (access=readonly|reorderable, align_mul=4, align_offset=0, offset_shift=0)
                        32    %2322 = alignbyte_amd %2321.y, %2321.x, %2318
                        32    %2323 = alignbyte_amd %2321.z, %2321.y, %2318
                        16    %2324 = @load_ssbo (%2270, %2316) (access=readonly|reorderable, align_mul=2, align_offset=0, offset_shift=0)
                        16x2  %2325 = unpack_32_2x16 %2322
                        32    %2326 = i2i32 %2325.y
                        8x4   %2327 = unpack_32_4x8 %2326
                        32    %2328 = i2f32 %2327.y
                        32    %2329 = fmul %2257.w, %2328
                        32    %2330 = i2f32 %2327.x
                        32    %2331 = fmul %2257.z, %2330
                        32    %2332 = i2i32 %2325.x
                        8x4   %2333 = unpack_32_4x8 %2332
                        32    %2334 = i2f32 %2333.y
                        32    %2335 = fmul %2257.y, %2334
                        32    %2336 = i2f32 %2333.x
                        32    %2337 = fmul %2257.x, %2336
                        16x2  %2338 = unpack_32_2x16 %2323
                        32    %2339 = i2i32 %2338.y
                        8x4   %2340 = unpack_32_4x8 %2339
                        32    %2341 = i2f32 %2340.y
                        32    %2342 = fmul %2259.w, %2341
                        32    %2343 = i2f32 %2340.x
                        32    %2344 = fmul %2259.z, %2343
                        32    %2345 = fadd %2342, %2344
                        32    %2346 = i2i32 %2338.x
                        8x4   %2347 = unpack_32_4x8 %2346
                        32    %2348 = i2f32 %2347.y
                        32    %2349 = fmul %2259.y, %2348
                        32    %2350 = fadd %2345, %2349
                        32    %2351 = i2f32 %2347.x
                        32    %2352 = fmul %2259.x, %2351
                        32    %2353 = fadd %2350, %2352
                        32    %2354 = fadd %2331, %2353
                        32    %2355 = fadd %2329, %2354
                        32    %2356 = fadd %2335, %2355
                        32    %2357 = fadd %2337, %2356
                        32    %2358 = f2f32 %2324
                        32    %2359 = fmul %2357, %2358
                        32    %2360 = fadd %2359, %2246
                        1     %2361 = ult %10 (0x2), %1698
                                      // succs: b80 b84
                        if %2361 {
                            block b80:    // preds: b79
                            32    %2362 = iadd %2313, %2250
                            32    %2363 = iadd %2313, %1776
                            32    %2364 = ushr %2362, %1772 (0x5)
                            32    %2365 = iadd %1774, %2364
                            32    %2366 = imul %2365, %2264 (0x22)
                            32    %2367 = iadd %10 (0x2), %2366
                            32    %2368 = iadd %2367, %2251
                            32    %2369 = iand %2367, %1788 (0xfffffffc)
                            32    %2370 = iadd %2369, %2251
                            32x3  %2371 = @load_ssbo (%2270, %2370) (access=readonly|reorderable, align_mul=4, align_offset=0, offset_shift=0)
                            32    %2372 = alignbyte_amd %2371.y, %2371.x, %2368
                            32    %2373 = alignbyte_amd %2371.z, %2371.y, %2368
                            16    %2374 = @load_ssbo (%2270, %2366) (access=readonly|reorderable, align_mul=2, align_offset=0, offset_shift=0)
                            16x2  %2375 = unpack_32_2x16 %2372
                            32    %2376 = i2i32 %2375.y
                            8x4   %2377 = unpack_32_4x8 %2376
                            32    %2378 = i2f32 %2377.y
                            32    %2379 = fmul %2257.w, %2378
                            32    %2380 = i2f32 %2377.x
                            32    %2381 = fmul %2257.z, %2380
                            32    %2382 = i2i32 %2375.x
                            8x4   %2383 = unpack_32_4x8 %2382
                            32    %2384 = i2f32 %2383.y
                            32    %2385 = fmul %2257.y, %2384
                            32    %2386 = i2f32 %2383.x
                            32    %2387 = fmul %2257.x, %2386
                            16x2  %2388 = unpack_32_2x16 %2373
                            32    %2389 = i2i32 %2388.y
                            8x4   %2390 = unpack_32_4x8 %2389
                            32    %2391 = i2f32 %2390.y
                            32    %2392 = fmul %2259.w, %2391
                            32    %2393 = i2f32 %2390.x
                            32    %2394 = fmul %2259.z, %2393
                            32    %2395 = fadd %2392, %2394
                            32    %2396 = i2i32 %2388.x
                            8x4   %2397 = unpack_32_4x8 %2396
                            32    %2398 = i2f32 %2397.y
                            32    %2399 = fmul %2259.y, %2398
                            32    %2400 = fadd %2395, %2399
                            32    %2401 = i2f32 %2397.x
                            32    %2402 = fmul %2259.x, %2401
                            32    %2403 = fadd %2400, %2402
                            32    %2404 = fadd %2381, %2403
                            32    %2405 = fadd %2379, %2404
                            32    %2406 = fadd %2385, %2405
                            32    %2407 = fadd %2387, %2406
                            32    %2408 = f2f32 %2374
                            32    %2409 = fmul %2407, %2408
                            32    %2410 = fadd %2409, %2245
                            1     %2411 = ult %1777 (0x3), %1698
                                          // succs: b81 b82
                            if %2411 {
                                block b81:    // preds: b80
                                32    %2412 = iadd %2363, %2250
                                32    %2413 = ushr %2412, %1772 (0x5)
                                32    %2414 = iadd %1774, %2413
                                32    %2415 = imul %2414, %2264 (0x22)
                                32    %2416 = iadd %10 (0x2), %2415
                                32    %2417 = iadd %2416, %2251
                                32    %2418 = iand %2416, %1788 (0xfffffffc)
                                32    %2419 = iadd %2418, %2251
                                32x3  %2420 = @load_ssbo (%2270, %2419) (access=readonly|reorderable, align_mul=4, align_offset=0, offset_shift=0)
                                32    %2421 = alignbyte_amd %2420.y, %2420.x, %2417
                                32    %2422 = alignbyte_amd %2420.z, %2420.y, %2417
                                16    %2423 = @load_ssbo (%2270, %2415) (access=readonly|reorderable, align_mul=2, align_offset=0, offset_shift=0)
                                16x2  %2424 = unpack_32_2x16 %2421
                                32    %2425 = i2i32 %2424.y
                                8x4   %2426 = unpack_32_4x8 %2425
                                32    %2427 = i2f32 %2426.y
                                32    %2428 = fmul %2257.w, %2427
                                32    %2429 = i2f32 %2426.x
                                32    %2430 = fmul %2257.z, %2429
                                32    %2431 = i2i32 %2424.x
                                8x4   %2432 = unpack_32_4x8 %2431
                                32    %2433 = i2f32 %2432.y
                                32    %2434 = fmul %2257.y, %2433
                                32    %2435 = i2f32 %2432.x
                                32    %2436 = fmul %2257.x, %2435
                                16x2  %2437 = unpack_32_2x16 %2422
                                32    %2438 = i2i32 %2437.y
                                8x4   %2439 = unpack_32_4x8 %2438
                                32    %2440 = i2f32 %2439.y
                                32    %2441 = fmul %2259.w, %2440
                                32    %2442 = i2f32 %2439.x
                                32    %2443 = fmul %2259.z, %2442
                                32    %2444 = fadd %2441, %2443
                                32    %2445 = i2i32 %2437.x
                                8x4   %2446 = unpack_32_4x8 %2445
                                32    %2447 = i2f32 %2446.y
                                32    %2448 = fmul %2259.y, %2447
                                32    %2449 = fadd %2444, %2448
                                32    %2450 = i2f32 %2446.x
                                32    %2451 = fmul %2259.x, %2450
                                32    %2452 = fadd %2449, %2451
                                32    %2453 = fadd %2430, %2452
                                32    %2454 = fadd %2428, %2453
                                32    %2455 = fadd %2434, %2454
                                32    %2456 = fadd %2436, %2455
                                32    %2457 = f2f32 %2423
                                32    %2458 = fmul %2456, %2457
                                32    %2459 = fadd %2458, %2244
                                              // succs: b83
                            } else {
                                block b82:  // preds: b80, succs: b83
                            }
                            block b83:    // preds: b81 b82
                            32    %2460 = phi b81: %2459, b82: %2244
                                          // succs: b85
                        } else {
                            block b84:  // preds: b79, succs: b85
                        }
                        block b85:    // preds: b83 b84
                        32    %2461 = phi b83: %2460, b84: %2244
                        32    %2462 = phi b83: %2410, b84: %2245
                                      // succs: b87
                    } else {
                        block b86:  // preds: b78, succs: b87
                    }
                    block b87:    // preds: b85 b86
                    32    %2463 = phi b85: %2461, b86: %2244
                    32    %2464 = phi b85: %2462, b86: %2245
                    32    %2465 = phi b85: %2360, b86: %2246
                                  // succs: b89
                } else {
                    block b88:  // preds: b77, succs: b89
                }
                block b89:    // preds: b87 b88
                32    %2466 = phi b87: %2463, b88: %2244
                32    %2467 = phi b87: %2464, b88: %2245
                32    %2468 = phi b87: %2465, b88: %2246
                32    %2469 = phi b87: %2310, b88: %2247
                32    %2470 = load_const (0x00000600 = 1536)
                32    %2471 = iadd %2470 (0x600), %1797
                32    %2472 = iadd %2471, %1778
                32    %2473 = iand %2472, %1799 (0x1f)
                32    %2474 = isub %2472, %2473
                32    %2475 = iadd %1802, %2474
                32    %2476 = iadd %2475, %2473
                              // succs: b90 b100
                if %1810 {
                    block b90:    // preds: b89
                    32    %2477 = ushr %2476, %10 (0x2)
                    32    %2478 = ishl %2477, %12 (0x4)
                    32x4  %2479 = @load_ssbo (%1808, %2478) (access=readonly|reorderable, align_mul=16, align_offset=0, offset_shift=0)
                    32    %2480 = iadd %2478, %1790 (0x10)
                    32x4  %2481 = @load_ssbo (%1808, %2480) (access=readonly|reorderable, align_mul=16, align_offset=0, offset_shift=0)
                    32    %2482 = iadd %1809, %2472
                    32    %2483 = iadd %1809, %1776
                    32    %2484 = ushr %2482, %1772 (0x5)
                    32    %2485 = iadd %1774, %2484
                    32    %2486 = load_const (0x00000022 = 34)
                    32    %2487 = imul %2485, %2486 (0x22)
                    32    %2488 = iadd %10 (0x2), %2487
                    32    %2489 = iadd %2488, %2473
                    32    %2490 = iand %2488, %1788 (0xfffffffc)
                    32    %2491 = iadd %2490, %2473
                    32x4  %2492 = @load_global_amd (%1807, %4 (0x0)) (base=0, access=readonly|reorderable|speculatable|smem-amd, align_mul=4, align_offset=0)
                    32x3  %2493 = @load_ssbo (%2492, %2491) (access=readonly|reorderable, align_mul=4, align_offset=0, offset_shift=0)
                    32    %2494 = alignbyte_amd %2493.y, %2493.x, %2489
                    32    %2495 = alignbyte_amd %2493.z, %2493.y, %2489
                    16    %2496 = @load_ssbo (%2492, %2487) (access=readonly|reorderable, align_mul=2, align_offset=0, offset_shift=0)
                    16x2  %2497 = unpack_32_2x16 %2494
                    32    %2498 = i2i32 %2497.y
                    8x4   %2499 = unpack_32_4x8 %2498
                    32    %2500 = i2f32 %2499.y
                    32    %2501 = fmul %2479.w, %2500
                    32    %2502 = i2f32 %2499.x
                    32    %2503 = fmul %2479.z, %2502
                    32    %2504 = i2i32 %2497.x
                    8x4   %2505 = unpack_32_4x8 %2504
                    32    %2506 = i2f32 %2505.y
                    32    %2507 = fmul %2479.y, %2506
                    32    %2508 = i2f32 %2505.x
                    32    %2509 = fmul %2479.x, %2508
                    16x2  %2510 = unpack_32_2x16 %2495
                    32    %2511 = i2i32 %2510.y
                    8x4   %2512 = unpack_32_4x8 %2511
                    32    %2513 = i2f32 %2512.y
                    32    %2514 = fmul %2481.w, %2513
                    32    %2515 = i2f32 %2512.x
                    32    %2516 = fmul %2481.z, %2515
                    32    %2517 = fadd %2514, %2516
                    32    %2518 = i2i32 %2510.x
                    8x4   %2519 = unpack_32_4x8 %2518
                    32    %2520 = i2f32 %2519.y
                    32    %2521 = fmul %2481.y, %2520
                    32    %2522 = fadd %2517, %2521
                    32    %2523 = i2f32 %2519.x
                    32    %2524 = fmul %2481.x, %2523
                    32    %2525 = fadd %2522, %2524
                    32    %2526 = fadd %2503, %2525
                    32    %2527 = fadd %2501, %2526
                    32    %2528 = fadd %2507, %2527
                    32    %2529 = fadd %2509, %2528
                    32    %2530 = f2f32 %2496
                    32    %2531 = fmul %2529, %2530
                    32    %2532 = fadd %2531, %2469
                    1     %2533 = ult %1787 (0x1), %1698
                                  // succs: b91 b98
                    if %2533 {
                        block b91:    // preds: b90
                        32    %2534 = iadd %2483, %2472
                        32    %2535 = iadd %2483, %1776
                        32    %2536 = ushr %2534, %1772 (0x5)
                        32    %2537 = iadd %1774, %2536
                        32    %2538 = imul %2537, %2486 (0x22)
                        32    %2539 = iadd %10 (0x2), %2538
                        32    %2540 = iadd %2539, %2473
                        32    %2541 = iand %2539, %1788 (0xfffffffc)
                        32    %2542 = iadd %2541, %2473
                        32x3  %2543 = @load_ssbo (%2492, %2542) (access=readonly|reorderable, align_mul=4, align_offset=0, offset_shift=0)
                        32    %2544 = alignbyte_amd %2543.y, %2543.x, %2540
                        32    %2545 = alignbyte_amd %2543.z, %2543.y, %2540
                        16    %2546 = @load_ssbo (%2492, %2538) (access=readonly|reorderable, align_mul=2, align_offset=0, offset_shift=0)
                        16x2  %2547 = unpack_32_2x16 %2544
                        32    %2548 = i2i32 %2547.y
                        8x4   %2549 = unpack_32_4x8 %2548
                        32    %2550 = i2f32 %2549.y
                        32    %2551 = fmul %2479.w, %2550
                        32    %2552 = i2f32 %2549.x
                        32    %2553 = fmul %2479.z, %2552
                        32    %2554 = i2i32 %2547.x
                        8x4   %2555 = unpack_32_4x8 %2554
                        32    %2556 = i2f32 %2555.y
                        32    %2557 = fmul %2479.y, %2556
                        32    %2558 = i2f32 %2555.x
                        32    %2559 = fmul %2479.x, %2558
                        16x2  %2560 = unpack_32_2x16 %2545
                        32    %2561 = i2i32 %2560.y
                        8x4   %2562 = unpack_32_4x8 %2561
                        32    %2563 = i2f32 %2562.y
                        32    %2564 = fmul %2481.w, %2563
                        32    %2565 = i2f32 %2562.x
                        32    %2566 = fmul %2481.z, %2565
                        32    %2567 = fadd %2564, %2566
                        32    %2568 = i2i32 %2560.x
                        8x4   %2569 = unpack_32_4x8 %2568
                        32    %2570 = i2f32 %2569.y
                        32    %2571 = fmul %2481.y, %2570
                        32    %2572 = fadd %2567, %2571
                        32    %2573 = i2f32 %2569.x
                        32    %2574 = fmul %2481.x, %2573
                        32    %2575 = fadd %2572, %2574
                        32    %2576 = fadd %2553, %2575
                        32    %2577 = fadd %2551, %2576
                        32    %2578 = fadd %2557, %2577
                        32    %2579 = fadd %2559, %2578
                        32    %2580 = f2f32 %2546
                        32    %2581 = fmul %2579, %2580
                        32    %2582 = fadd %2581, %2468
                        1     %2583 = ult %10 (0x2), %1698
                                      // succs: b92 b96
                        if %2583 {
                            block b92:    // preds: b91
                            32    %2584 = iadd %2535, %2472
                            32    %2585 = iadd %2535, %1776
                            32    %2586 = ushr %2584, %1772 (0x5)
                            32    %2587 = iadd %1774, %2586
                            32    %2588 = imul %2587, %2486 (0x22)
                            32    %2589 = iadd %10 (0x2), %2588
                            32    %2590 = iadd %2589, %2473
                            32    %2591 = iand %2589, %1788 (0xfffffffc)
                            32    %2592 = iadd %2591, %2473
                            32x3  %2593 = @load_ssbo (%2492, %2592) (access=readonly|reorderable, align_mul=4, align_offset=0, offset_shift=0)
                            32    %2594 = alignbyte_amd %2593.y, %2593.x, %2590
                            32    %2595 = alignbyte_amd %2593.z, %2593.y, %2590
                            16    %2596 = @load_ssbo (%2492, %2588) (access=readonly|reorderable, align_mul=2, align_offset=0, offset_shift=0)
                            16x2  %2597 = unpack_32_2x16 %2594
                            32    %2598 = i2i32 %2597.y
                            8x4   %2599 = unpack_32_4x8 %2598
                            32    %2600 = i2f32 %2599.y
                            32    %2601 = fmul %2479.w, %2600
                            32    %2602 = i2f32 %2599.x
                            32    %2603 = fmul %2479.z, %2602
                            32    %2604 = i2i32 %2597.x
                            8x4   %2605 = unpack_32_4x8 %2604
                            32    %2606 = i2f32 %2605.y
                            32    %2607 = fmul %2479.y, %2606
                            32    %2608 = i2f32 %2605.x
                            32    %2609 = fmul %2479.x, %2608
                            16x2  %2610 = unpack_32_2x16 %2595
                            32    %2611 = i2i32 %2610.y
                            8x4   %2612 = unpack_32_4x8 %2611
                            32    %2613 = i2f32 %2612.y
                            32    %2614 = fmul %2481.w, %2613
                            32    %2615 = i2f32 %2612.x
                            32    %2616 = fmul %2481.z, %2615
                            32    %2617 = fadd %2614, %2616
                            32    %2618 = i2i32 %2610.x
                            8x4   %2619 = unpack_32_4x8 %2618
                            32    %2620 = i2f32 %2619.y
                            32    %2621 = fmul %2481.y, %2620
                            32    %2622 = fadd %2617, %2621
                            32    %2623 = i2f32 %2619.x
                            32    %2624 = fmul %2481.x, %2623
                            32    %2625 = fadd %2622, %2624
                            32    %2626 = fadd %2603, %2625
                            32    %2627 = fadd %2601, %2626
                            32    %2628 = fadd %2607, %2627
                            32    %2629 = fadd %2609, %2628
                            32    %2630 = f2f32 %2596
                            32    %2631 = fmul %2629, %2630
                            32    %2632 = fadd %2631, %2467
                            1     %2633 = ult %1777 (0x3), %1698
                                          // succs: b93 b94
                            if %2633 {
                                block b93:    // preds: b92
                                32    %2634 = iadd %2585, %2472
                                32    %2635 = ushr %2634, %1772 (0x5)
                                32    %2636 = iadd %1774, %2635
                                32    %2637 = imul %2636, %2486 (0x22)
                                32    %2638 = iadd %10 (0x2), %2637
                                32    %2639 = iadd %2638, %2473
                                32    %2640 = iand %2638, %1788 (0xfffffffc)
                                32    %2641 = iadd %2640, %2473
                                32x3  %2642 = @load_ssbo (%2492, %2641) (access=readonly|reorderable, align_mul=4, align_offset=0, offset_shift=0)
                                32    %2643 = alignbyte_amd %2642.y, %2642.x, %2639
                                32    %2644 = alignbyte_amd %2642.z, %2642.y, %2639
                                16    %2645 = @load_ssbo (%2492, %2637) (access=readonly|reorderable, align_mul=2, align_offset=0, offset_shift=0)
                                16x2  %2646 = unpack_32_2x16 %2643
                                32    %2647 = i2i32 %2646.y
                                8x4   %2648 = unpack_32_4x8 %2647
                                32    %2649 = i2f32 %2648.y
                                32    %2650 = fmul %2479.w, %2649
                                32    %2651 = i2f32 %2648.x
                                32    %2652 = fmul %2479.z, %2651
                                32    %2653 = i2i32 %2646.x
                                8x4   %2654 = unpack_32_4x8 %2653
                                32    %2655 = i2f32 %2654.y
                                32    %2656 = fmul %2479.y, %2655
                                32    %2657 = i2f32 %2654.x
                                32    %2658 = fmul %2479.x, %2657
                                16x2  %2659 = unpack_32_2x16 %2644
                                32    %2660 = i2i32 %2659.y
                                8x4   %2661 = unpack_32_4x8 %2660
                                32    %2662 = i2f32 %2661.y
                                32    %2663 = fmul %2481.w, %2662
                                32    %2664 = i2f32 %2661.x
                                32    %2665 = fmul %2481.z, %2664
                                32    %2666 = fadd %2663, %2665
                                32    %2667 = i2i32 %2659.x
                                8x4   %2668 = unpack_32_4x8 %2667
                                32    %2669 = i2f32 %2668.y
                                32    %2670 = fmul %2481.y, %2669
                                32    %2671 = fadd %2666, %2670
                                32    %2672 = i2f32 %2668.x
                                32    %2673 = fmul %2481.x, %2672
                                32    %2674 = fadd %2671, %2673
                                32    %2675 = fadd %2652, %2674
                                32    %2676 = fadd %2650, %2675
                                32    %2677 = fadd %2656, %2676
                                32    %2678 = fadd %2658, %2677
                                32    %2679 = f2f32 %2645
                                32    %2680 = fmul %2678, %2679
                                32    %2681 = fadd %2680, %2466
                                              // succs: b95
                            } else {
                                block b94:  // preds: b92, succs: b95
                            }
                            block b95:    // preds: b93 b94
                            32    %2682 = phi b93: %2681, b94: %2466
                                          // succs: b97
                        } else {
                            block b96:  // preds: b91, succs: b97
                        }
                        block b97:    // preds: b95 b96
                        32    %2683 = phi b95: %2682, b96: %2466
                        32    %2684 = phi b95: %2632, b96: %2467
                                      // succs: b99
                    } else {
                        block b98:  // preds: b90, succs: b99
                    }
                    block b99:    // preds: b97 b98
                    32    %2685 = phi b97: %2683, b98: %2466
                    32    %2686 = phi b97: %2684, b98: %2467
                    32    %2687 = phi b97: %2582, b98: %2468
                                  // succs: b101
                } else {
                    block b100:  // preds: b89, succs: b101
                }
                block b101:   // preds: b99 b100
                32    %2688 = phi b99: %2685, b100: %2466
                32    %2689 = phi b99: %2686, b100: %2467
                32    %2690 = phi b99: %2687, b100: %2468
                32    %2691 = phi b99: %2532, b100: %2469
                32    %2692 = iadd %12 (0x4), %1795
                              // succs: b50
            }
            block b102:   // preds: b51
            32    %2693 = load_const (0xfffffffe = -2 = 4294967294)
            32    %2694 = iand %1786, %2693 (0xfffffffe)
                          // succs: b103
            loop {
                block b103:   // preds: b102 b130
                32    %2695 = phi b102: %1791, b130: %3148
                32    %2696 = phi b102: %1792, b130: %3149
                32    %2697 = phi b102: %1793, b130: %3150
                32    %2698 = phi b102: %1794, b130: %3151
                32    %2699 = phi b102: %1795, b130: %3152
                1     %2700 = uge %2699, %2694
                              // succs: b104 b105
                if %2700 {
                    block b104:// preds: b103
                    break
                    // succs: b131
                } else {
                    block b105:  // preds: b103, succs: b106
                }
                block b106:   // preds: b105
                32    %2701 = ishl %2699, %1784 (0x9)
                32    %2702 = iadd %2701, %1778
                32    %2703 = load_const (0x0000001f = 31)
                32    %2704 = iand %2702, %2703 (0x1f)
                32    %2705 = isub %2702, %2704
                32    %2706 = imul %1771, %1704
                32    %2707 = iadd %2706, %2705
                32    %2708 = iadd %2707, %2704
                32    %2709 = @load_scalar_arg_amd (base=1, arg_upper_bound_u32_amd=0, arg_num_lsb_zero=2)
                32    %2710 = load_const (0xffff8000 = -32768 = 4294934528)
                64    %2711 = pack_64_2x32_split %2709, %2710 (0xffff8000)
                32x4  %2712 = @load_global_amd (%2711, %4 (0x0)) (base=16, access=readonly|reorderable|speculatable|smem-amd, align_mul=4, align_offset=0)
                32    %2713 = imul %11, %1776
                1     %2714 = ine %1698, %4 (0x0)
                              // succs: b107 b117
                if %2714 {
                    block b107:   // preds: b106
                    32    %2715 = ushr %2708, %10 (0x2)
                    32    %2716 = ishl %2715, %12 (0x4)
                    32x4  %2717 = @load_ssbo (%2712, %2716) (access=readonly|reorderable, align_mul=16, align_offset=0, offset_shift=0)
                    32    %2718 = iadd %2716, %1790 (0x10)
                    32x4  %2719 = @load_ssbo (%2712, %2718) (access=readonly|reorderable, align_mul=16, align_offset=0, offset_shift=0)
                    32    %2720 = iadd %2713, %2702
                    32    %2721 = iadd %2713, %1776
                    32    %2722 = ushr %2720, %1772 (0x5)
                    32    %2723 = iadd %1774, %2722
                    32    %2724 = load_const (0x00000022 = 34)
                    32    %2725 = imul %2723, %2724 (0x22)
                    32    %2726 = iadd %10 (0x2), %2725
                    32    %2727 = iadd %2726, %2704
                    32    %2728 = iand %2726, %1788 (0xfffffffc)
                    32    %2729 = iadd %2728, %2704
                    32x4  %2730 = @load_global_amd (%2711, %4 (0x0)) (base=0, access=readonly|reorderable|speculatable|smem-amd, align_mul=4, align_offset=0)
                    32x3  %2731 = @load_ssbo (%2730, %2729) (access=readonly|reorderable, align_mul=4, align_offset=0, offset_shift=0)
                    32    %2732 = alignbyte_amd %2731.y, %2731.x, %2727
                    32    %2733 = alignbyte_amd %2731.z, %2731.y, %2727
                    16    %2734 = @load_ssbo (%2730, %2725) (access=readonly|reorderable, align_mul=2, align_offset=0, offset_shift=0)
                    16x2  %2735 = unpack_32_2x16 %2732
                    32    %2736 = i2i32 %2735.y
                    8x4   %2737 = unpack_32_4x8 %2736
                    32    %2738 = i2f32 %2737.y
                    32    %2739 = fmul %2717.w, %2738
                    32    %2740 = i2f32 %2737.x
                    32    %2741 = fmul %2717.z, %2740
                    32    %2742 = i2i32 %2735.x
                    8x4   %2743 = unpack_32_4x8 %2742
                    32    %2744 = i2f32 %2743.y
                    32    %2745 = fmul %2717.y, %2744
                    32    %2746 = i2f32 %2743.x
                    32    %2747 = fmul %2717.x, %2746
                    16x2  %2748 = unpack_32_2x16 %2733
                    32    %2749 = i2i32 %2748.y
                    8x4   %2750 = unpack_32_4x8 %2749
                    32    %2751 = i2f32 %2750.y
                    32    %2752 = fmul %2719.w, %2751
                    32    %2753 = i2f32 %2750.x
                    32    %2754 = fmul %2719.z, %2753
                    32    %2755 = fadd %2752, %2754
                    32    %2756 = i2i32 %2748.x
                    8x4   %2757 = unpack_32_4x8 %2756
                    32    %2758 = i2f32 %2757.y
                    32    %2759 = fmul %2719.y, %2758
                    32    %2760 = fadd %2755, %2759
                    32    %2761 = i2f32 %2757.x
                    32    %2762 = fmul %2719.x, %2761
                    32    %2763 = fadd %2760, %2762
                    32    %2764 = fadd %2741, %2763
                    32    %2765 = fadd %2739, %2764
                    32    %2766 = fadd %2745, %2765
                    32    %2767 = fadd %2747, %2766
                    32    %2768 = f2f32 %2734
                    32    %2769 = fmul %2767, %2768
                    32    %2770 = fadd %2769, %2698
                    1     %2771 = ult %1787 (0x1), %1698
                                  // succs: b108 b115
                    if %2771 {
                        block b108:   // preds: b107
                        32    %2772 = iadd %2721, %2702
                        32    %2773 = iadd %2721, %1776
                        32    %2774 = ushr %2772, %1772 (0x5)
                        32    %2775 = iadd %1774, %2774
                        32    %2776 = imul %2775, %2724 (0x22)
                        32    %2777 = iadd %10 (0x2), %2776
                        32    %2778 = iadd %2777, %2704
                        32    %2779 = iand %2777, %1788 (0xfffffffc)
                        32    %2780 = iadd %2779, %2704
                        32x3  %2781 = @load_ssbo (%2730, %2780) (access=readonly|reorderable, align_mul=4, align_offset=0, offset_shift=0)
                        32    %2782 = alignbyte_amd %2781.y, %2781.x, %2778
                        32    %2783 = alignbyte_amd %2781.z, %2781.y, %2778
                        16    %2784 = @load_ssbo (%2730, %2776) (access=readonly|reorderable, align_mul=2, align_offset=0, offset_shift=0)
                        16x2  %2785 = unpack_32_2x16 %2782
                        32    %2786 = i2i32 %2785.y
                        8x4   %2787 = unpack_32_4x8 %2786
                        32    %2788 = i2f32 %2787.y
                        32    %2789 = fmul %2717.w, %2788
                        32    %2790 = i2f32 %2787.x
                        32    %2791 = fmul %2717.z, %2790
                        32    %2792 = i2i32 %2785.x
                        8x4   %2793 = unpack_32_4x8 %2792
                        32    %2794 = i2f32 %2793.y
                        32    %2795 = fmul %2717.y, %2794
                        32    %2796 = i2f32 %2793.x
                        32    %2797 = fmul %2717.x, %2796
                        16x2  %2798 = unpack_32_2x16 %2783
                        32    %2799 = i2i32 %2798.y
                        8x4   %2800 = unpack_32_4x8 %2799
                        32    %2801 = i2f32 %2800.y
                        32    %2802 = fmul %2719.w, %2801
                        32    %2803 = i2f32 %2800.x
                        32    %2804 = fmul %2719.z, %2803
                        32    %2805 = fadd %2802, %2804
                        32    %2806 = i2i32 %2798.x
                        8x4   %2807 = unpack_32_4x8 %2806
                        32    %2808 = i2f32 %2807.y
                        32    %2809 = fmul %2719.y, %2808
                        32    %2810 = fadd %2805, %2809
                        32    %2811 = i2f32 %2807.x
                        32    %2812 = fmul %2719.x, %2811
                        32    %2813 = fadd %2810, %2812
                        32    %2814 = fadd %2791, %2813
                        32    %2815 = fadd %2789, %2814
                        32    %2816 = fadd %2795, %2815
                        32    %2817 = fadd %2797, %2816
                        32    %2818 = f2f32 %2784
                        32    %2819 = fmul %2817, %2818
                        32    %2820 = fadd %2819, %2697
                        1     %2821 = ult %10 (0x2), %1698
                                      // succs: b109 b113
                        if %2821 {
                            block b109:   // preds: b108
                            32    %2822 = iadd %2773, %2702
                            32    %2823 = iadd %2773, %1776
                            32    %2824 = ushr %2822, %1772 (0x5)
                            32    %2825 = iadd %1774, %2824
                            32    %2826 = imul %2825, %2724 (0x22)
                            32    %2827 = iadd %10 (0x2), %2826
                            32    %2828 = iadd %2827, %2704
                            32    %2829 = iand %2827, %1788 (0xfffffffc)
                            32    %2830 = iadd %2829, %2704
                            32x3  %2831 = @load_ssbo (%2730, %2830) (access=readonly|reorderable, align_mul=4, align_offset=0, offset_shift=0)
                            32    %2832 = alignbyte_amd %2831.y, %2831.x, %2828
                            32    %2833 = alignbyte_amd %2831.z, %2831.y, %2828
                            16    %2834 = @load_ssbo (%2730, %2826) (access=readonly|reorderable, align_mul=2, align_offset=0, offset_shift=0)
                            16x2  %2835 = unpack_32_2x16 %2832
                            32    %2836 = i2i32 %2835.y
                            8x4   %2837 = unpack_32_4x8 %2836
                            32    %2838 = i2f32 %2837.y
                            32    %2839 = fmul %2717.w, %2838
                            32    %2840 = i2f32 %2837.x
                            32    %2841 = fmul %2717.z, %2840
                            32    %2842 = i2i32 %2835.x
                            8x4   %2843 = unpack_32_4x8 %2842
                            32    %2844 = i2f32 %2843.y
                            32    %2845 = fmul %2717.y, %2844
                            32    %2846 = i2f32 %2843.x
                            32    %2847 = fmul %2717.x, %2846
                            16x2  %2848 = unpack_32_2x16 %2833
                            32    %2849 = i2i32 %2848.y
                            8x4   %2850 = unpack_32_4x8 %2849
                            32    %2851 = i2f32 %2850.y
                            32    %2852 = fmul %2719.w, %2851
                            32    %2853 = i2f32 %2850.x
                            32    %2854 = fmul %2719.z, %2853
                            32    %2855 = fadd %2852, %2854
                            32    %2856 = i2i32 %2848.x
                            8x4   %2857 = unpack_32_4x8 %2856
                            32    %2858 = i2f32 %2857.y
                            32    %2859 = fmul %2719.y, %2858
                            32    %2860 = fadd %2855, %2859
                            32    %2861 = i2f32 %2857.x
                            32    %2862 = fmul %2719.x, %2861
                            32    %2863 = fadd %2860, %2862
                            32    %2864 = fadd %2841, %2863
                            32    %2865 = fadd %2839, %2864
                            32    %2866 = fadd %2845, %2865
                            32    %2867 = fadd %2847, %2866
                            32    %2868 = f2f32 %2834
                            32    %2869 = fmul %2867, %2868
                            32    %2870 = fadd %2869, %2696
                            1     %2871 = ult %1777 (0x3), %1698
                                          // succs: b110 b111
                            if %2871 {
                                block b110:   // preds: b109
                                32    %2872 = iadd %2823, %2702
                                32    %2873 = ushr %2872, %1772 (0x5)
                                32    %2874 = iadd %1774, %2873
                                32    %2875 = imul %2874, %2724 (0x22)
                                32    %2876 = iadd %10 (0x2), %2875
                                32    %2877 = iadd %2876, %2704
                                32    %2878 = iand %2876, %1788 (0xfffffffc)
                                32    %2879 = iadd %2878, %2704
                                32x3  %2880 = @load_ssbo (%2730, %2879) (access=readonly|reorderable, align_mul=4, align_offset=0, offset_shift=0)
                                32    %2881 = alignbyte_amd %2880.y, %2880.x, %2877
                                32    %2882 = alignbyte_amd %2880.z, %2880.y, %2877
                                16    %2883 = @load_ssbo (%2730, %2875) (access=readonly|reorderable, align_mul=2, align_offset=0, offset_shift=0)
                                16x2  %2884 = unpack_32_2x16 %2881
                                32    %2885 = i2i32 %2884.y
                                8x4   %2886 = unpack_32_4x8 %2885
                                32    %2887 = i2f32 %2886.y
                                32    %2888 = fmul %2717.w, %2887
                                32    %2889 = i2f32 %2886.x
                                32    %2890 = fmul %2717.z, %2889
                                32    %2891 = i2i32 %2884.x
                                8x4   %2892 = unpack_32_4x8 %2891
                                32    %2893 = i2f32 %2892.y
                                32    %2894 = fmul %2717.y, %2893
                                32    %2895 = i2f32 %2892.x
                                32    %2896 = fmul %2717.x, %2895
                                16x2  %2897 = unpack_32_2x16 %2882
                                32    %2898 = i2i32 %2897.y
                                8x4   %2899 = unpack_32_4x8 %2898
                                32    %2900 = i2f32 %2899.y
                                32    %2901 = fmul %2719.w, %2900
                                32    %2902 = i2f32 %2899.x
                                32    %2903 = fmul %2719.z, %2902
                                32    %2904 = fadd %2901, %2903
                                32    %2905 = i2i32 %2897.x
                                8x4   %2906 = unpack_32_4x8 %2905
                                32    %2907 = i2f32 %2906.y
                                32    %2908 = fmul %2719.y, %2907
                                32    %2909 = fadd %2904, %2908
                                32    %2910 = i2f32 %2906.x
                                32    %2911 = fmul %2719.x, %2910
                                32    %2912 = fadd %2909, %2911
                                32    %2913 = fadd %2890, %2912
                                32    %2914 = fadd %2888, %2913
                                32    %2915 = fadd %2894, %2914
                                32    %2916 = fadd %2896, %2915
                                32    %2917 = f2f32 %2883
                                32    %2918 = fmul %2916, %2917
                                32    %2919 = fadd %2918, %2695
                                              // succs: b112
                            } else {
                                block b111:  // preds: b109, succs: b112
                            }
                            block b112:   // preds: b110 b111
                            32    %2920 = phi b110: %2919, b111: %2695
                                          // succs: b114
                        } else {
                            block b113:  // preds: b108, succs: b114
                        }
                        block b114:   // preds: b112 b113
                        32    %2921 = phi b112: %2920, b113: %2695
                        32    %2922 = phi b112: %2870, b113: %2696
                                      // succs: b116
                    } else {
                        block b115:  // preds: b107, succs: b116
                    }
                    block b116:   // preds: b114 b115
                    32    %2923 = phi b114: %2921, b115: %2695
                    32    %2924 = phi b114: %2922, b115: %2696
                    32    %2925 = phi b114: %2820, b115: %2697
                                  // succs: b118
                } else {
                    block b117:  // preds: b106, succs: b118
                }
                block b118:   // preds: b116 b117
                32    %2926 = phi b116: %2923, b117: %2695
                32    %2927 = phi b116: %2924, b117: %2696
                32    %2928 = phi b116: %2925, b117: %2697
                32    %2929 = phi b116: %2770, b117: %2698
                32    %2930 = load_const (0x00000200 = 512)
                32    %2931 = iadd %2701, %2930 (0x200)
                32    %2932 = iadd %2931, %1778
                32    %2933 = iand %2932, %2703 (0x1f)
                32    %2934 = isub %2932, %2933
                32    %2935 = iadd %2706, %2934
                32    %2936 = iadd %2935, %2933
                              // succs: b119 b129
                if %2714 {
                    block b119:   // preds: b118
                    32    %2937 = ushr %2936, %10 (0x2)
                    32    %2938 = ishl %2937, %12 (0x4)
                    32x4  %2939 = @load_ssbo (%2712, %2938) (access=readonly|reorderable, align_mul=16, align_offset=0, offset_shift=0)
                    32    %2940 = iadd %2938, %1790 (0x10)
                    32x4  %2941 = @load_ssbo (%2712, %2940) (access=readonly|reorderable, align_mul=16, align_offset=0, offset_shift=0)
                    32    %2942 = iadd %2713, %2932
                    32    %2943 = iadd %2713, %1776
                    32    %2944 = ushr %2942, %1772 (0x5)
                    32    %2945 = iadd %1774, %2944
                    32    %2946 = load_const (0x00000022 = 34)
                    32    %2947 = imul %2945, %2946 (0x22)
                    32    %2948 = iadd %10 (0x2), %2947
                    32    %2949 = iadd %2948, %2933
                    32    %2950 = iand %2948, %1788 (0xfffffffc)
                    32    %2951 = iadd %2950, %2933
                    32x4  %2952 = @load_global_amd (%2711, %4 (0x0)) (base=0, access=readonly|reorderable|speculatable|smem-amd, align_mul=4, align_offset=0)
                    32x3  %2953 = @load_ssbo (%2952, %2951) (access=readonly|reorderable, align_mul=4, align_offset=0, offset_shift=0)
                    32    %2954 = alignbyte_amd %2953.y, %2953.x, %2949
                    32    %2955 = alignbyte_amd %2953.z, %2953.y, %2949
                    16    %2956 = @load_ssbo (%2952, %2947) (access=readonly|reorderable, align_mul=2, align_offset=0, offset_shift=0)
                    16x2  %2957 = unpack_32_2x16 %2954
                    32    %2958 = i2i32 %2957.y
                    8x4   %2959 = unpack_32_4x8 %2958
                    32    %2960 = i2f32 %2959.y
                    32    %2961 = fmul %2939.w, %2960
                    32    %2962 = i2f32 %2959.x
                    32    %2963 = fmul %2939.z, %2962
                    32    %2964 = i2i32 %2957.x
                    8x4   %2965 = unpack_32_4x8 %2964
                    32    %2966 = i2f32 %2965.y
                    32    %2967 = fmul %2939.y, %2966
                    32    %2968 = i2f32 %2965.x
                    32    %2969 = fmul %2939.x, %2968
                    16x2  %2970 = unpack_32_2x16 %2955
                    32    %2971 = i2i32 %2970.y
                    8x4   %2972 = unpack_32_4x8 %2971
                    32    %2973 = i2f32 %2972.y
                    32    %2974 = fmul %2941.w, %2973
                    32    %2975 = i2f32 %2972.x
                    32    %2976 = fmul %2941.z, %2975
                    32    %2977 = fadd %2974, %2976
                    32    %2978 = i2i32 %2970.x
                    8x4   %2979 = unpack_32_4x8 %2978
                    32    %2980 = i2f32 %2979.y
                    32    %2981 = fmul %2941.y, %2980
                    32    %2982 = fadd %2977, %2981
                    32    %2983 = i2f32 %2979.x
                    32    %2984 = fmul %2941.x, %2983
                    32    %2985 = fadd %2982, %2984
                    32    %2986 = fadd %2963, %2985
                    32    %2987 = fadd %2961, %2986
                    32    %2988 = fadd %2967, %2987
                    32    %2989 = fadd %2969, %2988
                    32    %2990 = f2f32 %2956
                    32    %2991 = fmul %2989, %2990
                    32    %2992 = fadd %2991, %2929
                    1     %2993 = ult %1787 (0x1), %1698
                                  // succs: b120 b127
                    if %2993 {
                        block b120:   // preds: b119
                        32    %2994 = iadd %2943, %2932
                        32    %2995 = iadd %2943, %1776
                        32    %2996 = ushr %2994, %1772 (0x5)
                        32    %2997 = iadd %1774, %2996
                        32    %2998 = imul %2997, %2946 (0x22)
                        32    %2999 = iadd %10 (0x2), %2998
                        32    %3000 = iadd %2999, %2933
                        32    %3001 = iand %2999, %1788 (0xfffffffc)
                        32    %3002 = iadd %3001, %2933
                        32x3  %3003 = @load_ssbo (%2952, %3002) (access=readonly|reorderable, align_mul=4, align_offset=0, offset_shift=0)
                        32    %3004 = alignbyte_amd %3003.y, %3003.x, %3000
                        32    %3005 = alignbyte_amd %3003.z, %3003.y, %3000
                        16    %3006 = @load_ssbo (%2952, %2998) (access=readonly|reorderable, align_mul=2, align_offset=0, offset_shift=0)
                        16x2  %3007 = unpack_32_2x16 %3004
                        32    %3008 = i2i32 %3007.y
                        8x4   %3009 = unpack_32_4x8 %3008
                        32    %3010 = i2f32 %3009.y
                        32    %3011 = fmul %2939.w, %3010
                        32    %3012 = i2f32 %3009.x
                        32    %3013 = fmul %2939.z, %3012
                        32    %3014 = i2i32 %3007.x
                        8x4   %3015 = unpack_32_4x8 %3014
                        32    %3016 = i2f32 %3015.y
                        32    %3017 = fmul %2939.y, %3016
                        32    %3018 = i2f32 %3015.x
                        32    %3019 = fmul %2939.x, %3018
                        16x2  %3020 = unpack_32_2x16 %3005
                        32    %3021 = i2i32 %3020.y
                        8x4   %3022 = unpack_32_4x8 %3021
                        32    %3023 = i2f32 %3022.y
                        32    %3024 = fmul %2941.w, %3023
                        32    %3025 = i2f32 %3022.x
                        32    %3026 = fmul %2941.z, %3025
                        32    %3027 = fadd %3024, %3026
                        32    %3028 = i2i32 %3020.x
                        8x4   %3029 = unpack_32_4x8 %3028
                        32    %3030 = i2f32 %3029.y
                        32    %3031 = fmul %2941.y, %3030
                        32    %3032 = fadd %3027, %3031
                        32    %3033 = i2f32 %3029.x
                        32    %3034 = fmul %2941.x, %3033
                        32    %3035 = fadd %3032, %3034
                        32    %3036 = fadd %3013, %3035
                        32    %3037 = fadd %3011, %3036
                        32    %3038 = fadd %3017, %3037
                        32    %3039 = fadd %3019, %3038
                        32    %3040 = f2f32 %3006
                        32    %3041 = fmul %3039, %3040
                        32    %3042 = fadd %3041, %2928
                        1     %3043 = ult %10 (0x2), %1698
                                      // succs: b121 b125
                        if %3043 {
                            block b121:   // preds: b120
                            32    %3044 = iadd %2995, %2932
                            32    %3045 = iadd %2995, %1776
                            32    %3046 = ushr %3044, %1772 (0x5)
                            32    %3047 = iadd %1774, %3046
                            32    %3048 = imul %3047, %2946 (0x22)
                            32    %3049 = iadd %10 (0x2), %3048
                            32    %3050 = iadd %3049, %2933
                            32    %3051 = iand %3049, %1788 (0xfffffffc)
                            32    %3052 = iadd %3051, %2933
                            32x3  %3053 = @load_ssbo (%2952, %3052) (access=readonly|reorderable, align_mul=4, align_offset=0, offset_shift=0)
                            32    %3054 = alignbyte_amd %3053.y, %3053.x, %3050
                            32    %3055 = alignbyte_amd %3053.z, %3053.y, %3050
                            16    %3056 = @load_ssbo (%2952, %3048) (access=readonly|reorderable, align_mul=2, align_offset=0, offset_shift=0)
                            16x2  %3057 = unpack_32_2x16 %3054
                            32    %3058 = i2i32 %3057.y
                            8x4   %3059 = unpack_32_4x8 %3058
                            32    %3060 = i2f32 %3059.y
                            32    %3061 = fmul %2939.w, %3060
                            32    %3062 = i2f32 %3059.x
                            32    %3063 = fmul %2939.z, %3062
                            32    %3064 = i2i32 %3057.x
                            8x4   %3065 = unpack_32_4x8 %3064
                            32    %3066 = i2f32 %3065.y
                            32    %3067 = fmul %2939.y, %3066
                            32    %3068 = i2f32 %3065.x
                            32    %3069 = fmul %2939.x, %3068
                            16x2  %3070 = unpack_32_2x16 %3055
                            32    %3071 = i2i32 %3070.y
                            8x4   %3072 = unpack_32_4x8 %3071
                            32    %3073 = i2f32 %3072.y
                            32    %3074 = fmul %2941.w, %3073
                            32    %3075 = i2f32 %3072.x
                            32    %3076 = fmul %2941.z, %3075
                            32    %3077 = fadd %3074, %3076
                            32    %3078 = i2i32 %3070.x
                            8x4   %3079 = unpack_32_4x8 %3078
                            32    %3080 = i2f32 %3079.y
                            32    %3081 = fmul %2941.y, %3080
                            32    %3082 = fadd %3077, %3081
                            32    %3083 = i2f32 %3079.x
                            32    %3084 = fmul %2941.x, %3083
                            32    %3085 = fadd %3082, %3084
                            32    %3086 = fadd %3063, %3085
                            32    %3087 = fadd %3061, %3086
                            32    %3088 = fadd %3067, %3087
                            32    %3089 = fadd %3069, %3088
                            32    %3090 = f2f32 %3056
                            32    %3091 = fmul %3089, %3090
                            32    %3092 = fadd %3091, %2927
                            1     %3093 = ult %1777 (0x3), %1698
                                          // succs: b122 b123
                            if %3093 {
                                block b122:   // preds: b121
                                32    %3094 = iadd %3045, %2932
                                32    %3095 = ushr %3094, %1772 (0x5)
                                32    %3096 = iadd %1774, %3095
                                32    %3097 = imul %3096, %2946 (0x22)
                                32    %3098 = iadd %10 (0x2), %3097
                                32    %3099 = iadd %3098, %2933
                                32    %3100 = iand %3098, %1788 (0xfffffffc)
                                32    %3101 = iadd %3100, %2933
                                32x3  %3102 = @load_ssbo (%2952, %3101) (access=readonly|reorderable, align_mul=4, align_offset=0, offset_shift=0)
                                32    %3103 = alignbyte_amd %3102.y, %3102.x, %3099
                                32    %3104 = alignbyte_amd %3102.z, %3102.y, %3099
                                16    %3105 = @load_ssbo (%2952, %3097) (access=readonly|reorderable, align_mul=2, align_offset=0, offset_shift=0)
                                16x2  %3106 = unpack_32_2x16 %3103
                                32    %3107 = i2i32 %3106.y
                                8x4   %3108 = unpack_32_4x8 %3107
                                32    %3109 = i2f32 %3108.y
                                32    %3110 = fmul %2939.w, %3109
                                32    %3111 = i2f32 %3108.x
                                32    %3112 = fmul %2939.z, %3111
                                32    %3113 = i2i32 %3106.x
                                8x4   %3114 = unpack_32_4x8 %3113
                                32    %3115 = i2f32 %3114.y
                                32    %3116 = fmul %2939.y, %3115
                                32    %3117 = i2f32 %3114.x
                                32    %3118 = fmul %2939.x, %3117
                                16x2  %3119 = unpack_32_2x16 %3104
                                32    %3120 = i2i32 %3119.y
                                8x4   %3121 = unpack_32_4x8 %3120
                                32    %3122 = i2f32 %3121.y
                                32    %3123 = fmul %2941.w, %3122
                                32    %3124 = i2f32 %3121.x
                                32    %3125 = fmul %2941.z, %3124
                                32    %3126 = fadd %3123, %3125
                                32    %3127 = i2i32 %3119.x
                                8x4   %3128 = unpack_32_4x8 %3127
                                32    %3129 = i2f32 %3128.y
                                32    %3130 = fmul %2941.y, %3129
                                32    %3131 = fadd %3126, %3130
                                32    %3132 = i2f32 %3128.x
                                32    %3133 = fmul %2941.x, %3132
                                32    %3134 = fadd %3131, %3133
                                32    %3135 = fadd %3112, %3134
                                32    %3136 = fadd %3110, %3135
                                32    %3137 = fadd %3116, %3136
                                32    %3138 = fadd %3118, %3137
                                32    %3139 = f2f32 %3105
                                32    %3140 = fmul %3138, %3139
                                32    %3141 = fadd %3140, %2926
                                              // succs: b124
                            } else {
                                block b123:  // preds: b121, succs: b124
                            }
                            block b124:   // preds: b122 b123
                            32    %3142 = phi b122: %3141, b123: %2926
                                          // succs: b126
                        } else {
                            block b125:  // preds: b120, succs: b126
                        }
                        block b126:   // preds: b124 b125
                        32    %3143 = phi b124: %3142, b125: %2926
                        32    %3144 = phi b124: %3092, b125: %2927
                                      // succs: b128
                    } else {
                        block b127:  // preds: b119, succs: b128
                    }
                    block b128:   // preds: b126 b127
                    32    %3145 = phi b126: %3143, b127: %2926
                    32    %3146 = phi b126: %3144, b127: %2927
                    32    %3147 = phi b126: %3042, b127: %2928
                                  // succs: b130
                } else {
                    block b129:  // preds: b118, succs: b130
                }
                block b130:   // preds: b128 b129
                32    %3148 = phi b128: %3145, b129: %2926
                32    %3149 = phi b128: %3146, b129: %2927
                32    %3150 = phi b128: %3147, b129: %2928
                32    %3151 = phi b128: %2992, b129: %2929
                32    %3152 = iadd %10 (0x2), %2699
                              // succs: b103
            }
            block b131:  // preds: b104, succs: b132
            loop {
                block b132:   // preds: b131 b147
                32    %3153 = phi b131: %2695, b147: %3384
                32    %3154 = phi b131: %2696, b147: %3385
                32    %3155 = phi b131: %2697, b147: %3386
                32    %3156 = phi b131: %2698, b147: %3387
                32    %3157 = phi b131: %2699, b147: %3388
                1     %3158 = uge %3157, %1786
                              // succs: b133 b134
                if %3158 {
                    block b133:// preds: b132
                    break
                    // succs: b148
                } else {
                    block b134:  // preds: b132, succs: b135
                }
                block b135:   // preds: b134
                32    %3159 = ishl %3157, %1784 (0x9)
                32    %3160 = iadd %3159, %1778
                32    %3161 = load_const (0x0000001f = 31)
                32    %3162 = iand %3160, %3161 (0x1f)
                32    %3163 = isub %3160, %3162
                32    %3164 = imul %1771, %1704
                32    %3165 = iadd %3164, %3163
                32    %3166 = iadd %3165, %3162
                32    %3167 = @load_scalar_arg_amd (base=1, arg_upper_bound_u32_amd=0, arg_num_lsb_zero=2)
                32    %3168 = load_const (0xffff8000 = -32768 = 4294934528)
                64    %3169 = pack_64_2x32_split %3167, %3168 (0xffff8000)
                32x4  %3170 = @load_global_amd (%3169, %4 (0x0)) (base=16, access=readonly|reorderable|speculatable|smem-amd, align_mul=4, align_offset=0)
                32    %3171 = imul %11, %1776
                1     %3172 = ine %1698, %4 (0x0)
                              // succs: b136 b146
                if %3172 {
                    block b136:   // preds: b135
                    32    %3173 = ushr %3166, %10 (0x2)
                    32    %3174 = ishl %3173, %12 (0x4)
                    32x4  %3175 = @load_ssbo (%3170, %3174) (access=readonly|reorderable, align_mul=16, align_offset=0, offset_shift=0)
                    32    %3176 = iadd %3174, %1790 (0x10)
                    32x4  %3177 = @load_ssbo (%3170, %3176) (access=readonly|reorderable, align_mul=16, align_offset=0, offset_shift=0)
                    32    %3178 = iadd %3171, %3160
                    32    %3179 = iadd %3171, %1776
                    32    %3180 = ushr %3178, %1772 (0x5)
                    32    %3181 = iadd %1774, %3180
                    32    %3182 = load_const (0x00000022 = 34)
                    32    %3183 = imul %3181, %3182 (0x22)
                    32    %3184 = iadd %10 (0x2), %3183
                    32    %3185 = iadd %3184, %3162
                    32    %3186 = iand %3184, %1788 (0xfffffffc)
                    32    %3187 = iadd %3186, %3162
                    32x4  %3188 = @load_global_amd (%3169, %4 (0x0)) (base=0, access=readonly|reorderable|speculatable|smem-amd, align_mul=4, align_offset=0)
                    32x3  %3189 = @load_ssbo (%3188, %3187) (access=readonly|reorderable, align_mul=4, align_offset=0, offset_shift=0)
                    32    %3190 = alignbyte_amd %3189.y, %3189.x, %3185
                    32    %3191 = alignbyte_amd %3189.z, %3189.y, %3185
                    16    %3192 = @load_ssbo (%3188, %3183) (access=readonly|reorderable, align_mul=2, align_offset=0, offset_shift=0)
                    16x2  %3193 = unpack_32_2x16 %3190
                    32    %3194 = i2i32 %3193.y
                    8x4   %3195 = unpack_32_4x8 %3194
                    32    %3196 = i2f32 %3195.y
                    32    %3197 = fmul %3175.w, %3196
                    32    %3198 = i2f32 %3195.x
                    32    %3199 = fmul %3175.z, %3198
                    32    %3200 = i2i32 %3193.x
                    8x4   %3201 = unpack_32_4x8 %3200
                    32    %3202 = i2f32 %3201.y
                    32    %3203 = fmul %3175.y, %3202
                    32    %3204 = i2f32 %3201.x
                    32    %3205 = fmul %3175.x, %3204
                    16x2  %3206 = unpack_32_2x16 %3191
                    32    %3207 = i2i32 %3206.y
                    8x4   %3208 = unpack_32_4x8 %3207
                    32    %3209 = i2f32 %3208.y
                    32    %3210 = fmul %3177.w, %3209
                    32    %3211 = i2f32 %3208.x
                    32    %3212 = fmul %3177.z, %3211
                    32    %3213 = fadd %3210, %3212
                    32    %3214 = i2i32 %3206.x
                    8x4   %3215 = unpack_32_4x8 %3214
                    32    %3216 = i2f32 %3215.y
                    32    %3217 = fmul %3177.y, %3216
                    32    %3218 = fadd %3213, %3217
                    32    %3219 = i2f32 %3215.x
                    32    %3220 = fmul %3177.x, %3219
                    32    %3221 = fadd %3218, %3220
                    32    %3222 = fadd %3199, %3221
                    32    %3223 = fadd %3197, %3222
                    32    %3224 = fadd %3203, %3223
                    32    %3225 = fadd %3205, %3224
                    32    %3226 = f2f32 %3192
                    32    %3227 = fmul %3225, %3226
                    32    %3228 = fadd %3227, %3156
                    1     %3229 = ult %1787 (0x1), %1698
                                  // succs: b137 b144
                    if %3229 {
                        block b137:   // preds: b136
                        32    %3230 = iadd %3179, %3160
                        32    %3231 = iadd %3179, %1776
                        32    %3232 = ushr %3230, %1772 (0x5)
                        32    %3233 = iadd %1774, %3232
                        32    %3234 = imul %3233, %3182 (0x22)
                        32    %3235 = iadd %10 (0x2), %3234
                        32    %3236 = iadd %3235, %3162
                        32    %3237 = iand %3235, %1788 (0xfffffffc)
                        32    %3238 = iadd %3237, %3162
                        32x3  %3239 = @load_ssbo (%3188, %3238) (access=readonly|reorderable, align_mul=4, align_offset=0, offset_shift=0)
                        32    %3240 = alignbyte_amd %3239.y, %3239.x, %3236
                        32    %3241 = alignbyte_amd %3239.z, %3239.y, %3236
                        16    %3242 = @load_ssbo (%3188, %3234) (access=readonly|reorderable, align_mul=2, align_offset=0, offset_shift=0)
                        16x2  %3243 = unpack_32_2x16 %3240
                        32    %3244 = i2i32 %3243.y
                        8x4   %3245 = unpack_32_4x8 %3244
                        32    %3246 = i2f32 %3245.y
                        32    %3247 = fmul %3175.w, %3246
                        32    %3248 = i2f32 %3245.x
                        32    %3249 = fmul %3175.z, %3248
                        32    %3250 = i2i32 %3243.x
                        8x4   %3251 = unpack_32_4x8 %3250
                        32    %3252 = i2f32 %3251.y
                        32    %3253 = fmul %3175.y, %3252
                        32    %3254 = i2f32 %3251.x
                        32    %3255 = fmul %3175.x, %3254
                        16x2  %3256 = unpack_32_2x16 %3241
                        32    %3257 = i2i32 %3256.y
                        8x4   %3258 = unpack_32_4x8 %3257
                        32    %3259 = i2f32 %3258.y
                        32    %3260 = fmul %3177.w, %3259
                        32    %3261 = i2f32 %3258.x
                        32    %3262 = fmul %3177.z, %3261
                        32    %3263 = fadd %3260, %3262
                        32    %3264 = i2i32 %3256.x
                        8x4   %3265 = unpack_32_4x8 %3264
                        32    %3266 = i2f32 %3265.y
                        32    %3267 = fmul %3177.y, %3266
                        32    %3268 = fadd %3263, %3267
                        32    %3269 = i2f32 %3265.x
                        32    %3270 = fmul %3177.x, %3269
                        32    %3271 = fadd %3268, %3270
                        32    %3272 = fadd %3249, %3271
                        32    %3273 = fadd %3247, %3272
                        32    %3274 = fadd %3253, %3273
                        32    %3275 = fadd %3255, %3274
                        32    %3276 = f2f32 %3242
                        32    %3277 = fmul %3275, %3276
                        32    %3278 = fadd %3277, %3155
                        1     %3279 = ult %10 (0x2), %1698
                                      // succs: b138 b142
                        if %3279 {
                            block b138:   // preds: b137
                            32    %3280 = iadd %3231, %3160
                            32    %3281 = iadd %3231, %1776
                            32    %3282 = ushr %3280, %1772 (0x5)
                            32    %3283 = iadd %1774, %3282
                            32    %3284 = imul %3283, %3182 (0x22)
                            32    %3285 = iadd %10 (0x2), %3284
                            32    %3286 = iadd %3285, %3162
                            32    %3287 = iand %3285, %1788 (0xfffffffc)
                            32    %3288 = iadd %3287, %3162
                            32x3  %3289 = @load_ssbo (%3188, %3288) (access=readonly|reorderable, align_mul=4, align_offset=0, offset_shift=0)
                            32    %3290 = alignbyte_amd %3289.y, %3289.x, %3286
                            32    %3291 = alignbyte_amd %3289.z, %3289.y, %3286
                            16    %3292 = @load_ssbo (%3188, %3284) (access=readonly|reorderable, align_mul=2, align_offset=0, offset_shift=0)
                            16x2  %3293 = unpack_32_2x16 %3290
                            32    %3294 = i2i32 %3293.y
                            8x4   %3295 = unpack_32_4x8 %3294
                            32    %3296 = i2f32 %3295.y
                            32    %3297 = fmul %3175.w, %3296
                            32    %3298 = i2f32 %3295.x
                            32    %3299 = fmul %3175.z, %3298
                            32    %3300 = i2i32 %3293.x
                            8x4   %3301 = unpack_32_4x8 %3300
                            32    %3302 = i2f32 %3301.y
                            32    %3303 = fmul %3175.y, %3302
                            32    %3304 = i2f32 %3301.x
                            32    %3305 = fmul %3175.x, %3304
                            16x2  %3306 = unpack_32_2x16 %3291
                            32    %3307 = i2i32 %3306.y
                            8x4   %3308 = unpack_32_4x8 %3307
                            32    %3309 = i2f32 %3308.y
                            32    %3310 = fmul %3177.w, %3309
                            32    %3311 = i2f32 %3308.x
                            32    %3312 = fmul %3177.z, %3311
                            32    %3313 = fadd %3310, %3312
                            32    %3314 = i2i32 %3306.x
                            8x4   %3315 = unpack_32_4x8 %3314
                            32    %3316 = i2f32 %3315.y
                            32    %3317 = fmul %3177.y, %3316
                            32    %3318 = fadd %3313, %3317
                            32    %3319 = i2f32 %3315.x
                            32    %3320 = fmul %3177.x, %3319
                            32    %3321 = fadd %3318, %3320
                            32    %3322 = fadd %3299, %3321
                            32    %3323 = fadd %3297, %3322
                            32    %3324 = fadd %3303, %3323
                            32    %3325 = fadd %3305, %3324
                            32    %3326 = f2f32 %3292
                            32    %3327 = fmul %3325, %3326
                            32    %3328 = fadd %3327, %3154
                            1     %3329 = ult %1777 (0x3), %1698
                                          // succs: b139 b140
                            if %3329 {
                                block b139:   // preds: b138
                                32    %3330 = iadd %3281, %3160
                                32    %3331 = ushr %3330, %1772 (0x5)
                                32    %3332 = iadd %1774, %3331
                                32    %3333 = imul %3332, %3182 (0x22)
                                32    %3334 = iadd %10 (0x2), %3333
                                32    %3335 = iadd %3334, %3162
                                32    %3336 = iand %3334, %1788 (0xfffffffc)
                                32    %3337 = iadd %3336, %3162
                                32x3  %3338 = @load_ssbo (%3188, %3337) (access=readonly|reorderable, align_mul=4, align_offset=0, offset_shift=0)
                                32    %3339 = alignbyte_amd %3338.y, %3338.x, %3335
                                32    %3340 = alignbyte_amd %3338.z, %3338.y, %3335
                                16    %3341 = @load_ssbo (%3188, %3333) (access=readonly|reorderable, align_mul=2, align_offset=0, offset_shift=0)
                                16x2  %3342 = unpack_32_2x16 %3339
                                32    %3343 = i2i32 %3342.y
                                8x4   %3344 = unpack_32_4x8 %3343
                                32    %3345 = i2f32 %3344.y
                                32    %3346 = fmul %3175.w, %3345
                                32    %3347 = i2f32 %3344.x
                                32    %3348 = fmul %3175.z, %3347
                                32    %3349 = i2i32 %3342.x
                                8x4   %3350 = unpack_32_4x8 %3349
                                32    %3351 = i2f32 %3350.y
                                32    %3352 = fmul %3175.y, %3351
                                32    %3353 = i2f32 %3350.x
                                32    %3354 = fmul %3175.x, %3353
                                16x2  %3355 = unpack_32_2x16 %3340
                                32    %3356 = i2i32 %3355.y
                                8x4   %3357 = unpack_32_4x8 %3356
                                32    %3358 = i2f32 %3357.y
                                32    %3359 = fmul %3177.w, %3358
                                32    %3360 = i2f32 %3357.x
                                32    %3361 = fmul %3177.z, %3360
                                32    %3362 = fadd %3359, %3361
                                32    %3363 = i2i32 %3355.x
                                8x4   %3364 = unpack_32_4x8 %3363
                                32    %3365 = i2f32 %3364.y
                                32    %3366 = fmul %3177.y, %3365
                                32    %3367 = fadd %3362, %3366
                                32    %3368 = i2f32 %3364.x
                                32    %3369 = fmul %3177.x, %3368
                                32    %3370 = fadd %3367, %3369
                                32    %3371 = fadd %3348, %3370
                                32    %3372 = fadd %3346, %3371
                                32    %3373 = fadd %3352, %3372
                                32    %3374 = fadd %3354, %3373
                                32    %3375 = f2f32 %3341
                                32    %3376 = fmul %3374, %3375
                                32    %3377 = fadd %3376, %3153
                                              // succs: b141
                            } else {
                                block b140:  // preds: b138, succs: b141
                            }
                            block b141:   // preds: b139 b140
                            32    %3378 = phi b139: %3377, b140: %3153
                                          // succs: b143
                        } else {
                            block b142:  // preds: b137, succs: b143
                        }
                        block b143:   // preds: b141 b142
                        32    %3379 = phi b141: %3378, b142: %3153
                        32    %3380 = phi b141: %3328, b142: %3154
                                      // succs: b145
                    } else {
                        block b144:  // preds: b136, succs: b145
                    }
                    block b145:   // preds: b143 b144
                    32    %3381 = phi b143: %3379, b144: %3153
                    32    %3382 = phi b143: %3380, b144: %3154
                    32    %3383 = phi b143: %3278, b144: %3155
                                  // succs: b147
                } else {
                    block b146:  // preds: b135, succs: b147
                }
                block b147:   // preds: b145 b146
                32    %3384 = phi b145: %3381, b146: %3153
                32    %3385 = phi b145: %3382, b146: %3154
                32    %3386 = phi b145: %3383, b146: %3155
                32    %3387 = phi b145: %3228, b146: %3156
                32    %3388 = iadd %3157, %1787 (0x1)
                              // succs: b132
            }
            block b148:   // preds: b133
            1     %3389 = ine %1698, %4 (0x0)
                          // succs: b149 b159
            if %3389 {
                block b149:   // preds: b148
                32    %3390 = @reduce (%3156) (reduction_op=fadd, cluster_size=0)
                1     %3391 = ult %1787 (0x1), %1698
                              // succs: b150 b157
                if %3391 {
                    block b150:   // preds: b149
                    32    %3392 = @reduce (%3155) (reduction_op=fadd, cluster_size=0)
                    1     %3393 = ult %10 (0x2), %1698
                                  // succs: b151 b155
                    if %3393 {
                        block b151:   // preds: b150
                        32    %3394 = @reduce (%3154) (reduction_op=fadd, cluster_size=0)
                        1     %3395 = ult %1777 (0x3), %1698
                                      // succs: b152 b153
                        if %3395 {
                            block b152:   // preds: b151
                            32    %3396 = @reduce (%3153) (reduction_op=fadd, cluster_size=0)
                                          // succs: b154
                        } else {
                            block b153:  // preds: b151, succs: b154
                        }
                        block b154:   // preds: b152 b153
                        32    %3397 = phi b152: %3396, b153: %3153
                                      // succs: b156
                    } else {
                        block b155:  // preds: b150, succs: b156
                    }
                    block b156:   // preds: b154 b155
                    32    %3398 = phi b154: %3397, b155: %3153
                    32    %3399 = phi b154: %3394, b155: %3154
                                  // succs: b158
                } else {
                    block b157:  // preds: b149, succs: b158
                }
                block b158:   // preds: b156 b157
                32    %3400 = phi b156: %3398, b157: %3153
                32    %3401 = phi b156: %3399, b157: %3154
                32    %3402 = phi b156: %3392, b157: %3155
                              // succs: b160
            } else {
                block b159:  // preds: b148, succs: b160
            }
            block b160:   // preds: b158 b159
            32    %3403 = phi b158: %3400, b159: %3153
            32    %3404 = phi b158: %3401, b159: %3154
            32    %3405 = phi b158: %3402, b159: %3155
            32    %3406 = phi b158: %3390, b159: %3156
            64    %3407 = load_const (0x0000000000000001 = 0.000000)
            1     %3408 = @inverse_ballot (%3407 (0x1))
            1     %3409 = iand %3389, %3408
                          // succs: b161 b171
            if %3409 {
                block b161:   // preds: b160
                              @store_shared (%3406, %4 (0x0)) (base=0, access=none, wrmask=x, align_mul=1073741824, align_offset=0)
                1     %3410 = ult %1787 (0x1), %1698
                              // succs: b162 b169
                if %3410 {
                    block b162:   // preds: b161
                                  @store_shared (%3405, %4 (0x0)) (base=4, access=none, wrmask=x, align_mul=1073741824, align_offset=4)
                    1     %3411 = ult %10 (0x2), %1698
                                  // succs: b163 b167
                    if %3411 {
                        block b163:   // preds: b162
                                      @store_shared (%3404, %4 (0x0)) (base=8, access=none, wrmask=x, align_mul=1073741824, align_offset=8)
                        1     %3412 = ult %1777 (0x3), %1698
                                      // succs: b164 b165
                        if %3412 {
                            block b164:// preds: b163
                            @store_shared (%3403, %4 (0x0)) (base=12, access=none, wrmask=x, align_mul=1073741824, align_offset=12)
                            // succs: b166
                        } else {
                            block b165:  // preds: b163, succs: b166
                        }
                        block b166:  // preds: b164 b165, succs: b168
                    } else {
                        block b167:  // preds: b162, succs: b168
                    }
                    block b168:  // preds: b166 b167, succs: b170
                } else {
                    block b169:  // preds: b161, succs: b170
                }
                block b170:  // preds: b168 b169, succs: b172
            } else {
                block b171:  // preds: b160, succs: b172
            }
            block b172:// preds: b170 b171
            @barrier (execution_scope=WORKGROUP, memory_scope=WORKGROUP, mem_semantics=ACQ|REL, mem_modes=shared)
            // succs: b173 b193
            if %3408 {
                block b173:   // preds: b172
                32    %3413 = umin %12 (0x4), %1698
                              // succs: b174
                loop  // unroll {
                    block b174:   // preds: b173 b191
                    32    %3414 = phi b173: %3403, b191: %3504
                    32    %3415 = phi b173: %3404, b191: %3505
                    32    %3416 = phi b173: %3405, b191: %3506
                    32    %3417 = phi b173: %3406, b191: %3507
                    32    %3418 = phi b173: %4 (0x0), b191: %3519
                    1     %3419 = uge %3418, %3413
                                  // succs: b175 b176
                    if %3419 {
                        block b175:// preds: b174
                        break
                        // succs: b192
                    } else {
                        block b176:  // preds: b174, succs: b177
                    }
                    block b177:   // preds: b176
                    1     %3420 = ilt %3418, %10 (0x2)
                    1     %3421 = ilt %3418, %1777 (0x3)
                    1     %3422 = ior %3420, %3421
                    32    %3423 = bcsel %3422, %3414, %4 (0x0)
                    1     %3424 = inot %3420
                    1     %3425 = iand %3421, %3424
                    32    %3426 = bcsel %3425, %4 (0x0), %3415
                    1     %3427 = ilt %3418, %1787 (0x1)
                    1     %3428 = inot %3427
                    1     %3429 = iand %3420, %3428
                    32    %3430 = bcsel %3429, %4 (0x0), %3416
                    1     %3431 = iand %3420, %3427
                    32    %3432 = bcsel %3431, %4 (0x0), %3417
                    32    %3433 = @load_scalar_arg_amd (base=17, arg_upper_bound_u32_amd=0, arg_num_lsb_zero=0)
                    32    %3434 = load_const (0x0000003f = 63)
                    32    %3435 = iand %3433, %3434 (0x3f)
                    1     %3436 = ine %3435, %4 (0x0)
                                  // succs: b178 b184
                    if %3436 {
                        block b178:   // preds: b177
                        32    %3437 = ishl %3418, %10 (0x2)
                        32    %3438 = @load_shared (%3437) (base=0, access=none, align_mul=4, align_offset=0)
                        32    %3439 = bcsel %3427, %3430, %3438
                        32    %3440 = bcsel %3427, %3438, %3432
                        32    %3441 = bcsel %3421, %3423, %3438
                        32    %3442 = bcsel %3421, %3438, %3426
                        32    %3443 = bcsel %3420, %3414, %3441
                        32    %3444 = bcsel %3420, %3415, %3442
                        32    %3445 = bcsel %3420, %3439, %3416
                        32    %3446 = bcsel %3420, %3440, %3417
                                      // succs: b179
                        loop {
                            block b179:   // preds: b178 b182
                            32    %3447 = phi b178: %3443, b182: %3454
                            32    %3448 = phi b178: %3444, b182: %3455
                            32    %3449 = phi b178: %3445, b182: %3456
                            32    %3450 = phi b178: %3446, b182: %3457
                            32    %3451 = phi b178: %1787 (0x1), b182: %3458
                            1     %3452 = uge %3451, %3435
                                          // succs: b180 b181
                            if %3452 {
                                block b180:// preds: b179
                                break
                                // succs: b183
                            } else {
                                block b181:  // preds: b179, succs: b182
                            }
                            block b182:   // preds: b181
                            32    %3453 = load_const (0x7fc00000 = nan)
                            32    %3454 = bcsel %3422, %3447, %3453 (0x7fc00000)
                            32    %3455 = bcsel %3425, %3453 (0x7fc00000), %3448
                            32    %3456 = bcsel %3429, %3453 (0x7fc00000), %3449
                            32    %3457 = bcsel %3431, %3453 (0x7fc00000), %3450
                            32    %3458 = iadd %3451, %1787 (0x1)
                                          // succs: b179
                        }
                        block b183:  // preds: b180, succs: b185
                    } else {
                        block b184:  // preds: b177, succs: b185
                    }
                    block b185:   // preds: b183 b184
                    32    %3459 = phi b183: %3447, b184: %3423
                    32    %3460 = phi b183: %3448, b184: %3426
                    32    %3461 = phi b183: %3449, b184: %3430
                    32    %3462 = phi b183: %3450, b184: %3432
                    32    %3463 = @load_scalar_arg_amd (base=7, arg_upper_bound_u32_amd=0, arg_num_lsb_zero=0)
                    1     %3464 = bitnz %3463, %4 (0x0)
                                  // succs: b186 b187
                    if %3464 {
                        block b186:   // preds: b185
                        32    %3465 = imul %1775, %1704
                        32    %3466 = iadd %3465, %11
                        32    %3467 = iadd %3466, %3418
                        32    %3468 = @load_scalar_arg_amd (base=1, arg_upper_bound_u32_amd=0, arg_num_lsb_zero=2)
                        32    %3469 = load_const (0xffff8000 = -32768 = 4294934528)
                        64    %3470 = pack_64_2x32_split %3468, %3469 (0xffff8000)
                        32x4  %3471 = @load_global_amd (%3470, %4 (0x0)) (base=48, access=readonly|reorderable|speculatable|smem-amd, align_mul=4, align_offset=0)
                        32    %3472 = ishl %3467, %10 (0x2)
                        32    %3473 = @load_ssbo (%3471, %3472) (access=readonly|reorderable|smem-amd, align_mul=4, align_offset=0, offset_shift=0)
                        32    %3474 = bcsel %3427, %3462, %3461
                        32    %3475 = bcsel %3421, %3460, %3459
                        32    %3476 = bcsel %3420, %3474, %3475
                        32    %3477 = fadd %3476, %3473
                        32    %3478 = bcsel %3422, %3459, %3477
                        32    %3479 = bcsel %3425, %3477, %3460
                        32    %3480 = bcsel %3429, %3477, %3461
                        32    %3481 = bcsel %3431, %3477, %3462
                                      // succs: b188
                    } else {
                        block b187:  // preds: b185, succs: b188
                    }
                    block b188:   // preds: b186 b187
                    32    %3482 = phi b186: %3478, b187: %3459
                    32    %3483 = phi b186: %3479, b187: %3460
                    32    %3484 = phi b186: %3480, b187: %3461
                    32    %3485 = phi b186: %3481, b187: %3462
                    1     %3486 = bitnz %3463, %1787 (0x1)
                                  // succs: b189 b190
                    if %3486 {
                        block b189:   // preds: b188
                        32    %3487 = imul %1775, %1704
                        32    %3488 = iadd %3487, %11
                        32    %3489 = iadd %3488, %3418
                        32    %3490 = @load_scalar_arg_amd (base=1, arg_upper_bound_u32_amd=0, arg_num_lsb_zero=2)
                        32    %3491 = load_const (0xffff8000 = -32768 = 4294934528)
                        64    %3492 = pack_64_2x32_split %3490, %3491 (0xffff8000)
                        32x4  %3493 = @load_global_amd (%3492, %4 (0x0)) (base=64, access=readonly|reorderable|speculatable|smem-amd, align_mul=4, align_offset=0)
                        32    %3494 = ishl %3489, %10 (0x2)
                        32    %3495 = @load_ssbo (%3493, %3494) (access=readonly|reorderable|smem-amd, align_mul=4, align_offset=0, offset_shift=0)
                        32    %3496 = bcsel %3427, %3485, %3484
                        32    %3497 = bcsel %3421, %3483, %3482
                        32    %3498 = bcsel %3420, %3496, %3497
                        32    %3499 = fadd %3498, %3495
                        32    %3500 = bcsel %3422, %3482, %3499
                        32    %3501 = bcsel %3425, %3499, %3483
                        32    %3502 = bcsel %3429, %3499, %3484
                        32    %3503 = bcsel %3431, %3499, %3485
                                      // succs: b191
                    } else {
                        block b190:  // preds: b188, succs: b191
                    }
                    block b191:   // preds: b189 b190
                    32    %3504 = phi b189: %3500, b190: %3482
                    32    %3505 = phi b189: %3501, b190: %3483
                    32    %3506 = phi b189: %3502, b190: %3484
                    32    %3507 = phi b189: %3503, b190: %3485
                    32    %3508 = imul %1775, %1704
                    32    %3509 = iadd %3508, %11
                    32    %3510 = iadd %3509, %3418
                    32    %3511 = bcsel %3427, %3507, %3506
                    32    %3512 = bcsel %3421, %3505, %3504
                    32    %3513 = bcsel %3420, %3511, %3512
                    32    %3514 = @load_scalar_arg_amd (base=1, arg_upper_bound_u32_amd=0, arg_num_lsb_zero=2)
                    32    %3515 = load_const (0xffff8000 = -32768 = 4294934528)
                    64    %3516 = pack_64_2x32_split %3514, %3515 (0xffff8000)
                    32x4  %3517 = @load_global_amd (%3516, %4 (0x0)) (base=32, access=readonly|reorderable|speculatable|smem-amd, align_mul=4, align_offset=0)
                    32    %3518 = ishl %3510, %10 (0x2)
                                  @store_ssbo (%3513, %3517, %3518) (wrmask=x, access=writeonly, align_mul=4, align_offset=0, offset_shift=0)
                    32    %3519 = iadd %3418, %1787 (0x1)
                                  // succs: b174
                }
                block b192:  // preds: b175, succs: b194
            } else {
                block b193:  // preds: b172, succs: b194
            }
            block b194:  // preds: b192 b193, succs: b196
        } else {
            block b195:  // preds: b45, succs: b196
        }
        block b196:  // preds: b194 b195, succs: b197
    }
    block b197:  // preds: b44 b196, succs: b198
    block b198:
}

After RA:
ACO shader stage: SW (CS), HW (COMPUTE_SHADER)
BB0
/* logical preds: / linear preds: / kind: uniform, top-level, */
	 s2: %3557:s[0-1],  s1: %3558:s[2],  s1: %3559:s[3],  s1: %3560:s[4],  s1: %3561:s[5],  s1: %3562:s[6],  s1: %3563:s[7],  s1: %3564:s[8],  s1: %3565:s[9],  s1: %3566:s[10],  s1: %3567:s[11],  s1: %3568:s[12],  s1: %3569:s[13],  s2: %3570:s[14-15],  s1: %3571:s[16],  s1: %3572:s[17],  s1: %3573:s[18],  s1: %3574:s[19],  s1: %3575:s[20],  v1: %3576:v[0],  v1: %3577:v[1],  v1: %3578:v[2] = p_startpgm
	 s2: %3580:s[0-1],  s1: %3579:scc = p_init_scratch %3557:s[0-1], %3575:s[20]
	p_logical_start
	 s1: %7:s[0] = s_load_dword %3570:s[14-15], 0 storage:buffer semantics:private,reorder
	 s1: %8:s[0] = s_mul_i32 %7:s[0], (is16bit)%3573:s[18]
	 s1: %9:s[16],  s1: %3585:scc = s_add_u32 %3571:s[16], %8:s[0]
	 s1: %12:s[16],  s1: %3586:scc = s_lshl_b32 %9:s[16], 2
	 s1: %14:s[1],  s1: %3587:scc = s_add_u32 %12:s[16], 4
	 s1: %3588:scc = s_cmp_ge_u32 %3560:s[4], %14:s[1]
	p_logical_end
	 lv1: %6461:v[39] = p_start_linear_vgpr
	p_cbranch_z %3588:scc BB55, BB1
BB1
/* logical preds: BB0, / linear preds: BB0, / kind: uniform, */
	p_logical_start
	 s1: %21:s[17],  s1: %3591:scc = s_add_u32 %3572:s[17], %3565:s[9]
	 s1: %3592:scc = s_cmp_lg_i32 %21:s[17], 0
	p_logical_end
	p_cbranch_z %3592:scc BB3, BB2
BB2
/* logical preds: BB1, / linear preds: BB1, / kind: uniform, */
	p_logical_start
	 v1: (precise)%24:v[1] = v_cvt_f32_u32 %3567:s[11]
	 v1: (precise)%25:v[1] = v_rcp_f32 %24:v[1]
	 v1: (precise)%26:v[1] = v_mul_f32 0x4f7ffffe, %25:v[1]
	 v1: (precise)%3595:v[1] = v_cvt_u32_f32 %26:v[1]
	 s1: (precise)%27:s[0] = p_as_uniform %3595:v[1]
	 s1: %28:s[1] = s_mul_i32 %3567:s[11], %27:s[0]
	 s1: %29:s[1],  s1: %3596:scc = s_sub_i32 0, %28:s[1]
	 s1: %30:s[1] = s_mul_hi_u32 %27:s[0], %29:s[1]
	 s1: %31:s[0],  s1: %3597:scc = s_add_u32 %27:s[0], %30:s[1]
	 s1: %32:s[0] = s_mul_hi_u32 %21:s[17], %31:s[0]
	 s1: %33:s[4] = s_mul_i32 %32:s[0], %3567:s[11]
	 s1: %34:s[4],  s1: %3598:scc = s_sub_i32 %21:s[17], %33:s[4]
	 s1: %3599:scc = s_cmp_ge_u32 %34:s[4], %3567:s[11]
	 s1: %6496:s[9] = p_parallelcopy %3599:scc
	 s1: %37:s[0],  s1: %3601:scc = s_add_u32 %32:s[0], %3599:scc
	 s1: %38:s[14],  s1: %3602:scc = s_sub_i32 %34:s[4], %3567:s[11]
	 s1: %6497:scc = p_parallelcopy %6496:s[9]
	 s1: %39:s[14] = s_cselect_b32 %38:s[14], %34:s[4], %6497:scc
	 s1: %3605:scc = s_cmp_ge_u32 %39:s[14], %3567:s[11]
	 s1: %6498:s[15] = p_parallelcopy %3605:scc
	 s1: %42:s[0],  s1: %3607:scc = s_add_u32 %37:s[0], %3605:scc
	 s1: %43:s[11],  s1: %3608:scc = s_sub_i32 %39:s[14], %3567:s[11]
	 s1: %6499:scc = p_parallelcopy %6498:s[15]
	 s1: %44:s[11] = s_cselect_b32 %43:s[11], %39:s[14], %6499:scc
	 v1: (precise)%46:v[2] = v_cvt_f32_u32 %3569:s[13]
	 v1: (precise)%47:v[2] = v_rcp_f32 %46:v[2]
	 v1: (precise)%48:v[2] = v_mul_f32 0x4f7ffffe, %47:v[2]
	 v1: (precise)%3611:v[2] = v_cvt_u32_f32 %48:v[2]
	 s1: (precise)%49:s[18] = p_as_uniform %3611:v[2]
	 s1: %50:s[20] = s_mul_i32 %3569:s[13], %49:s[18]
	 s1: %51:s[20],  s1: %3612:scc = s_sub_i32 0, %50:s[20]
	 s1: %52:s[20] = s_mul_hi_u32 %49:s[18], %51:s[20]
	 s1: %53:s[18],  s1: %3613:scc = s_add_u32 %49:s[18], %52:s[20]
	 s1: %54:s[18] = s_mul_hi_u32 %42:s[0], %53:s[18]
	 s1: %55:s[21] = s_mul_i32 %54:s[18], %3569:s[13]
	 s1: %56:s[0],  s1: %3614:scc = s_sub_i32 %42:s[0], %55:s[21]
	 s1: %3615:scc = s_cmp_ge_u32 %56:s[0], %3569:s[13]
	 s1: %6500:s[22] = p_parallelcopy %3615:scc
	 s1: %59:s[18],  s1: %3617:scc = s_add_u32 %54:s[18], %3615:scc
	 s1: %60:s[23],  s1: %3618:scc = s_sub_i32 %56:s[0], %3569:s[13]
	 s1: %6501:scc = p_parallelcopy %6500:s[22]
	 s1: %61:s[23] = s_cselect_b32 %60:s[23], %56:s[0], %6501:scc
	 s1: %3621:scc = s_cmp_ge_u32 %61:s[23], %3569:s[13]
	 s1: %64:s[18],  s1: %3623:scc = s_add_u32 %59:s[18], %3621:scc
	 v1: (precise)%65:v[3] = v_cvt_f32_u32 %3568:s[12]
	 v1: (precise)%66:v[3] = v_rcp_f32 %65:v[3]
	 v1: (precise)%67:v[3] = v_mul_f32 0x4f7ffffe, %66:v[3]
	 v1: (precise)%3624:v[3] = v_cvt_u32_f32 %67:v[3]
	 s1: (precise)%68:s[24] = p_as_uniform %3624:v[3]
	 s1: %69:s[25] = s_mul_i32 %3568:s[12], %68:s[24]
	 s1: %70:s[25],  s1: %3625:scc = s_sub_i32 0, %69:s[25]
	 s1: %71:s[25] = s_mul_hi_u32 %68:s[24], %70:s[25]
	 s1: %72:s[24],  s1: %3626:scc = s_add_u32 %68:s[24], %71:s[25]
	 s1: %73:s[24] = s_mul_hi_u32 %44:s[11], %72:s[24]
	 s1: %74:s[26] = s_mul_i32 %73:s[24], %3568:s[12]
	 s1: %75:s[11],  s1: %3627:scc = s_sub_i32 %44:s[11], %74:s[26]
	 s1: %3628:scc = s_cmp_ge_u32 %75:s[11], %3568:s[12]
	 s1: %6502:s[27] = p_parallelcopy %3628:scc
	 s1: %78:s[24],  s1: %3630:scc = s_add_u32 %73:s[24], %3628:scc
	 s1: %79:s[28],  s1: %3631:scc = s_sub_i32 %75:s[11], %3568:s[12]
	 s1: %6503:scc = p_parallelcopy %6502:s[27]
	 s1: %80:s[28] = s_cselect_b32 %79:s[28], %75:s[11], %6503:scc
	 s1: %3634:scc = s_cmp_ge_u32 %80:s[28], %3568:s[12]
	 s1: %83:s[24],  s1: %3636:scc = s_add_u32 %78:s[24], %3634:scc
	 s1: %84:s[18] = s_mul_i32 %64:s[18], %3566:s[10]
	 s1: %85:s[18],  s1: %3637:scc = s_add_u32 %84:s[18], %83:s[24]
	p_logical_end
	p_branch BB4
BB3
/* logical preds: BB1, / linear preds: BB1, / kind: uniform, */
	p_logical_start
	p_logical_end
	p_branch BB4
BB4
/* logical preds: BB2, BB3, / linear preds: BB2, BB3, / kind: uniform, loop-preheader, */
	 s1: %86:s[18] = p_linear_phi %85:s[18], 0
	p_logical_start
	 s1: %90:s[5],  s1: %3638:scc = s_lshr_b32 %3561:s[5], 5
	 s1: %91:s[18] = s_mul_i32 %86:s[18], %90:s[5]
	 v1: %95:v[0] = v_lshlrev_b32 3, (is16bit)%3576:v[0]
	 s1: %97:s[0],  s1: %3639:scc = s_and_b32 %3559:s[3], 0xfffffe00
	 v1: %98:v[1] = v_add_u32 %97:s[0], %95:v[0]
	 s2: %99:vcc = v_cmp_gt_u32 %3559:s[3], %98:v[1]
	 v1: %100:v[2] = v_cndmask_b32 0, 1, %99:vcc
	 s1: %102:s[1],  s1: %3640:scc = s_lshr_b32 %3559:s[3], 9
	 v1: %103:v[2] = v_add_u32 %102:s[1], %100:v[2]
	 v1: %106:v[3] = v_and_b32 -4, %103:v[2]
	p_logical_end
	p_branch BB5
BB5
/* logical preds: BB4, BB10, / linear preds: BB4, BB10, / kind: loop-header, branch, */
	 s1: %111:s[0] = p_linear_phi 0, %941:s[0]
	 v1: %110:v[1] = p_phi 0, %796:v[1]
	 v1: %109:v[4] = p_phi 0, %844:v[4]
	 v1: %108:v[5] = p_phi 0, %892:v[5]
	 v1: %107:v[6] = p_phi 0, %940:v[6]
	p_logical_start
	 s2: %112:vcc = v_cmp_ge_u32 %111:s[0], %106:v[3]
	p_logical_end
	 s2: %6463:s[4-5],  s1: %6462:scc,  s2: %0:exec = s_and_saveexec_b64 %112:vcc, %0:exec
	p_cbranch_z %0:exec BB9, BB6
BB6
/* logical preds: BB5, / linear preds: BB5, / kind: break, */
	p_logical_start
	p_logical_end
	 s2: %6465:s[4-5],  s1: %6464:scc = s_andn2_b64 %6463:s[4-5], %0:exec
	p_cbranch_nz %6464:scc BB8, BB7
BB7
/* logical preds: / linear preds: BB6, / kind: uniform, */
	p_branch BB11
BB8
/* logical preds: / linear preds: BB6, / kind: uniform, */
	p_branch BB10
BB9
/* logical preds: / linear preds: BB5, / kind: uniform, */
	p_branch BB10
BB10
/* logical preds: BB5, / linear preds: BB8, BB9, / kind: uniform, merge, */
	 s2: %6466:s[4-5] = p_linear_phi %6465:s[4-5], %6463:s[4-5]
	 s2: %0:exec = p_parallelcopy %6466:s[4-5]
	p_logical_start
	 s2: %123:s[4-5] = p_create_vector %3558:s[2], 0xffff8000
	 s8: %124:s[24-31] = s_load_dwordx8 %123:s[4-5], 0 storage:buffer semantics:private,reorder
	 s1: %113:s[1],  s1: %3641:scc = s_lshl_b32 %111:s[0], 9
	 v1: %114:v[7] = v_add_u32 %113:s[1], %95:v[0]
	 v1: %116:v[8] = v_and_b32 31, %114:v[7]
	 v1: %117:v[9] = v_sub_u32 %114:v[7], %116:v[8]
	 s1: %118:s[4] = s_mul_i32 %3562:s[6], %21:s[17]
	 v1: %120:v[9] = v_add3_u32 %116:v[8], %118:s[4], %117:v[9]
	 v1: %126:v[9] = v_lshrrev_b32 2, %120:v[9]
	 v1: %127:v[9] = v_lshlrev_b32 4, %126:v[9]
	 s1: %3642:s[24],  s1: %3643:s[25],  s1: %3644:s[26],  s1: %3645:s[27],  s1: %3646:s[28],  s1: %3647:s[29],  s1: %3648:s[30],  s1: %3649:s[31] = p_split_vector %124:s[24-31]
	 s4: %125:s[28-31] = p_create_vector %3646:s[28], %3647:s[29], %3648:s[30], %3649:s[31]
	 v4: %128:v[12-15] = buffer_load_dwordx4 %125:s[28-31], %127:v[9], 0 offen storage:buffer semantics:private,reorder
	 v4: %130:v[16-19] = buffer_load_dwordx4 %125:s[28-31], %127:v[9], 0 offset:16 offen storage:buffer semantics:private,reorder
	 s1: %131:s[5] = s_mul_i32 %12:s[16], %3559:s[3]
	 v1: %132:v[10] = v_add_u32 %131:s[5], %114:v[7]
	 v1: %134:v[10] = v_lshrrev_b32 5, %132:v[10]
	 v1: %135:v[10] = v_add_u32 %91:s[18], %134:v[10]
	 v1: %3659:v[11] = v_lshlrev_b32 1, %135:v[10]
	 v1: %137:v[10] = v_lshl_add_u32 %135:v[10], 5, %3659:v[11]
	 v1: %138:v[20] = v_add_u32 2, %137:v[10]
	 v1: %139:v[21] = v_add_u32 %138:v[20], %116:v[8]
	 v1: %140:v[20] = v_and_b32 -4, %138:v[20]
	 v1: %141:v[20] = v_add_u32 %140:v[20], %116:v[8]
	 s4: %142:s[24-27] = p_create_vector %3642:s[24], %3643:s[25], %3644:s[26], %3645:s[27]
	 s1: %133:s[9],  s1: %3658:scc = s_add_u32 %131:s[5], %3559:s[3]
	 v1: %183:v[22] = v_add_u32 %133:s[9], %114:v[7]
	 v1: %185:v[22] = v_lshrrev_b32 5, %183:v[22]
	 v1: %186:v[22] = v_add_u32 %91:s[18], %185:v[22]
	 v1: %3701:v[23] = v_lshlrev_b32 1, %186:v[22]
	 v1: %187:v[22] = v_lshl_add_u32 %186:v[22], 5, %3701:v[23]
	 v1: %188:v[24] = v_add_u32 2, %187:v[22]
	 v1: %189:v[25] = v_add_u32 %188:v[24], %116:v[8]
	 v1: %190:v[24] = v_and_b32 -4, %188:v[24]
	 v1: %191:v[24] = v_add_u32 %190:v[24], %116:v[8]
	 s1: %184:s[10],  s1: %3700:scc = s_add_u32 %133:s[9], %3559:s[3]
	 v1: %232:v[26] = v_add_u32 %184:s[10], %114:v[7]
	 v1: %234:v[26] = v_lshrrev_b32 5, %232:v[26]
	 v1: %235:v[26] = v_add_u32 %91:s[18], %234:v[26]
	 v1: %3743:v[27] = v_lshlrev_b32 1, %235:v[26]
	 v1: %236:v[26] = v_lshl_add_u32 %235:v[26], 5, %3743:v[27]
	 v1: %237:v[28] = v_add_u32 2, %236:v[26]
	 v1: %238:v[29] = v_add_u32 %237:v[28], %116:v[8]
	 v1: %239:v[28] = v_and_b32 -4, %237:v[28]
	 v1: %240:v[28] = v_add_u32 %239:v[28], %116:v[8]
	 v3: %143:v[30-32] = buffer_load_dwordx3 %142:s[24-27], %141:v[20], 0 offen storage:buffer semantics:private,reorder
	 v2b: %146:v[33][0:16] = buffer_load_short_d16 %142:s[24-27], %137:v[10], 0 offen storage:buffer semantics:private,reorder
	 v3: %192:v[34-36] = buffer_load_dwordx3 %142:s[24-27], %191:v[24], 0 offen storage:buffer semantics:private,reorder
	 v2b: %195:v[37][0:16] = buffer_load_short_d16 %142:s[24-27], %187:v[22], 0 offen storage:buffer semantics:private,reorder
	 v3: %241:v[9-11] = buffer_load_dwordx3 %142:s[24-27], %240:v[28], 0 offen storage:buffer semantics:private,reorder
	 v2b: %244:v[20][0:16] = buffer_load_short_d16 %142:s[24-27], %236:v[26], 0 offen storage:buffer semantics:private,reorder
	 s1: %233:s[11],  s1: %3742:scc = s_add_u32 %184:s[10], %3559:s[3]
	 v1: %281:v[7] = v_add_u32 %233:s[11], %114:v[7]
	 v1: %282:v[7] = v_lshrrev_b32 5, %281:v[7]
	 v1: %283:v[7] = v_add_u32 %91:s[18], %282:v[7]
	 v1: %3784:v[22] = v_lshlrev_b32 1, %283:v[7]
	 v1: %284:v[7] = v_lshl_add_u32 %283:v[7], 5, %3784:v[22]
	 v1: %285:v[23] = v_add_u32 2, %284:v[7]
	 v1: %286:v[24] = v_add_u32 %285:v[23], %116:v[8]
	 v1: %287:v[23] = v_and_b32 -4, %285:v[23]
	 v1: %288:v[23] = v_add_u32 %287:v[23], %116:v[8]
	 v1: %3650:v[12],  v1: %3651:v[13],  v1: %3652:v[14],  v1: %3653:v[15] = p_split_vector %128:v[12-15]
	 v1: %3654:v[16],  v1: %3655:v[17],  v1: %3656:v[18],  v1: %3657:v[19] = p_split_vector %130:v[16-19]
	 v1: %3661:v[30],  v1: %3662:v[31],  v1: %3663:v[32] = p_split_vector %143:v[30-32]
	 v1: %144:v[30] = v_alignbyte_b32 %3662:v[31], %3661:v[30], %139:v[21]
	 v1: %145:v[32] = v_alignbyte_b32 %3663:v[32], %3662:v[31], %139:v[21]
	 v1: %150:v[26] = v_cvt_f32_i32 %144:v[30] dst_sel:dword src0_sel:sbyte3
	 v1: %152:v[27] = v_cvt_f32_i32 %144:v[30] dst_sel:dword src0_sel:sbyte2
	 v1: %156:v[28] = v_cvt_f32_i32 %144:v[30] dst_sel:dword src0_sel:sbyte1
	 v1: %158:v[30] = v_cvt_f32_i32 %144:v[30] dst_sel:dword src0_sel:sbyte0
	 v1: %163:v[31] = v_cvt_f32_i32 %145:v[32] dst_sel:dword src0_sel:sbyte3
	 v1: %164:v[31] = v_mul_f32 %3657:v[19], %163:v[31]
	 v1: %165:v[38] = v_cvt_f32_i32 %145:v[32] dst_sel:dword src0_sel:sbyte2
	 v1: %167:v[31] = v_mac_f32 %3656:v[18], %165:v[38], %164:v[31]
	 v1: %170:v[38] = v_cvt_f32_i32 %145:v[32] dst_sel:dword src0_sel:sbyte1
	 v1: %172:v[31] = v_mac_f32 %3655:v[17], %170:v[38], %167:v[31]
	 v3: %289:v[21-23] = buffer_load_dwordx3 %142:s[24-27], %288:v[23], 0 offen storage:buffer semantics:private,reorder
	 v2b: %292:v[38][0:16] = buffer_load_short_d16 %142:s[24-27], %284:v[7], 0 offen storage:buffer semantics:private,reorder
	 v1: %173:v[32] = v_cvt_f32_i32 %145:v[32] dst_sel:dword src0_sel:sbyte0
	 v1: %175:v[31] = v_mac_f32 %3654:v[16], %173:v[32], %172:v[31]
	 v1: %176:v[31] = v_mac_f32 %3652:v[14], %152:v[27], %175:v[31]
	 v1: %177:v[31] = v_mac_f32 %3653:v[15], %150:v[26], %176:v[31]
	 v1: %178:v[31] = v_mac_f32 %3651:v[13], %156:v[28], %177:v[31]
	 v1: %179:v[31] = v_mac_f32 %3650:v[12], %158:v[30], %178:v[31]
	 s1: %330:s[12],  s1: %3825:scc = s_add_u32 %113:s[1], 0x200
	 v1: %331:v[26] = v_add_u32 %330:s[12], %95:v[0]
	 v1: %332:v[27] = v_and_b32 31, %331:v[26]
	 v1: %333:v[28] = v_sub_u32 %331:v[26], %332:v[27]
	 v1: %335:v[28] = v_add3_u32 %332:v[27], %118:s[4], %333:v[28]
	 v1: %336:v[28] = v_lshrrev_b32 2, %335:v[28]
	 v1: %337:v[28] = v_lshlrev_b32 4, %336:v[28]
	 v1: %180:v[30] = v_cvt_f32_f16 %146:v[33][0:16]
	 v1: %182:v[1] = v_mac_f32 %179:v[31], %180:v[30], %110:v[1]
	 v1: %3703:v[34],  v1: %3704:v[35],  v1: %3705:v[36] = p_split_vector %192:v[34-36]
	 v1: %193:v[34] = v_alignbyte_b32 %3704:v[35], %3703:v[34], %189:v[25]
	 v1: %194:v[36] = v_alignbyte_b32 %3705:v[36], %3704:v[35], %189:v[25]
	 v1: %199:v[31] = v_cvt_f32_i32 %193:v[34] dst_sel:dword src0_sel:sbyte3
	 v1: %201:v[32] = v_cvt_f32_i32 %193:v[34] dst_sel:dword src0_sel:sbyte2
	 v1: %205:v[33] = v_cvt_f32_i32 %193:v[34] dst_sel:dword src0_sel:sbyte1
	 v1: %207:v[34] = v_cvt_f32_i32 %193:v[34] dst_sel:dword src0_sel:sbyte0
	 v1: %212:v[35] = v_cvt_f32_i32 %194:v[36] dst_sel:dword src0_sel:sbyte3
	 v1: %213:v[35] = v_mul_f32 %3657:v[19], %212:v[35]
	 v1: %214:v[7] = v_cvt_f32_i32 %194:v[36] dst_sel:dword src0_sel:sbyte2
	 v1: %216:v[35] = v_mac_f32 %3656:v[18], %214:v[7], %213:v[35]
	 v1: %219:v[8] = v_cvt_f32_i32 %194:v[36] dst_sel:dword src0_sel:sbyte1
	 v1: %221:v[35] = v_mac_f32 %3655:v[17], %219:v[8], %216:v[35]
	 v1: %222:v[36] = v_cvt_f32_i32 %194:v[36] dst_sel:dword src0_sel:sbyte0
	 v1: %224:v[35] = v_mac_f32 %3654:v[16], %222:v[36], %221:v[35]
	 v1: %225:v[35] = v_mac_f32 %3652:v[14], %201:v[32], %224:v[35]
	 v1: %6504:v[25],  v1: %6505:v[30] = p_parallelcopy %108:v[5], %107:v[6]
	 v4: %338:v[5-8] = buffer_load_dwordx4 %125:s[28-31], %337:v[28], 0 offen storage:buffer semantics:private,reorder
	 v1: %226:v[35] = v_mac_f32 %3653:v[15], %199:v[31], %225:v[35]
	 v1: %227:v[35] = v_mac_f32 %3651:v[13], %205:v[33], %226:v[35]
	 v1: %228:v[35] = v_mac_f32 %3650:v[12], %207:v[34], %227:v[35]
	 v1: %229:v[31] = v_cvt_f32_f16 %195:v[37][0:16]
	 v1: %231:v[4] = v_mac_f32 %228:v[35], %229:v[31], %109:v[4]
	 v1: %3745:v[9],  v1: %3746:v[10],  v1: %3747:v[11] = p_split_vector %241:v[9-11]
	 v1: %242:v[9] = v_alignbyte_b32 %3746:v[10], %3745:v[9], %238:v[29]
	 v1: %243:v[11] = v_alignbyte_b32 %3747:v[11], %3746:v[10], %238:v[29]
	 v1: %248:v[32] = v_cvt_f32_i32 %242:v[9] dst_sel:dword src0_sel:sbyte3
	 v1: %250:v[33] = v_cvt_f32_i32 %242:v[9] dst_sel:dword src0_sel:sbyte2
	 v1: %254:v[34] = v_cvt_f32_i32 %242:v[9] dst_sel:dword src0_sel:sbyte1
	 v1: %256:v[9] = v_cvt_f32_i32 %242:v[9] dst_sel:dword src0_sel:sbyte0
	 v1: %261:v[35] = v_cvt_f32_i32 %243:v[11] dst_sel:dword src0_sel:sbyte3
	 v1: %262:v[35] = v_mul_f32 %3657:v[19], %261:v[35]
	 v1: %263:v[36] = v_cvt_f32_i32 %243:v[11] dst_sel:dword src0_sel:sbyte2
	 v1: %265:v[35] = v_mac_f32 %3656:v[18], %263:v[36], %262:v[35]
	 v1: %268:v[37] = v_cvt_f32_i32 %243:v[11] dst_sel:dword src0_sel:sbyte1
	 v1: %270:v[35] = v_mac_f32 %3655:v[17], %268:v[37], %265:v[35]
	 v1: %6506:v[10] = p_parallelcopy %6505:v[30]
	 v4: %340:v[28-31] = buffer_load_dwordx4 %125:s[28-31], %337:v[28], 0 offset:16 offen storage:buffer semantics:private,reorder
	 v1: %271:v[11] = v_cvt_f32_i32 %243:v[11] dst_sel:dword src0_sel:sbyte0
	 v1: %273:v[35] = v_mac_f32 %3654:v[16], %271:v[11], %270:v[35]
	 v1: %274:v[35] = v_mac_f32 %3652:v[14], %250:v[33], %273:v[35]
	 v1: %275:v[35] = v_mac_f32 %3653:v[15], %248:v[32], %274:v[35]
	 v1: %276:v[35] = v_mac_f32 %3651:v[13], %254:v[34], %275:v[35]
	 v1: %277:v[35] = v_mac_f32 %3650:v[12], %256:v[9], %276:v[35]
	 v1: %341:v[11] = v_add_u32 %131:s[5], %331:v[26]
	 v1: %342:v[11] = v_lshrrev_b32 5, %341:v[11]
	 v1: %343:v[11] = v_add_u32 %91:s[18], %342:v[11]
	 v1: %3834:v[32] = v_lshlrev_b32 1, %343:v[11]
	 v1: %344:v[11] = v_lshl_add_u32 %343:v[11], 5, %3834:v[32]
	 v1: %345:v[33] = v_add_u32 2, %344:v[11]
	 v1: %346:v[34] = v_add_u32 %345:v[33], %332:v[27]
	 v1: %347:v[33] = v_and_b32 -4, %345:v[33]
	 v1: %348:v[33] = v_add_u32 %347:v[33], %332:v[27]
	 v1: %6507:v[9] = p_parallelcopy %346:v[34]
	 v3: %349:v[32-34] = buffer_load_dwordx3 %142:s[24-27], %348:v[33], 0 offen storage:buffer semantics:private,reorder
	 v2b: %352:v[11][0:16] = buffer_load_short_d16 %142:s[24-27], %344:v[11], 0 offen storage:buffer semantics:private,reorder
	 v1: %278:v[20] = v_cvt_f32_f16 %244:v[20][0:16]
	 v1: %280:v[25] = v_mac_f32 %277:v[35], %278:v[20], %6504:v[25]
	 v1: %3786:v[21],  v1: %3787:v[22],  v1: %3788:v[23] = p_split_vector %289:v[21-23]
	 v1: %290:v[21] = v_alignbyte_b32 %3787:v[22], %3786:v[21], %286:v[24]
	 v1: %291:v[23] = v_alignbyte_b32 %3788:v[23], %3787:v[22], %286:v[24]
	 v1: %296:v[22] = v_cvt_f32_i32 %290:v[21] dst_sel:dword src0_sel:sbyte3
	 v1: %298:v[24] = v_cvt_f32_i32 %290:v[21] dst_sel:dword src0_sel:sbyte2
	 v1: %302:v[35] = v_cvt_f32_i32 %290:v[21] dst_sel:dword src0_sel:sbyte1
	 v1: %304:v[21] = v_cvt_f32_i32 %290:v[21] dst_sel:dword src0_sel:sbyte0
	 v1: %309:v[36] = v_cvt_f32_i32 %291:v[23] dst_sel:dword src0_sel:sbyte3
	 v1: %310:v[19] = v_mul_f32 %3657:v[19], %309:v[36]
	 v1: %311:v[37] = v_cvt_f32_i32 %291:v[23] dst_sel:dword src0_sel:sbyte2
	 v1: %313:v[19] = v_mac_f32 %3656:v[18], %311:v[37], %310:v[19]
	 v1: %316:v[18] = v_cvt_f32_i32 %291:v[23] dst_sel:dword src0_sel:sbyte1
	 v1: %318:v[19] = v_mac_f32 %3655:v[17], %316:v[18], %313:v[19]
	 v1: %319:v[23] = v_cvt_f32_i32 %291:v[23] dst_sel:dword src0_sel:sbyte0
	 v1: %321:v[19] = v_mac_f32 %3654:v[16], %319:v[23], %318:v[19]
	 v1: %389:v[20] = v_add_u32 %133:s[9], %331:v[26]
	 v1: %390:v[20] = v_lshrrev_b32 5, %389:v[20]
	 v1: %391:v[20] = v_add_u32 %91:s[18], %390:v[20]
	 v1: %3875:v[23] = v_lshlrev_b32 1, %391:v[20]
	 v1: %392:v[20] = v_lshl_add_u32 %391:v[20], 5, %3875:v[23]
	 v1: %393:v[36] = v_add_u32 2, %392:v[20]
	 v1: %394:v[37] = v_add_u32 %393:v[36], %332:v[27]
	 v1: %395:v[36] = v_and_b32 -4, %393:v[36]
	 v1: %396:v[36] = v_add_u32 %395:v[36], %332:v[27]
	 v3: %397:v[16-18] = buffer_load_dwordx3 %142:s[24-27], %396:v[36], 0 offen storage:buffer semantics:private,reorder
	 v2b: %400:v[20][0:16] = buffer_load_short_d16 %142:s[24-27], %392:v[20], 0 offen storage:buffer semantics:private,reorder
	 v1: %322:v[19] = v_mac_f32 %3652:v[14], %298:v[24], %321:v[19]
	 v1: %323:v[19] = v_mac_f32 %3653:v[15], %296:v[22], %322:v[19]
	 v1: %324:v[19] = v_mac_f32 %3651:v[13], %302:v[35], %323:v[19]
	 v1: %437:v[22] = v_add_u32 %184:s[10], %331:v[26]
	 v1: %438:v[22] = v_lshrrev_b32 5, %437:v[22]
	 v1: %439:v[22] = v_add_u32 %91:s[18], %438:v[22]
	 v1: %3916:v[23] = v_lshlrev_b32 1, %439:v[22]
	 v1: %440:v[22] = v_lshl_add_u32 %439:v[22], 5, %3916:v[23]
	 v1: %441:v[24] = v_add_u32 2, %440:v[22]
	 v1: %442:v[35] = v_add_u32 %441:v[24], %332:v[27]
	 v1: %443:v[24] = v_and_b32 -4, %441:v[24]
	 v1: %444:v[24] = v_add_u32 %443:v[24], %332:v[27]
	 v3: %445:v[13-15] = buffer_load_dwordx3 %142:s[24-27], %444:v[24], 0 offen storage:buffer semantics:private,reorder
	 v2b: %448:v[22][0:16] = buffer_load_short_d16 %142:s[24-27], %440:v[22], 0 offen storage:buffer semantics:private,reorder
	 v1: %325:v[19] = v_mac_f32 %3650:v[12], %304:v[21], %324:v[19]
	 v1: %485:v[26] = v_add_u32 %233:s[11], %331:v[26]
	 v1: %486:v[26] = v_lshrrev_b32 5, %485:v[26]
	 v1: %487:v[26] = v_add_u32 %91:s[18], %486:v[26]
	 v1: %3957:v[23] = v_lshlrev_b32 1, %487:v[26]
	 v1: %488:v[26] = v_lshl_add_u32 %487:v[26], 5, %3957:v[23]
	 v1: %489:v[24] = v_add_u32 2, %488:v[26]
	 v1: %490:v[36] = v_add_u32 %489:v[24], %332:v[27]
	 v1: %491:v[24] = v_and_b32 -4, %489:v[24]
	 v1: %492:v[24] = v_add_u32 %491:v[24], %332:v[27]
	 v1: %326:v[38] = v_cvt_f32_f16 %292:v[38][0:16]
	 v1: %328:v[10] = v_mac_f32 %325:v[19], %326:v[38], %6506:v[10]
	 v1: %3826:v[5],  v1: %3827:v[6],  v1: %3828:v[7],  v1: %3829:v[8] = p_split_vector %338:v[5-8]
	 v1: %3830:v[28],  v1: %3831:v[29],  v1: %3832:v[30],  v1: %3833:v[31] = p_split_vector %340:v[28-31]
	 v1: %3836:v[32],  v1: %3837:v[33],  v1: %3838:v[34] = p_split_vector %349:v[32-34]
	 v1: %350:v[32] = v_alignbyte_b32 %3837:v[33], %3836:v[32], %6507:v[9]
	 v1: %351:v[34] = v_alignbyte_b32 %3838:v[34], %3837:v[33], %6507:v[9]
	 v1: %356:v[38] = v_cvt_f32_i32 %350:v[32] dst_sel:dword src0_sel:sbyte3
	 v1: %358:v[9] = v_cvt_f32_i32 %350:v[32] dst_sel:dword src0_sel:sbyte2
	 v1: %362:v[12] = v_cvt_f32_i32 %350:v[32] dst_sel:dword src0_sel:sbyte1
	 v1: %364:v[32] = v_cvt_f32_i32 %350:v[32] dst_sel:dword src0_sel:sbyte0
	 v1: %369:v[19] = v_cvt_f32_i32 %351:v[34] dst_sel:dword src0_sel:sbyte3
	 v1: %370:v[19] = v_mul_f32 %3833:v[31], %369:v[19]
	 v1: %371:v[21] = v_cvt_f32_i32 %351:v[34] dst_sel:dword src0_sel:sbyte2
	 v1: %373:v[19] = v_mac_f32 %3832:v[30], %371:v[21], %370:v[19]
	 v1: %376:v[23] = v_cvt_f32_i32 %351:v[34] dst_sel:dword src0_sel:sbyte1
	 v1: %378:v[19] = v_mac_f32 %3831:v[29], %376:v[23], %373:v[19]
	 v2b: %6508:v[11][16:32] = p_parallelcopy %448:v[22][0:16]
	 v3: %493:v[21-23] = buffer_load_dwordx3 %142:s[24-27], %492:v[24], 0 offen storage:buffer semantics:private,reorder
	 v2b: %496:v[24][0:16] = buffer_load_short_d16 %142:s[24-27], %488:v[26], 0 offen storage:buffer semantics:private,reorder
	 v1: %379:v[34] = v_cvt_f32_i32 %351:v[34] dst_sel:dword src0_sel:sbyte0
	 v1: %381:v[19] = v_mac_f32 %3830:v[28], %379:v[34], %378:v[19]
	 v1: %382:v[19] = v_mac_f32 %3828:v[7], %358:v[9], %381:v[19]
	 v1: %383:v[19] = v_mac_f32 %3829:v[8], %356:v[38], %382:v[19]
	 v1: %384:v[19] = v_mac_f32 %3827:v[6], %362:v[12], %383:v[19]
	 v1: %385:v[19] = v_mac_f32 %3826:v[5], %364:v[32], %384:v[19]
	 s1: %534:s[13],  s1: %3998:scc = s_add_u32 0x400, %113:s[1]
	 v1: %535:v[26] = v_add_u32 %534:s[13], %95:v[0]
	 v1: %536:v[27] = v_and_b32 31, %535:v[26]
	 v1: %537:v[32] = v_sub_u32 %535:v[26], %536:v[27]
	 v1: %539:v[32] = v_add3_u32 %536:v[27], %118:s[4], %537:v[32]
	 v1: %540:v[32] = v_lshrrev_b32 2, %539:v[32]
	 v1: %541:v[32] = v_lshlrev_b32 4, %540:v[32]
	 v1: %386:v[33] = v_cvt_f32_f16 %352:v[11][0:16]
	 v1: %388:v[1] = v_mac_f32 %385:v[19], %386:v[33], %182:v[1]
	 v1: %3877:v[16],  v1: %3878:v[17],  v1: %3879:v[18] = p_split_vector %397:v[16-18]
	 v1: %398:v[16] = v_alignbyte_b32 %3878:v[17], %3877:v[16], %394:v[37]
	 v1: %399:v[18] = v_alignbyte_b32 %3879:v[18], %3878:v[17], %394:v[37]
	 v1: %404:v[34] = v_cvt_f32_i32 %398:v[16] dst_sel:dword src0_sel:sbyte3
	 v1: %406:v[37] = v_cvt_f32_i32 %398:v[16] dst_sel:dword src0_sel:sbyte2
	 v1: %410:v[38] = v_cvt_f32_i32 %398:v[16] dst_sel:dword src0_sel:sbyte1
	 v1: %412:v[16] = v_cvt_f32_i32 %398:v[16] dst_sel:dword src0_sel:sbyte0
	 v1: %417:v[9] = v_cvt_f32_i32 %399:v[18] dst_sel:dword src0_sel:sbyte3
	 v1: %418:v[9] = v_mul_f32 %3833:v[31], %417:v[9]
	 v1: %419:v[12] = v_cvt_f32_i32 %399:v[18] dst_sel:dword src0_sel:sbyte2
	 v1: %421:v[9] = v_mac_f32 %3832:v[30], %419:v[12], %418:v[9]
	 v1: %424:v[17] = v_cvt_f32_i32 %399:v[18] dst_sel:dword src0_sel:sbyte1
	 v1: %426:v[9] = v_mac_f32 %3831:v[29], %424:v[17], %421:v[9]
	 v1: %427:v[18] = v_cvt_f32_i32 %399:v[18] dst_sel:dword src0_sel:sbyte0
	 v1: %429:v[9] = v_mac_f32 %3830:v[28], %427:v[18], %426:v[9]
	 v1: %430:v[9] = v_mac_f32 %3828:v[7], %406:v[37], %429:v[9]
	 v1: %6509:v[12] = p_parallelcopy %412:v[16]
	 v4: %542:v[16-19] = buffer_load_dwordx4 %125:s[28-31], %541:v[32], 0 offen storage:buffer semantics:private,reorder
	 v1: %431:v[9] = v_mac_f32 %3829:v[8], %404:v[34], %430:v[9]
	 v1: %432:v[9] = v_mac_f32 %3827:v[6], %410:v[38], %431:v[9]
	 v1: %433:v[9] = v_mac_f32 %3826:v[5], %6509:v[12], %432:v[9]
	 v1: %434:v[20] = v_cvt_f32_f16 %400:v[20][0:16]
	 v1: %436:v[4] = v_mac_f32 %433:v[9], %434:v[20], %231:v[4]
	 v1: %3918:v[13],  v1: %3919:v[14],  v1: %3920:v[15] = p_split_vector %445:v[13-15]
	 v1: %446:v[13] = v_alignbyte_b32 %3919:v[14], %3918:v[13], %442:v[35]
	 v1: %447:v[15] = v_alignbyte_b32 %3920:v[15], %3919:v[14], %442:v[35]
	 v1: %452:v[33] = v_cvt_f32_i32 %446:v[13] dst_sel:dword src0_sel:sbyte3
	 v1: %454:v[34] = v_cvt_f32_i32 %446:v[13] dst_sel:dword src0_sel:sbyte2
	 v1: %458:v[35] = v_cvt_f32_i32 %446:v[13] dst_sel:dword src0_sel:sbyte1
	 v1: %460:v[13] = v_cvt_f32_i32 %446:v[13] dst_sel:dword src0_sel:sbyte0
	 v1: %465:v[37] = v_cvt_f32_i32 %447:v[15] dst_sel:dword src0_sel:sbyte3
	 v1: %466:v[37] = v_mul_f32 %3833:v[31], %465:v[37]
	 v1: %467:v[38] = v_cvt_f32_i32 %447:v[15] dst_sel:dword src0_sel:sbyte2
	 v1: %469:v[37] = v_mac_f32 %3832:v[30], %467:v[38], %466:v[37]
	 v1: %472:v[38] = v_cvt_f32_i32 %447:v[15] dst_sel:dword src0_sel:sbyte1
	 v1: %474:v[37] = v_mac_f32 %3831:v[29], %472:v[38], %469:v[37]
	 v1: %6510:v[9],  v1: %6511:v[20] = p_parallelcopy %460:v[13], %447:v[15]
	 v4: %544:v[12-15] = buffer_load_dwordx4 %125:s[28-31], %541:v[32], 0 offset:16 offen storage:buffer semantics:private,reorder
	 v1: %475:v[20] = v_cvt_f32_i32 %6511:v[20] dst_sel:dword src0_sel:sbyte0
	 v1: %477:v[37] = v_mac_f32 %3830:v[28], %475:v[20], %474:v[37]
	 v1: %478:v[37] = v_mac_f32 %3828:v[7], %454:v[34], %477:v[37]
	 v1: %479:v[37] = v_mac_f32 %3829:v[8], %452:v[33], %478:v[37]
	 v1: %480:v[37] = v_mac_f32 %3827:v[6], %458:v[35], %479:v[37]
	 v1: %481:v[37] = v_mac_f32 %3826:v[5], %6510:v[9], %480:v[37]
	 v1: %545:v[32] = v_add_u32 %131:s[5], %535:v[26]
	 v1: %546:v[32] = v_lshrrev_b32 5, %545:v[32]
	 v1: %547:v[32] = v_add_u32 %91:s[18], %546:v[32]
	 v1: %4007:v[33] = v_lshlrev_b32 1, %547:v[32]
	 v1: %548:v[32] = v_lshl_add_u32 %547:v[32], 5, %4007:v[33]
	 v1: %549:v[34] = v_add_u32 2, %548:v[32]
	 v1: %550:v[35] = v_add_u32 %549:v[34], %536:v[27]
	 v1: %551:v[34] = v_and_b32 -4, %549:v[34]
	 v1: %552:v[34] = v_add_u32 %551:v[34], %536:v[27]
	 v1: %6512:v[9] = p_parallelcopy %548:v[32]
	 v3: %553:v[32-34] = buffer_load_dwordx3 %142:s[24-27], %552:v[34], 0 offen storage:buffer semantics:private,reorder
	 v2b: %556:v[20][0:16] = buffer_load_short_d16 %142:s[24-27], %6512:v[9], 0 offen storage:buffer semantics:private,reorder
	 v1: %482:v[38] = v_cvt_f32_f16 %6508:v[11][16:32] dst_sel:dword src0_sel:uword1
	 v1: %484:v[25] = v_mac_f32 %481:v[37], %482:v[38], %280:v[25]
	 v1: %3959:v[21],  v1: %3960:v[22],  v1: %3961:v[23] = p_split_vector %493:v[21-23]
	 v1: %494:v[21] = v_alignbyte_b32 %3960:v[22], %3959:v[21], %490:v[36]
	 v1: %495:v[23] = v_alignbyte_b32 %3961:v[23], %3960:v[22], %490:v[36]
	 v1: %500:v[22] = v_cvt_f32_i32 %494:v[21] dst_sel:dword src0_sel:sbyte3
	 v1: %502:v[36] = v_cvt_f32_i32 %494:v[21] dst_sel:dword src0_sel:sbyte2
	 v1: %506:v[37] = v_cvt_f32_i32 %494:v[21] dst_sel:dword src0_sel:sbyte1
	 v1: %508:v[21] = v_cvt_f32_i32 %494:v[21] dst_sel:dword src0_sel:sbyte0
	 v1: %513:v[38] = v_cvt_f32_i32 %495:v[23] dst_sel:dword src0_sel:sbyte3
	 v1: %514:v[31] = v_mul_f32 %3833:v[31], %513:v[38]
	 v1: %515:v[38] = v_cvt_f32_i32 %495:v[23] dst_sel:dword src0_sel:sbyte2
	 v1: %517:v[31] = v_mac_f32 %3832:v[30], %515:v[38], %514:v[31]
	 v1: %520:v[38] = v_cvt_f32_i32 %495:v[23] dst_sel:dword src0_sel:sbyte1
	 v1: %522:v[31] = v_mac_f32 %3831:v[29], %520:v[38], %517:v[31]
	 v1: %523:v[23] = v_cvt_f32_i32 %495:v[23] dst_sel:dword src0_sel:sbyte0
	 v1: %525:v[31] = v_mac_f32 %3830:v[28], %523:v[23], %522:v[31]
	 v1: %593:v[38] = v_add_u32 %133:s[9], %535:v[26]
	 v1: %594:v[38] = v_lshrrev_b32 5, %593:v[38]
	 v1: %595:v[38] = v_add_u32 %91:s[18], %594:v[38]
	 v1: %4048:v[9] = v_lshlrev_b32 1, %595:v[38]
	 v1: %596:v[38] = v_lshl_add_u32 %595:v[38], 5, %4048:v[9]
	 v1: %597:v[11] = v_add_u32 2, %596:v[38]
	 v1: %598:v[23] = v_add_u32 %597:v[11], %536:v[27]
	 v1: %599:v[11] = v_and_b32 -4, %597:v[11]
	 v1: %600:v[11] = v_add_u32 %599:v[11], %536:v[27]
	 v3: %601:v[28-30] = buffer_load_dwordx3 %142:s[24-27], %600:v[11], 0 offen storage:buffer semantics:private,reorder
	 v2b: %604:v[38][0:16] = buffer_load_short_d16 %142:s[24-27], %596:v[38], 0 offen storage:buffer semantics:private,reorder
	 v1: %526:v[31] = v_mac_f32 %3828:v[7], %502:v[36], %525:v[31]
	 v1: %527:v[31] = v_mac_f32 %3829:v[8], %500:v[22], %526:v[31]
	 v1: %528:v[31] = v_mac_f32 %3827:v[6], %506:v[37], %527:v[31]
	 v1: %641:v[36] = v_add_u32 %184:s[10], %535:v[26]
	 v1: %642:v[36] = v_lshrrev_b32 5, %641:v[36]
	 v1: %643:v[36] = v_add_u32 %91:s[18], %642:v[36]
	 v1: %4089:v[37] = v_lshlrev_b32 1, %643:v[36]
	 v1: %644:v[36] = v_lshl_add_u32 %643:v[36], 5, %4089:v[37]
	 v1: %645:v[6] = v_add_u32 2, %644:v[36]
	 v1: %646:v[7] = v_add_u32 %645:v[6], %536:v[27]
	 v1: %647:v[6] = v_and_b32 -4, %645:v[6]
	 v1: %648:v[6] = v_add_u32 %647:v[6], %536:v[27]
	 v1: %6513:v[9] = p_parallelcopy %646:v[7]
	 v3: %649:v[6-8] = buffer_load_dwordx3 %142:s[24-27], %648:v[6], 0 offen storage:buffer semantics:private,reorder
	 v2b: %652:v[11][0:16] = buffer_load_short_d16 %142:s[24-27], %644:v[36], 0 offen storage:buffer semantics:private,reorder
	 v1: %529:v[31] = v_mac_f32 %3826:v[5], %508:v[21], %528:v[31]
	 v1: %689:v[26] = v_add_u32 %233:s[11], %535:v[26]
	 v1: %690:v[26] = v_lshrrev_b32 5, %689:v[26]
	 v1: %691:v[26] = v_add_u32 %91:s[18], %690:v[26]
	 v1: %4130:v[21] = v_lshlrev_b32 1, %691:v[26]
	 v1: %692:v[26] = v_lshl_add_u32 %691:v[26], 5, %4130:v[21]
	 v1: %693:v[22] = v_add_u32 2, %692:v[26]
	 v1: %694:v[36] = v_add_u32 %693:v[22], %536:v[27]
	 v1: %695:v[22] = v_and_b32 -4, %693:v[22]
	 v1: %696:v[22] = v_add_u32 %695:v[22], %536:v[27]
	 v1: %530:v[37] = v_cvt_f32_f16 %496:v[24][0:16]
	 v1: %532:v[10] = v_mac_f32 %529:v[31], %530:v[37], %328:v[10]
	 v1: %3999:v[16],  v1: %4000:v[17],  v1: %4001:v[18],  v1: %4002:v[19] = p_split_vector %542:v[16-19]
	 v1: %4003:v[12],  v1: %4004:v[13],  v1: %4005:v[14],  v1: %4006:v[15] = p_split_vector %544:v[12-15]
	 v1: %4009:v[32],  v1: %4010:v[33],  v1: %4011:v[34] = p_split_vector %553:v[32-34]
	 v1: %554:v[32] = v_alignbyte_b32 %4010:v[33], %4009:v[32], %550:v[35]
	 v1: %555:v[34] = v_alignbyte_b32 %4011:v[34], %4010:v[33], %550:v[35]
	 v1: %560:v[5] = v_cvt_f32_i32 %554:v[32] dst_sel:dword src0_sel:sbyte3
	 v1: %562:v[21] = v_cvt_f32_i32 %554:v[32] dst_sel:dword src0_sel:sbyte2
	 v1: %566:v[24] = v_cvt_f32_i32 %554:v[32] dst_sel:dword src0_sel:sbyte1
	 v1: %568:v[32] = v_cvt_f32_i32 %554:v[32] dst_sel:dword src0_sel:sbyte0
	 v1: %573:v[27] = v_cvt_f32_i32 %555:v[34] dst_sel:dword src0_sel:sbyte3
	 v1: %574:v[27] = v_mul_f32 %4006:v[15], %573:v[27]
	 v1: %575:v[31] = v_cvt_f32_i32 %555:v[34] dst_sel:dword src0_sel:sbyte2
	 v1: %577:v[27] = v_mac_f32 %4005:v[14], %575:v[31], %574:v[27]
	 v1: %580:v[33] = v_cvt_f32_i32 %555:v[34] dst_sel:dword src0_sel:sbyte1
	 v1: %582:v[27] = v_mac_f32 %4004:v[13], %580:v[33], %577:v[27]
	 v1: %6514:v[35] = p_parallelcopy %568:v[32]
	 v3: %697:v[31-33] = buffer_load_dwordx3 %142:s[24-27], %696:v[22], 0 offen storage:buffer semantics:private,reorder
	 v2b: %700:v[37][0:16] = buffer_load_short_d16 %142:s[24-27], %692:v[26], 0 offen storage:buffer semantics:private,reorder
	 v1: %583:v[34] = v_cvt_f32_i32 %555:v[34] dst_sel:dword src0_sel:sbyte0
	 v1: %585:v[27] = v_mac_f32 %4003:v[12], %583:v[34], %582:v[27]
	 v1: %586:v[27] = v_mac_f32 %4001:v[18], %562:v[21], %585:v[27]
	 v1: %587:v[27] = v_mac_f32 %4002:v[19], %560:v[5], %586:v[27]
	 v1: %588:v[27] = v_mac_f32 %4000:v[17], %566:v[24], %587:v[27]
	 v1: %589:v[27] = v_mac_f32 %3999:v[16], %6514:v[35], %588:v[27]
	 s1: %738:s[1],  s1: %4171:scc = s_addk_i32 %113:s[1] imm:1536
	 v1: %739:v[5] = v_add_u32 %738:s[1], %95:v[0]
	 v1: %740:v[21] = v_and_b32 31, %739:v[5]
	 v1: %741:v[22] = v_sub_u32 %739:v[5], %740:v[21]
	 v1: %743:v[22] = v_add3_u32 %740:v[21], %118:s[4], %741:v[22]
	 v1: %744:v[22] = v_lshrrev_b32 2, %743:v[22]
	 v1: %745:v[22] = v_lshlrev_b32 4, %744:v[22]
	 v1: %590:v[24] = v_cvt_f32_f16 %556:v[20][0:16]
	 v1: %592:v[1] = v_mac_f32 %589:v[27], %590:v[24], %388:v[1]
	 v1: %4050:v[28],  v1: %4051:v[29],  v1: %4052:v[30] = p_split_vector %601:v[28-30]
	 v1: %602:v[28] = v_alignbyte_b32 %4051:v[29], %4050:v[28], %598:v[23]
	 v1: %603:v[30] = v_alignbyte_b32 %4052:v[30], %4051:v[29], %598:v[23]
	 v1: %608:v[26] = v_cvt_f32_i32 %602:v[28] dst_sel:dword src0_sel:sbyte3
	 v1: %610:v[27] = v_cvt_f32_i32 %602:v[28] dst_sel:dword src0_sel:sbyte2
	 v1: %614:v[29] = v_cvt_f32_i32 %602:v[28] dst_sel:dword src0_sel:sbyte1
	 v1: %616:v[28] = v_cvt_f32_i32 %602:v[28] dst_sel:dword src0_sel:sbyte0
	 v1: %621:v[34] = v_cvt_f32_i32 %603:v[30] dst_sel:dword src0_sel:sbyte3
	 v1: %622:v[34] = v_mul_f32 %4006:v[15], %621:v[34]
	 v1: %623:v[35] = v_cvt_f32_i32 %603:v[30] dst_sel:dword src0_sel:sbyte2
	 v1: %625:v[34] = v_mac_f32 %4005:v[14], %623:v[35], %622:v[34]
	 v1: %628:v[20] = v_cvt_f32_i32 %603:v[30] dst_sel:dword src0_sel:sbyte1
	 v1: %630:v[34] = v_mac_f32 %4004:v[13], %628:v[20], %625:v[34]
	 v1: %631:v[30] = v_cvt_f32_i32 %603:v[30] dst_sel:dword src0_sel:sbyte0
	 v1: %633:v[34] = v_mac_f32 %4003:v[12], %631:v[30], %630:v[34]
	 v1: %634:v[34] = v_mac_f32 %4001:v[18], %610:v[27], %633:v[34]
	 v1: %6515:v[24],  v1: %6516:v[27] = p_parallelcopy %740:v[21], %745:v[22]
	 v4: %746:v[20-23] = buffer_load_dwordx4 %125:s[28-31], %745:v[22], 0 offen storage:buffer semantics:private,reorder
	 v1: %635:v[34] = v_mac_f32 %4002:v[19], %608:v[26], %634:v[34]
	 v1: %636:v[34] = v_mac_f32 %4000:v[17], %614:v[29], %635:v[34]
	 v1: %637:v[34] = v_mac_f32 %3999:v[16], %616:v[28], %636:v[34]
	 v1: %638:v[28] = v_cvt_f32_f16 %604:v[38][0:16]
	 v1: %640:v[4] = v_mac_f32 %637:v[34], %638:v[28], %436:v[4]
	 v1: %4091:v[6],  v1: %4092:v[7],  v1: %4093:v[8] = p_split_vector %649:v[6-8]
	 v1: %650:v[6] = v_alignbyte_b32 %4092:v[7], %4091:v[6], %6513:v[9]
	 v1: %651:v[8] = v_alignbyte_b32 %4093:v[8], %4092:v[7], %6513:v[9]
	 v1: %656:v[29] = v_cvt_f32_i32 %650:v[6] dst_sel:dword src0_sel:sbyte3
	 v1: %658:v[30] = v_cvt_f32_i32 %650:v[6] dst_sel:dword src0_sel:sbyte2
	 v1: %662:v[34] = v_cvt_f32_i32 %650:v[6] dst_sel:dword src0_sel:sbyte1
	 v1: %664:v[6] = v_cvt_f32_i32 %650:v[6] dst_sel:dword src0_sel:sbyte0
	 v1: %669:v[35] = v_cvt_f32_i32 %651:v[8] dst_sel:dword src0_sel:sbyte3
	 v1: %670:v[35] = v_mul_f32 %4006:v[15], %669:v[35]
	 v1: %671:v[38] = v_cvt_f32_i32 %651:v[8] dst_sel:dword src0_sel:sbyte2
	 v1: %673:v[35] = v_mac_f32 %4005:v[14], %671:v[38], %670:v[35]
	 v1: %676:v[38] = v_cvt_f32_i32 %651:v[8] dst_sel:dword src0_sel:sbyte1
	 v1: %678:v[35] = v_mac_f32 %4004:v[13], %676:v[38], %673:v[35]
	 v1: %6517:v[7] = p_parallelcopy %484:v[25]
	 v4: %748:v[25-28] = buffer_load_dwordx4 %125:s[28-31], %6516:v[27], 0 offset:16 offen storage:buffer semantics:private,reorder
	 v1: %679:v[8] = v_cvt_f32_i32 %651:v[8] dst_sel:dword src0_sel:sbyte0
	 v1: %681:v[35] = v_mac_f32 %4003:v[12], %679:v[8], %678:v[35]
	 v1: %682:v[35] = v_mac_f32 %4001:v[18], %658:v[30], %681:v[35]
	 v1: %683:v[35] = v_mac_f32 %4002:v[19], %656:v[29], %682:v[35]
	 v1: %684:v[35] = v_mac_f32 %4000:v[17], %662:v[34], %683:v[35]
	 v1: %685:v[35] = v_mac_f32 %3999:v[16], %664:v[6], %684:v[35]
	 v1: %749:v[8] = v_add_u32 %131:s[5], %739:v[5]
	 v1: %750:v[8] = v_lshrrev_b32 5, %749:v[8]
	 v1: %751:v[8] = v_add_u32 %91:s[18], %750:v[8]
	 v1: %4180:v[9] = v_lshlrev_b32 1, %751:v[8]
	 v1: %752:v[8] = v_lshl_add_u32 %751:v[8], 5, %4180:v[9]
	 v1: %753:v[29] = v_add_u32 2, %752:v[8]
	 v1: %754:v[30] = v_add_u32 %753:v[29], %6515:v[24]
	 v1: %755:v[29] = v_and_b32 -4, %753:v[29]
	 v1: %756:v[29] = v_add_u32 %755:v[29], %6515:v[24]
	 v1: %6518:v[34],  v1: %6519:v[38] = p_parallelcopy %640:v[4], %739:v[5]
	 v3: %757:v[4-6] = buffer_load_dwordx3 %142:s[24-27], %756:v[29], 0 offen storage:buffer semantics:private,reorder
	 v2b: %760:v[37][16:32] = buffer_load_short_d16_hi %142:s[24-27], %752:v[8], 0 offen storage:buffer semantics:private,reorder
	 v1: %686:v[8] = v_cvt_f32_f16 %652:v[11][0:16]
	 v1: %688:v[7] = v_mac_f32 %685:v[35], %686:v[8], %6517:v[7]
	 v1: %4132:v[31],  v1: %4133:v[32],  v1: %4134:v[33] = p_split_vector %697:v[31-33]
	 v1: %698:v[31] = v_alignbyte_b32 %4133:v[32], %4132:v[31], %694:v[36]
	 v1: %699:v[33] = v_alignbyte_b32 %4134:v[33], %4133:v[32], %694:v[36]
	 v1: %704:v[9] = v_cvt_f32_i32 %698:v[31] dst_sel:dword src0_sel:sbyte3
	 v1: %706:v[11] = v_cvt_f32_i32 %698:v[31] dst_sel:dword src0_sel:sbyte2
	 v1: %710:v[29] = v_cvt_f32_i32 %698:v[31] dst_sel:dword src0_sel:sbyte1
	 v1: %712:v[31] = v_cvt_f32_i32 %698:v[31] dst_sel:dword src0_sel:sbyte0
	 v1: %717:v[32] = v_cvt_f32_i32 %699:v[33] dst_sel:dword src0_sel:sbyte3
	 v1: %718:v[15] = v_mul_f32 %4006:v[15], %717:v[32]
	 v1: %719:v[35] = v_cvt_f32_i32 %699:v[33] dst_sel:dword src0_sel:sbyte2
	 v1: %721:v[15] = v_mac_f32 %4005:v[14], %719:v[35], %718:v[15]
	 v1: %724:v[36] = v_cvt_f32_i32 %699:v[33] dst_sel:dword src0_sel:sbyte1
	 v1: %726:v[15] = v_mac_f32 %4004:v[13], %724:v[36], %721:v[15]
	 v1: %727:v[33] = v_cvt_f32_i32 %699:v[33] dst_sel:dword src0_sel:sbyte0
	 v1: %729:v[15] = v_mac_f32 %4003:v[12], %727:v[33], %726:v[15]
	 v1: %797:v[8] = v_add_u32 %133:s[9], %6519:v[38]
	 v1: %798:v[8] = v_lshrrev_b32 5, %797:v[8]
	 v1: %799:v[8] = v_add_u32 %91:s[18], %798:v[8]
	 v1: %4221:v[12] = v_lshlrev_b32 1, %799:v[8]
	 v1: %800:v[8] = v_lshl_add_u32 %799:v[8], 5, %4221:v[12]
	 v1: %801:v[13] = v_add_u32 2, %800:v[8]
	 v1: %802:v[14] = v_add_u32 %801:v[13], %6515:v[24]
	 v1: %803:v[13] = v_and_b32 -4, %801:v[13]
	 v1: %804:v[13] = v_add_u32 %803:v[13], %6515:v[24]
	 v1: %6520:v[32] = p_parallelcopy %706:v[11]
	 v3: %805:v[11-13] = buffer_load_dwordx3 %142:s[24-27], %804:v[13], 0 offen storage:buffer semantics:private,reorder
	 v2b: %808:v[33][0:16] = buffer_load_short_d16 %142:s[24-27], %800:v[8], 0 offen storage:buffer semantics:private,reorder
	 v1: %730:v[15] = v_mac_f32 %4001:v[18], %6520:v[32], %729:v[15]
	 v1: %731:v[15] = v_mac_f32 %4002:v[19], %704:v[9], %730:v[15]
	 v1: %732:v[15] = v_mac_f32 %4000:v[17], %710:v[29], %731:v[15]
	 v1: %845:v[35] = v_add_u32 %184:s[10], %6519:v[38]
	 v1: %846:v[35] = v_lshrrev_b32 5, %845:v[35]
	 v1: %847:v[35] = v_add_u32 %91:s[18], %846:v[35]
	 v1: %4262:v[36] = v_lshlrev_b32 1, %847:v[35]
	 v1: %848:v[35] = v_lshl_add_u32 %847:v[35], 5, %4262:v[36]
	 v1: %849:v[8] = v_add_u32 2, %848:v[35]
	 v1: %850:v[9] = v_add_u32 %849:v[8], %6515:v[24]
	 v1: %851:v[8] = v_and_b32 -4, %849:v[8]
	 v1: %852:v[8] = v_add_u32 %851:v[8], %6515:v[24]
	 v3: %853:v[17-19] = buffer_load_dwordx3 %142:s[24-27], %852:v[8], 0 offen storage:buffer semantics:private,reorder
	 v2b: %856:v[29][0:16] = buffer_load_short_d16 %142:s[24-27], %848:v[35], 0 offen storage:buffer semantics:private,reorder
	 v1: %733:v[15] = v_mac_f32 %3999:v[16], %712:v[31], %732:v[15]
	 v1: %893:v[38] = v_add_u32 %233:s[11], %6519:v[38]
	 v1: %894:v[38] = v_lshrrev_b32 5, %893:v[38]
	 v1: %895:v[38] = v_add_u32 %91:s[18], %894:v[38]
	 v1: %4303:v[31] = v_lshlrev_b32 1, %895:v[38]
	 v1: %896:v[38] = v_lshl_add_u32 %895:v[38], 5, %4303:v[31]
	 v1: %897:v[32] = v_add_u32 2, %896:v[38]
	 v1: %898:v[35] = v_add_u32 %897:v[32], %6515:v[24]
	 v1: %899:v[32] = v_and_b32 -4, %897:v[32]
	 v1: %900:v[32] = v_add_u32 %899:v[32], %6515:v[24]
	 v1: %734:v[36] = v_cvt_f32_f16 %700:v[37][0:16]
	 v1: %736:v[10] = v_mac_f32 %733:v[15], %734:v[36], %532:v[10]
	 v1: %4172:v[20],  v1: %4173:v[21],  v1: %4174:v[22],  v1: %4175:v[23] = p_split_vector %746:v[20-23]
	 v1: %4176:v[25],  v1: %4177:v[26],  v1: %4178:v[27],  v1: %4179:v[28] = p_split_vector %748:v[25-28]
	 v1: %4182:v[4],  v1: %4183:v[5],  v1: %4184:v[6] = p_split_vector %757:v[4-6]
	 v1: %758:v[4] = v_alignbyte_b32 %4183:v[5], %4182:v[4], %754:v[30]
	 v1: %759:v[6] = v_alignbyte_b32 %4184:v[6], %4183:v[5], %754:v[30]
	 v1: %764:v[5] = v_cvt_f32_i32 %758:v[4] dst_sel:dword src0_sel:sbyte3
	 v1: %766:v[8] = v_cvt_f32_i32 %758:v[4] dst_sel:dword src0_sel:sbyte2
	 v1: %770:v[15] = v_cvt_f32_i32 %758:v[4] dst_sel:dword src0_sel:sbyte1
	 v1: %772:v[4] = v_cvt_f32_i32 %758:v[4] dst_sel:dword src0_sel:sbyte0
	 v1: %777:v[16] = v_cvt_f32_i32 %759:v[6] dst_sel:dword src0_sel:sbyte3
	 v1: %778:v[16] = v_mul_f32 %4179:v[28], %777:v[16]
	 v1: %779:v[24] = v_cvt_f32_i32 %759:v[6] dst_sel:dword src0_sel:sbyte2
	 v1: %781:v[16] = v_mac_f32 %4178:v[27], %779:v[24], %778:v[16]
	 v1: %784:v[30] = v_cvt_f32_i32 %759:v[6] dst_sel:dword src0_sel:sbyte1
	 v1: %786:v[16] = v_mac_f32 %4177:v[26], %784:v[30], %781:v[16]
	 v3: %901:v[30-32] = buffer_load_dwordx3 %142:s[24-27], %900:v[32], 0 offen storage:buffer semantics:private,reorder
	 v2b: %904:v[36][0:16] = buffer_load_short_d16 %142:s[24-27], %896:v[38], 0 offen storage:buffer semantics:private,reorder
	 v1: %787:v[6] = v_cvt_f32_i32 %759:v[6] dst_sel:dword src0_sel:sbyte0
	 v1: %789:v[16] = v_mac_f32 %4176:v[25], %787:v[6], %786:v[16]
	 v1: %790:v[16] = v_mac_f32 %4174:v[22], %766:v[8], %789:v[16]
	 v1: %791:v[16] = v_mac_f32 %4175:v[23], %764:v[5], %790:v[16]
	 v1: %792:v[16] = v_mac_f32 %4173:v[21], %770:v[15], %791:v[16]
	 v1: %793:v[16] = v_mac_f32 %4172:v[20], %772:v[4], %792:v[16]
	 s1: %941:s[0],  s1: %4344:scc = s_add_u32 4, %111:s[0]
	 v1: %794:v[37] = v_cvt_f32_f16 %760:v[37][16:32] dst_sel:dword src0_sel:uword1
	 v1: %796:v[1] = v_mac_f32 %793:v[16], %794:v[37], %592:v[1]
	 v1: %4223:v[11],  v1: %4224:v[12],  v1: %4225:v[13] = p_split_vector %805:v[11-13]
	 v1: %806:v[11] = v_alignbyte_b32 %4224:v[12], %4223:v[11], %802:v[14]
	 v1: %807:v[13] = v_alignbyte_b32 %4225:v[13], %4224:v[12], %802:v[14]
	 v1: %812:v[38] = v_cvt_f32_i32 %806:v[11] dst_sel:dword src0_sel:sbyte3
	 v1: %814:v[4] = v_cvt_f32_i32 %806:v[11] dst_sel:dword src0_sel:sbyte2
	 v1: %818:v[5] = v_cvt_f32_i32 %806:v[11] dst_sel:dword src0_sel:sbyte1
	 v1: %820:v[11] = v_cvt_f32_i32 %806:v[11] dst_sel:dword src0_sel:sbyte0
	 v1: %825:v[6] = v_cvt_f32_i32 %807:v[13] dst_sel:dword src0_sel:sbyte3
	 v1: %826:v[6] = v_mul_f32 %4179:v[28], %825:v[6]
	 v1: %827:v[8] = v_cvt_f32_i32 %807:v[13] dst_sel:dword src0_sel:sbyte2
	 v1: %829:v[6] = v_mac_f32 %4178:v[27], %827:v[8], %826:v[6]
	 v1: %832:v[12] = v_cvt_f32_i32 %807:v[13] dst_sel:dword src0_sel:sbyte1
	 v1: %834:v[6] = v_mac_f32 %4177:v[26], %832:v[12], %829:v[6]
	 v1: %835:v[13] = v_cvt_f32_i32 %807:v[13] dst_sel:dword src0_sel:sbyte0
	 v1: %837:v[6] = v_mac_f32 %4176:v[25], %835:v[13], %834:v[6]
	 v1: %838:v[6] = v_mac_f32 %4174:v[22], %814:v[4], %837:v[6]
	 v1: %839:v[6] = v_mac_f32 %4175:v[23], %812:v[38], %838:v[6]
	 v1: %840:v[6] = v_mac_f32 %4173:v[21], %818:v[5], %839:v[6]
	 v1: %841:v[6] = v_mac_f32 %4172:v[20], %820:v[11], %840:v[6]
	 v1: %842:v[13] = v_cvt_f32_f16 %808:v[33][0:16]
	 v1: %844:v[4] = v_mad_f32 %841:v[6], %842:v[13], %6518:v[34]
	 v1: %4264:v[17],  v1: %4265:v[18],  v1: %4266:v[19] = p_split_vector %853:v[17-19]
	 v1: %854:v[17] = v_alignbyte_b32 %4265:v[18], %4264:v[17], %850:v[9]
	 v1: %855:v[19] = v_alignbyte_b32 %4266:v[19], %4265:v[18], %850:v[9]
	 v1: %860:v[14] = v_cvt_f32_i32 %854:v[17] dst_sel:dword src0_sel:sbyte3
	 v1: %862:v[15] = v_cvt_f32_i32 %854:v[17] dst_sel:dword src0_sel:sbyte2
	 v1: %866:v[16] = v_cvt_f32_i32 %854:v[17] dst_sel:dword src0_sel:sbyte1
	 v1: %868:v[17] = v_cvt_f32_i32 %854:v[17] dst_sel:dword src0_sel:sbyte0
	 v1: %873:v[18] = v_cvt_f32_i32 %855:v[19] dst_sel:dword src0_sel:sbyte3
	 v1: %874:v[18] = v_mul_f32 %4179:v[28], %873:v[18]
	 v1: %875:v[24] = v_cvt_f32_i32 %855:v[19] dst_sel:dword src0_sel:sbyte2
	 v1: %877:v[18] = v_mac_f32 %4178:v[27], %875:v[24], %874:v[18]
	 v1: %880:v[33] = v_cvt_f32_i32 %855:v[19] dst_sel:dword src0_sel:sbyte1
	 v1: %882:v[18] = v_mac_f32 %4177:v[26], %880:v[33], %877:v[18]
	 v1: %883:v[19] = v_cvt_f32_i32 %855:v[19] dst_sel:dword src0_sel:sbyte0
	 v1: %885:v[18] = v_mac_f32 %4176:v[25], %883:v[19], %882:v[18]
	 v1: %886:v[18] = v_mac_f32 %4174:v[22], %862:v[15], %885:v[18]
	 v1: %887:v[18] = v_mac_f32 %4175:v[23], %860:v[14], %886:v[18]
	 v1: %888:v[18] = v_mac_f32 %4173:v[21], %866:v[16], %887:v[18]
	 v1: %889:v[18] = v_mac_f32 %4172:v[20], %868:v[17], %888:v[18]
	 v1: %890:v[34] = v_cvt_f32_f16 %856:v[29][0:16]
	 v1: %892:v[5] = v_mad_f32 %889:v[18], %890:v[34], %688:v[7]
	 v1: %4305:v[30],  v1: %4306:v[31],  v1: %4307:v[32] = p_split_vector %901:v[30-32]
	 v1: %902:v[30] = v_alignbyte_b32 %4306:v[31], %4305:v[30], %898:v[35]
	 v1: %903:v[32] = v_alignbyte_b32 %4307:v[32], %4306:v[31], %898:v[35]
	 v1: %908:v[35] = v_cvt_f32_i32 %902:v[30] dst_sel:dword src0_sel:sbyte3
	 v1: %910:v[37] = v_cvt_f32_i32 %902:v[30] dst_sel:dword src0_sel:sbyte2
	 v1: %914:v[38] = v_cvt_f32_i32 %902:v[30] dst_sel:dword src0_sel:sbyte1
	 v1: %916:v[30] = v_cvt_f32_i32 %902:v[30] dst_sel:dword src0_sel:sbyte0
	 v1: %921:v[6] = v_cvt_f32_i32 %903:v[32] dst_sel:dword src0_sel:sbyte3
	 v1: %922:v[28] = v_mul_f32 %4179:v[28], %921:v[6]
	 v1: %923:v[7] = v_cvt_f32_i32 %903:v[32] dst_sel:dword src0_sel:sbyte2
	 v1: %925:v[28] = v_mac_f32 %4178:v[27], %923:v[7], %922:v[28]
	 v1: %928:v[8] = v_cvt_f32_i32 %903:v[32] dst_sel:dword src0_sel:sbyte1
	 v1: %930:v[28] = v_mac_f32 %4177:v[26], %928:v[8], %925:v[28]
	 v1: %931:v[32] = v_cvt_f32_i32 %903:v[32] dst_sel:dword src0_sel:sbyte0
	 v1: %933:v[28] = v_mac_f32 %4176:v[25], %931:v[32], %930:v[28]
	 v1: %934:v[28] = v_mac_f32 %4174:v[22], %910:v[37], %933:v[28]
	 v1: %935:v[28] = v_mac_f32 %4175:v[23], %908:v[35], %934:v[28]
	 v1: %936:v[28] = v_mac_f32 %4173:v[21], %914:v[38], %935:v[28]
	 v1: %937:v[28] = v_mac_f32 %4172:v[20], %916:v[30], %936:v[28]
	 v1: %938:v[9] = v_cvt_f32_f16 %904:v[36][0:16]
	 v1: %940:v[6] = v_mad_f32 %937:v[28], %938:v[9], %736:v[10]
	p_logical_end
	p_branch BB5
BB11
/* logical preds: BB6, / linear preds: BB7, / kind: uniform, loop-preheader, loop-exit, */
	 v1: %946:v[3] = p_phi %111:s[0]
	 v1: %945:v[1] = p_phi %110:v[1]
	 v1: %944:v[4] = p_phi %109:v[4]
	 v1: %943:v[5] = p_phi %108:v[5]
	 v1: %942:v[6] = p_phi %107:v[6]
	 s2: %0:exec = p_parallelcopy -1
	p_logical_start
	 v1: %948:v[7] = v_and_b32 -2, %103:v[2]
	p_logical_end
	p_branch BB12
BB12
/* logical preds: BB11, BB17, / linear preds: BB11, BB17, / kind: loop-header, branch, */
	 v1: %953:v[3] = p_phi %946:v[3], %1375:v[3]
	 v1: %952:v[1] = p_phi %945:v[1], %1230:v[1]
	 v1: %951:v[4] = p_phi %944:v[4], %1278:v[4]
	 v1: %950:v[5] = p_phi %943:v[5], %1326:v[5]
	 v1: %949:v[6] = p_phi %942:v[6], %1374:v[6]
	p_logical_start
	 s2: %954:vcc = v_cmp_ge_u32 %953:v[3], %948:v[7]
	p_logical_end
	 s2: %6468:s[0-1],  s1: %6467:scc,  s2: %0:exec = s_and_saveexec_b64 %954:vcc, %0:exec
	p_cbranch_z %0:exec BB16, BB13
BB13
/* logical preds: BB12, / linear preds: BB12, / kind: break, */
	p_logical_start
	p_logical_end
	 s2: %6470:s[0-1],  s1: %6469:scc = s_andn2_b64 %6468:s[0-1], %0:exec
	p_cbranch_nz %6469:scc BB15, BB14
BB14
/* logical preds: / linear preds: BB13, / kind: uniform, */
	p_branch BB18
BB15
/* logical preds: / linear preds: BB13, / kind: uniform, */
	p_branch BB17
BB16
/* logical preds: / linear preds: BB12, / kind: uniform, */
	p_branch BB17
BB17
/* logical preds: BB12, / linear preds: BB15, BB16, / kind: uniform, merge, */
	 s2: %6471:s[0-1] = p_linear_phi %6470:s[0-1], %6468:s[0-1]
	 s2: %0:exec = p_parallelcopy %6471:s[0-1]
	p_logical_start
	 s2: %965:s[0-1] = p_create_vector %3558:s[2], 0xffff8000
	 s8: %966:s[24-31] = s_load_dwordx8 %965:s[0-1], 0 storage:buffer semantics:private,reorder
	 v1: %956:v[8] = v_lshl_add_u32 %953:v[3], 9, %95:v[0]
	 v1: %958:v[9] = v_and_b32 31, %956:v[8]
	 v1: %959:v[10] = v_sub_u32 %956:v[8], %958:v[9]
	 s1: %960:s[0] = s_mul_i32 %3562:s[6], %21:s[17]
	 v1: %962:v[10] = v_add3_u32 %958:v[9], %960:s[0], %959:v[10]
	 v1: %968:v[10] = v_lshrrev_b32 2, %962:v[10]
	 v1: %969:v[10] = v_lshlrev_b32 4, %968:v[10]
	 s1: %4345:s[24],  s1: %4346:s[25],  s1: %4347:s[26],  s1: %4348:s[27],  s1: %4349:s[28],  s1: %4350:s[29],  s1: %4351:s[30],  s1: %4352:s[31] = p_split_vector %966:s[24-31]
	 s4: %967:s[28-31] = p_create_vector %4349:s[28], %4350:s[29], %4351:s[30], %4352:s[31]
	 v4: %970:v[12-15] = buffer_load_dwordx4 %967:s[28-31], %969:v[10], 0 offen storage:buffer semantics:private,reorder
	 v4: %972:v[16-19] = buffer_load_dwordx4 %967:s[28-31], %969:v[10], 0 offset:16 offen storage:buffer semantics:private,reorder
	 s1: %973:s[1] = s_mul_i32 %12:s[16], %3559:s[3]
	 v1: %974:v[11] = v_add_u32 %973:s[1], %956:v[8]
	 v1: %976:v[11] = v_lshrrev_b32 5, %974:v[11]
	 v1: %977:v[11] = v_add_u32 %91:s[18], %976:v[11]
	 v1: %4362:v[20] = v_lshlrev_b32 1, %977:v[11]
	 v1: %979:v[11] = v_lshl_add_u32 %977:v[11], 5, %4362:v[20]
	 v1: %980:v[21] = v_add_u32 2, %979:v[11]
	 v1: %981:v[22] = v_add_u32 %980:v[21], %958:v[9]
	 v1: %982:v[21] = v_and_b32 -4, %980:v[21]
	 v1: %983:v[21] = v_add_u32 %982:v[21], %958:v[9]
	 s4: %984:s[24-27] = p_create_vector %4345:s[24], %4346:s[25], %4347:s[26], %4348:s[27]
	 s1: %975:s[4],  s1: %4361:scc = s_add_u32 %973:s[1], %3559:s[3]
	 v1: %1025:v[23] = v_add_u32 %975:s[4], %956:v[8]
	 v1: %1027:v[23] = v_lshrrev_b32 5, %1025:v[23]
	 v1: %1028:v[23] = v_add_u32 %91:s[18], %1027:v[23]
	 v1: %4404:v[24] = v_lshlrev_b32 1, %1028:v[23]
	 v1: %1029:v[23] = v_lshl_add_u32 %1028:v[23], 5, %4404:v[24]
	 v1: %1030:v[25] = v_add_u32 2, %1029:v[23]
	 v1: %1031:v[26] = v_add_u32 %1030:v[25], %958:v[9]
	 v1: %1032:v[25] = v_and_b32 -4, %1030:v[25]
	 v1: %1033:v[25] = v_add_u32 %1032:v[25], %958:v[9]
	 s1: %1026:s[5],  s1: %4403:scc = s_add_u32 %975:s[4], %3559:s[3]
	 v1: %1074:v[27] = v_add_u32 %1026:s[5], %956:v[8]
	 v1: %1076:v[27] = v_lshrrev_b32 5, %1074:v[27]
	 v1: %1077:v[27] = v_add_u32 %91:s[18], %1076:v[27]
	 v1: %4446:v[28] = v_lshlrev_b32 1, %1077:v[27]
	 v1: %1078:v[27] = v_lshl_add_u32 %1077:v[27], 5, %4446:v[28]
	 v1: %1079:v[29] = v_add_u32 2, %1078:v[27]
	 v1: %1080:v[30] = v_add_u32 %1079:v[29], %958:v[9]
	 v1: %1081:v[29] = v_and_b32 -4, %1079:v[29]
	 v1: %1082:v[29] = v_add_u32 %1081:v[29], %958:v[9]
	 v3: %985:v[31-33] = buffer_load_dwordx3 %984:s[24-27], %983:v[21], 0 offen storage:buffer semantics:private,reorder
	 v2b: %988:v[34][0:16] = buffer_load_short_d16 %984:s[24-27], %979:v[11], 0 offen storage:buffer semantics:private,reorder
	 v3: %1034:v[35-37] = buffer_load_dwordx3 %984:s[24-27], %1033:v[25], 0 offen storage:buffer semantics:private,reorder
	 v2b: %1037:v[38][0:16] = buffer_load_short_d16 %984:s[24-27], %1029:v[23], 0 offen storage:buffer semantics:private,reorder
	 v3: %1083:v[23-25] = buffer_load_dwordx3 %984:s[24-27], %1082:v[29], 0 offen storage:buffer semantics:private,reorder
	 v2b: %1086:v[27][0:16] = buffer_load_short_d16 %984:s[24-27], %1078:v[27], 0 offen storage:buffer semantics:private,reorder
	 s1: %1075:s[9],  s1: %4445:scc = s_add_u32 %1026:s[5], %3559:s[3]
	 v1: %1123:v[8] = v_add_u32 %1075:s[9], %956:v[8]
	 v1: %1124:v[8] = v_lshrrev_b32 5, %1123:v[8]
	 v1: %1125:v[8] = v_add_u32 %91:s[18], %1124:v[8]
	 v1: %4487:v[28] = v_lshlrev_b32 1, %1125:v[8]
	 v1: %1126:v[8] = v_lshl_add_u32 %1125:v[8], 5, %4487:v[28]
	 v1: %1127:v[29] = v_add_u32 2, %1126:v[8]
	 v1: %4353:v[12],  v1: %4354:v[13],  v1: %4355:v[14],  v1: %4356:v[15] = p_split_vector %970:v[12-15]
	 v1: %4357:v[16],  v1: %4358:v[17],  v1: %4359:v[18],  v1: %4360:v[19] = p_split_vector %972:v[16-19]
	 v1: %4364:v[31],  v1: %4365:v[32],  v1: %4366:v[33] = p_split_vector %985:v[31-33]
	 v1: %986:v[31] = v_alignbyte_b32 %4365:v[32], %4364:v[31], %981:v[22]
	 v1: %987:v[33] = v_alignbyte_b32 %4366:v[33], %4365:v[32], %981:v[22]
	 v1: %992:v[32] = v_cvt_f32_i32 %986:v[31] dst_sel:dword src0_sel:sbyte3
	 v1: %994:v[10] = v_cvt_f32_i32 %986:v[31] dst_sel:dword src0_sel:sbyte2
	 v1: %998:v[11] = v_cvt_f32_i32 %986:v[31] dst_sel:dword src0_sel:sbyte1
	 v1: %1000:v[31] = v_cvt_f32_i32 %986:v[31] dst_sel:dword src0_sel:sbyte0
	 v1: %1005:v[20] = v_cvt_f32_i32 %987:v[33] dst_sel:dword src0_sel:sbyte3
	 v1: %1006:v[20] = v_mul_f32 %4360:v[19], %1005:v[20]
	 v1: %1007:v[21] = v_cvt_f32_i32 %987:v[33] dst_sel:dword src0_sel:sbyte2
	 v1: %1009:v[20] = v_mac_f32 %4359:v[18], %1007:v[21], %1006:v[20]
	 v1: %1012:v[22] = v_cvt_f32_i32 %987:v[33] dst_sel:dword src0_sel:sbyte1
	 v1: %1014:v[20] = v_mac_f32 %4358:v[17], %1012:v[22], %1009:v[20]
	 v1: %1015:v[33] = v_cvt_f32_i32 %987:v[33] dst_sel:dword src0_sel:sbyte0
	 v1: %1017:v[20] = v_mac_f32 %4357:v[16], %1015:v[33], %1014:v[20]
	 v1: %1128:v[28] = v_add_u32 %1127:v[29], %958:v[9]
	 v1: %1129:v[29] = v_and_b32 -4, %1127:v[29]
	 v1: %1130:v[29] = v_add_u32 %1129:v[29], %958:v[9]
	 v1: %6521:v[9] = p_parallelcopy %1017:v[20]
	 v3: %1131:v[20-22] = buffer_load_dwordx3 %984:s[24-27], %1130:v[29], 0 offen storage:buffer semantics:private,reorder
	 v2b: %1134:v[29][0:16] = buffer_load_short_d16 %984:s[24-27], %1126:v[8], 0 offen storage:buffer semantics:private,reorder
	 v1: %1018:v[9] = v_mac_f32 %4355:v[14], %994:v[10], %6521:v[9]
	 v1: %1019:v[9] = v_mac_f32 %4356:v[15], %992:v[32], %1018:v[9]
	 v1: %1020:v[9] = v_mac_f32 %4354:v[13], %998:v[11], %1019:v[9]
	 v1: %1021:v[9] = v_mac_f32 %4353:v[12], %1000:v[31], %1020:v[9]
	 s1: %1171:s[10] = p_parallelcopy 0x200
	 v1: %1172:v[31] = v_lshl_add_u32 %953:v[3], 9, %1171:s[10]
	 v1: %1173:v[31] = v_add_u32 %1172:v[31], %95:v[0]
	 v1: %1174:v[32] = v_and_b32 31, %1173:v[31]
	 v1: %1175:v[33] = v_sub_u32 %1173:v[31], %1174:v[32]
	 v1: %1177:v[33] = v_add3_u32 %1174:v[32], %960:s[0], %1175:v[33]
	 v1: %1178:v[33] = v_lshrrev_b32 2, %1177:v[33]
	 v1: %1179:v[33] = v_lshlrev_b32 4, %1178:v[33]
	 v1: %1022:v[34] = v_cvt_f32_f16 %988:v[34][0:16]
	 v1: %1024:v[1] = v_mac_f32 %1021:v[9], %1022:v[34], %952:v[1]
	 v1: %4406:v[35],  v1: %4407:v[36],  v1: %4408:v[37] = p_split_vector %1034:v[35-37]
	 v1: %1035:v[35] = v_alignbyte_b32 %4407:v[36], %4406:v[35], %1031:v[26]
	 v1: %1036:v[37] = v_alignbyte_b32 %4408:v[37], %4407:v[36], %1031:v[26]
	 v1: %1041:v[36] = v_cvt_f32_i32 %1035:v[35] dst_sel:dword src0_sel:sbyte3
	 v1: %1043:v[8] = v_cvt_f32_i32 %1035:v[35] dst_sel:dword src0_sel:sbyte2
	 v1: %1047:v[9] = v_cvt_f32_i32 %1035:v[35] dst_sel:dword src0_sel:sbyte1
	 v1: %1049:v[35] = v_cvt_f32_i32 %1035:v[35] dst_sel:dword src0_sel:sbyte0
	 v1: %1054:v[10] = v_cvt_f32_i32 %1036:v[37] dst_sel:dword src0_sel:sbyte3
	 v1: %1055:v[10] = v_mul_f32 %4360:v[19], %1054:v[10]
	 v1: %1056:v[11] = v_cvt_f32_i32 %1036:v[37] dst_sel:dword src0_sel:sbyte2
	 v1: %1058:v[10] = v_mac_f32 %4359:v[18], %1056:v[11], %1055:v[10]
	 v1: %1061:v[26] = v_cvt_f32_i32 %1036:v[37] dst_sel:dword src0_sel:sbyte1
	 v1: %1063:v[10] = v_mac_f32 %4358:v[17], %1061:v[26], %1058:v[10]
	 v1: %1064:v[37] = v_cvt_f32_i32 %1036:v[37] dst_sel:dword src0_sel:sbyte0
	 v1: %1066:v[10] = v_mac_f32 %4357:v[16], %1064:v[37], %1063:v[10]
	 v1: %1067:v[10] = v_mac_f32 %4355:v[14], %1043:v[8], %1066:v[10]
	 v1: %1068:v[10] = v_mac_f32 %4356:v[15], %1041:v[36], %1067:v[10]
	 v1: %6522:v[8] = p_parallelcopy %1049:v[35]
	 v4: %1180:v[34-37] = buffer_load_dwordx4 %967:s[28-31], %1179:v[33], 0 offen storage:buffer semantics:private,reorder
	 v1: %1069:v[10] = v_mac_f32 %4354:v[13], %1047:v[9], %1068:v[10]
	 v1: %1070:v[10] = v_mac_f32 %4353:v[12], %6522:v[8], %1069:v[10]
	 v1: %1071:v[9] = v_cvt_f32_f16 %1037:v[38][0:16]
	 v1: %1073:v[4] = v_mac_f32 %1070:v[10], %1071:v[9], %951:v[4]
	 v1: %4448:v[23],  v1: %4449:v[24],  v1: %4450:v[25] = p_split_vector %1083:v[23-25]
	 v1: %1084:v[23] = v_alignbyte_b32 %4449:v[24], %4448:v[23], %1080:v[30]
	 v1: %1085:v[25] = v_alignbyte_b32 %4450:v[25], %4449:v[24], %1080:v[30]
	 v1: %1090:v[10] = v_cvt_f32_i32 %1084:v[23] dst_sel:dword src0_sel:sbyte3
	 v1: %1092:v[11] = v_cvt_f32_i32 %1084:v[23] dst_sel:dword src0_sel:sbyte2
	 v1: %1096:v[24] = v_cvt_f32_i32 %1084:v[23] dst_sel:dword src0_sel:sbyte1
	 v1: %1098:v[23] = v_cvt_f32_i32 %1084:v[23] dst_sel:dword src0_sel:sbyte0
	 v1: %1103:v[26] = v_cvt_f32_i32 %1085:v[25] dst_sel:dword src0_sel:sbyte3
	 v1: %1104:v[26] = v_mul_f32 %4360:v[19], %1103:v[26]
	 v1: %1105:v[30] = v_cvt_f32_i32 %1085:v[25] dst_sel:dword src0_sel:sbyte2
	 v1: %1107:v[26] = v_mac_f32 %4359:v[18], %1105:v[30], %1104:v[26]
	 v1: %1110:v[38] = v_cvt_f32_i32 %1085:v[25] dst_sel:dword src0_sel:sbyte1
	 v1: %1112:v[26] = v_mac_f32 %4358:v[17], %1110:v[38], %1107:v[26]
	 v1: %1113:v[25] = v_cvt_f32_i32 %1085:v[25] dst_sel:dword src0_sel:sbyte0
	 v1: %1115:v[26] = v_mac_f32 %4357:v[16], %1113:v[25], %1112:v[26]
	 v1: %6523:v[38],  v1: %6524:v[25] = p_parallelcopy %1090:v[10], %1092:v[11]
	 v4: %1182:v[8-11] = buffer_load_dwordx4 %967:s[28-31], %1179:v[33], 0 offset:16 offen storage:buffer semantics:private,reorder
	 v1: %1116:v[26] = v_mac_f32 %4355:v[14], %6524:v[25], %1115:v[26]
	 v1: %1117:v[26] = v_mac_f32 %4356:v[15], %6523:v[38], %1116:v[26]
	 v1: %1118:v[26] = v_mac_f32 %4354:v[13], %1096:v[24], %1117:v[26]
	 v1: %1119:v[26] = v_mac_f32 %4353:v[12], %1098:v[23], %1118:v[26]
	 v1: %1183:v[30] = v_add_u32 %973:s[1], %1173:v[31]
	 v1: %1184:v[30] = v_lshrrev_b32 5, %1183:v[30]
	 v1: %1185:v[30] = v_add_u32 %91:s[18], %1184:v[30]
	 v1: %4536:v[33] = v_lshlrev_b32 1, %1185:v[30]
	 v1: %1186:v[30] = v_lshl_add_u32 %1185:v[30], 5, %4536:v[33]
	 v1: %1187:v[38] = v_add_u32 2, %1186:v[30]
	 v1: %1188:v[23] = v_add_u32 %1187:v[38], %1174:v[32]
	 v1: %1189:v[38] = v_and_b32 -4, %1187:v[38]
	 v1: %1190:v[38] = v_add_u32 %1189:v[38], %1174:v[32]
	 v1: %1120:v[24] = v_cvt_f32_f16 %1086:v[27][0:16]
	 v1: %1122:v[5] = v_mac_f32 %1119:v[26], %1120:v[24], %950:v[5]
	 v1: %4489:v[20],  v1: %4490:v[21],  v1: %4491:v[22] = p_split_vector %1131:v[20-22]
	 v1: %1132:v[20] = v_alignbyte_b32 %4490:v[21], %4489:v[20], %1128:v[28]
	 v1: %1133:v[22] = v_alignbyte_b32 %4491:v[22], %4490:v[21], %1128:v[28]
	 v1: %1138:v[25] = v_cvt_f32_i32 %1132:v[20] dst_sel:dword src0_sel:sbyte3
	 v1: %1140:v[26] = v_cvt_f32_i32 %1132:v[20] dst_sel:dword src0_sel:sbyte2
	 v1: %1144:v[27] = v_cvt_f32_i32 %1132:v[20] dst_sel:dword src0_sel:sbyte1
	 v1: %1146:v[20] = v_cvt_f32_i32 %1132:v[20] dst_sel:dword src0_sel:sbyte0
	 v1: %1151:v[28] = v_cvt_f32_i32 %1133:v[22] dst_sel:dword src0_sel:sbyte3
	 v1: %1152:v[19] = v_mul_f32 %4360:v[19], %1151:v[28]
	 v1: %1153:v[33] = v_cvt_f32_i32 %1133:v[22] dst_sel:dword src0_sel:sbyte2
	 v1: %1155:v[19] = v_mac_f32 %4359:v[18], %1153:v[33], %1152:v[19]
	 v1: %6525:v[21],  v1: %6526:v[24] = p_parallelcopy %4357:v[16], %4358:v[17]
	 v3: %1191:v[16-18] = buffer_load_dwordx3 %984:s[24-27], %1190:v[38], 0 offen storage:buffer semantics:private,reorder
	 v2b: %1194:v[28][0:16] = buffer_load_short_d16 %984:s[24-27], %1186:v[30], 0 offen storage:buffer semantics:private,reorder
	 v1: %1158:v[30] = v_cvt_f32_i32 %1133:v[22] dst_sel:dword src0_sel:sbyte1
	 v1: %1160:v[19] = v_mac_f32 %6526:v[24], %1158:v[30], %1155:v[19]
	 v1: %1161:v[22] = v_cvt_f32_i32 %1133:v[22] dst_sel:dword src0_sel:sbyte0
	 v1: %1163:v[19] = v_mac_f32 %6525:v[21], %1161:v[22], %1160:v[19]
	 v1: %1164:v[19] = v_mac_f32 %4355:v[14], %1140:v[26], %1163:v[19]
	 v1: %1231:v[33] = v_add_u32 %975:s[4], %1173:v[31]
	 v1: %1232:v[33] = v_lshrrev_b32 5, %1231:v[33]
	 v1: %1233:v[33] = v_add_u32 %91:s[18], %1232:v[33]
	 v1: %4577:v[38] = v_lshlrev_b32 1, %1233:v[33]
	 v1: %1234:v[33] = v_lshl_add_u32 %1233:v[33], 5, %4577:v[38]
	 v1: %1235:v[38] = v_add_u32 2, %1234:v[33]
	 v1: %1236:v[14] = v_add_u32 %1235:v[38], %1174:v[32]
	 v1: %1237:v[38] = v_and_b32 -4, %1235:v[38]
	 v1: %1238:v[38] = v_add_u32 %1237:v[38], %1174:v[32]
	 v1: %1165:v[19] = v_mac_f32 %4356:v[15], %1138:v[25], %1164:v[19]
	 v1: %1166:v[19] = v_mac_f32 %4354:v[13], %1144:v[27], %1165:v[19]
	 v1: %1279:v[15] = v_add_u32 %1026:s[5], %1173:v[31]
	 v1: %1280:v[15] = v_lshrrev_b32 5, %1279:v[15]
	 v1: %1281:v[15] = v_add_u32 %91:s[18], %1280:v[15]
	 v1: %4618:v[21] = v_lshlrev_b32 1, %1281:v[15]
	 v1: %1282:v[15] = v_lshl_add_u32 %1281:v[15], 5, %4618:v[21]
	 v1: %1283:v[22] = v_add_u32 2, %1282:v[15]
	 v1: %1284:v[24] = v_add_u32 %1283:v[22], %1174:v[32]
	 v1: %1285:v[22] = v_and_b32 -4, %1283:v[22]
	 v1: %1286:v[22] = v_add_u32 %1285:v[22], %1174:v[32]
	 v3: %1239:v[25-27] = buffer_load_dwordx3 %984:s[24-27], %1238:v[38], 0 offen storage:buffer semantics:private,reorder
	 v2b: %1242:v[30][0:16] = buffer_load_short_d16 %984:s[24-27], %1234:v[33], 0 offen storage:buffer semantics:private,reorder
	 v1: %6527:v[13] = p_parallelcopy %1146:v[20]
	 v3: %1287:v[20-22] = buffer_load_dwordx3 %984:s[24-27], %1286:v[22], 0 offen storage:buffer semantics:private,reorder
	 v2b: %1290:v[15][0:16] = buffer_load_short_d16 %984:s[24-27], %1282:v[15], 0 offen storage:buffer semantics:private,reorder
	 v1: %1167:v[19] = v_mac_f32 %4353:v[12], %6527:v[13], %1166:v[19]
	 v1: %1327:v[31] = v_add_u32 %1075:s[9], %1173:v[31]
	 v1: %1328:v[31] = v_lshrrev_b32 5, %1327:v[31]
	 v1: %1329:v[31] = v_add_u32 %91:s[18], %1328:v[31]
	 v1: %4659:v[33] = v_lshlrev_b32 1, %1329:v[31]
	 v1: %1330:v[31] = v_lshl_add_u32 %1329:v[31], 5, %4659:v[33]
	 v1: %1331:v[38] = v_add_u32 2, %1330:v[31]
	 v1: %1168:v[12] = v_cvt_f32_f16 %1134:v[29][0:16]
	 v1: %1170:v[6] = v_mac_f32 %1167:v[19], %1168:v[12], %949:v[6]
	 v1: %4528:v[34],  v1: %4529:v[35],  v1: %4530:v[36],  v1: %4531:v[37] = p_split_vector %1180:v[34-37]
	 v1: %4532:v[8],  v1: %4533:v[9],  v1: %4534:v[10],  v1: %4535:v[11] = p_split_vector %1182:v[8-11]
	 v1: %4538:v[16],  v1: %4539:v[17],  v1: %4540:v[18] = p_split_vector %1191:v[16-18]
	 v1: %1192:v[16] = v_alignbyte_b32 %4539:v[17], %4538:v[16], %1188:v[23]
	 v1: %1193:v[18] = v_alignbyte_b32 %4540:v[18], %4539:v[17], %1188:v[23]
	 v1: %1198:v[13] = v_cvt_f32_i32 %1192:v[16] dst_sel:dword src0_sel:sbyte3
	 v1: %1200:v[17] = v_cvt_f32_i32 %1192:v[16] dst_sel:dword src0_sel:sbyte2
	 v1: %1204:v[19] = v_cvt_f32_i32 %1192:v[16] dst_sel:dword src0_sel:sbyte1
	 v1: %1206:v[16] = v_cvt_f32_i32 %1192:v[16] dst_sel:dword src0_sel:sbyte0
	 v1: %1211:v[23] = v_cvt_f32_i32 %1193:v[18] dst_sel:dword src0_sel:sbyte3
	 v1: %1212:v[23] = v_mul_f32 %4535:v[11], %1211:v[23]
	 v1: %1213:v[29] = v_cvt_f32_i32 %1193:v[18] dst_sel:dword src0_sel:sbyte2
	 v1: %1215:v[23] = v_mac_f32 %4534:v[10], %1213:v[29], %1212:v[23]
	 v1: %1218:v[33] = v_cvt_f32_i32 %1193:v[18] dst_sel:dword src0_sel:sbyte1
	 v1: %1220:v[23] = v_mac_f32 %4533:v[9], %1218:v[33], %1215:v[23]
	 v1: %1221:v[18] = v_cvt_f32_i32 %1193:v[18] dst_sel:dword src0_sel:sbyte0
	 v1: %1223:v[23] = v_mac_f32 %4532:v[8], %1221:v[18], %1220:v[23]
	 v1: %1332:v[12] = v_add_u32 %1331:v[38], %1174:v[32]
	 v1: %1333:v[38] = v_and_b32 -4, %1331:v[38]
	 v1: %1334:v[38] = v_add_u32 %1333:v[38], %1174:v[32]
	 v1: %6528:v[18] = p_parallelcopy %1330:v[31]
	 v3: %1335:v[31-33] = buffer_load_dwordx3 %984:s[24-27], %1334:v[38], 0 offen storage:buffer semantics:private,reorder
	 v2b: %1338:v[29][0:16] = buffer_load_short_d16 %984:s[24-27], %6528:v[18], 0 offen storage:buffer semantics:private,reorder
	 v1: %1224:v[23] = v_mac_f32 %4530:v[36], %1200:v[17], %1223:v[23]
	 v1: %1225:v[23] = v_mac_f32 %4531:v[37], %1198:v[13], %1224:v[23]
	 v1: %1226:v[23] = v_mac_f32 %4529:v[35], %1204:v[19], %1225:v[23]
	 v1: %1227:v[23] = v_mac_f32 %4528:v[34], %1206:v[16], %1226:v[23]
	 v1: %1375:v[3] = v_add_u32 2, %953:v[3]
	 v1: %1228:v[38] = v_cvt_f32_f16 %1194:v[28][0:16]
	 v1: %1230:v[1] = v_mac_f32 %1227:v[23], %1228:v[38], %1024:v[1]
	 v1: %4579:v[25],  v1: %4580:v[26],  v1: %4581:v[27] = p_split_vector %1239:v[25-27]
	 v1: %1240:v[25] = v_alignbyte_b32 %4580:v[26], %4579:v[25], %1236:v[14]
	 v1: %1241:v[27] = v_alignbyte_b32 %4581:v[27], %4580:v[26], %1236:v[14]
	 v1: %1246:v[38] = v_cvt_f32_i32 %1240:v[25] dst_sel:dword src0_sel:sbyte3
	 v1: %1248:v[13] = v_cvt_f32_i32 %1240:v[25] dst_sel:dword src0_sel:sbyte2
	 v1: %1252:v[14] = v_cvt_f32_i32 %1240:v[25] dst_sel:dword src0_sel:sbyte1
	 v1: %1254:v[25] = v_cvt_f32_i32 %1240:v[25] dst_sel:dword src0_sel:sbyte0
	 v1: %1259:v[16] = v_cvt_f32_i32 %1241:v[27] dst_sel:dword src0_sel:sbyte3
	 v1: %1260:v[16] = v_mul_f32 %4535:v[11], %1259:v[16]
	 v1: %1261:v[17] = v_cvt_f32_i32 %1241:v[27] dst_sel:dword src0_sel:sbyte2
	 v1: %1263:v[16] = v_mac_f32 %4534:v[10], %1261:v[17], %1260:v[16]
	 v1: %1266:v[18] = v_cvt_f32_i32 %1241:v[27] dst_sel:dword src0_sel:sbyte1
	 v1: %1268:v[16] = v_mac_f32 %4533:v[9], %1266:v[18], %1263:v[16]
	 v1: %1269:v[27] = v_cvt_f32_i32 %1241:v[27] dst_sel:dword src0_sel:sbyte0
	 v1: %1271:v[16] = v_mac_f32 %4532:v[8], %1269:v[27], %1268:v[16]
	 v1: %1272:v[16] = v_mac_f32 %4530:v[36], %1248:v[13], %1271:v[16]
	 v1: %1273:v[16] = v_mac_f32 %4531:v[37], %1246:v[38], %1272:v[16]
	 v1: %1274:v[16] = v_mac_f32 %4529:v[35], %1252:v[14], %1273:v[16]
	 v1: %1275:v[16] = v_mac_f32 %4528:v[34], %1254:v[25], %1274:v[16]
	 v1: %1276:v[19] = v_cvt_f32_f16 %1242:v[30][0:16]
	 v1: %1278:v[4] = v_mac_f32 %1275:v[16], %1276:v[19], %1073:v[4]
	 v1: %4620:v[20],  v1: %4621:v[21],  v1: %4622:v[22] = p_split_vector %1287:v[20-22]
	 v1: %1288:v[20] = v_alignbyte_b32 %4621:v[21], %4620:v[20], %1284:v[24]
	 v1: %1289:v[22] = v_alignbyte_b32 %4622:v[22], %4621:v[21], %1284:v[24]
	 v1: %1294:v[21] = v_cvt_f32_i32 %1288:v[20] dst_sel:dword src0_sel:sbyte3
	 v1: %1296:v[23] = v_cvt_f32_i32 %1288:v[20] dst_sel:dword src0_sel:sbyte2
	 v1: %1300:v[24] = v_cvt_f32_i32 %1288:v[20] dst_sel:dword src0_sel:sbyte1
	 v1: %1302:v[20] = v_cvt_f32_i32 %1288:v[20] dst_sel:dword src0_sel:sbyte0
	 v1: %1307:v[25] = v_cvt_f32_i32 %1289:v[22] dst_sel:dword src0_sel:sbyte3
	 v1: %1308:v[25] = v_mul_f32 %4535:v[11], %1307:v[25]
	 v1: %1309:v[26] = v_cvt_f32_i32 %1289:v[22] dst_sel:dword src0_sel:sbyte2
	 v1: %1311:v[25] = v_mac_f32 %4534:v[10], %1309:v[26], %1308:v[25]
	 v1: %1314:v[27] = v_cvt_f32_i32 %1289:v[22] dst_sel:dword src0_sel:sbyte1
	 v1: %1316:v[25] = v_mac_f32 %4533:v[9], %1314:v[27], %1311:v[25]
	 v1: %1317:v[22] = v_cvt_f32_i32 %1289:v[22] dst_sel:dword src0_sel:sbyte0
	 v1: %1319:v[25] = v_mac_f32 %4532:v[8], %1317:v[22], %1316:v[25]
	 v1: %1320:v[25] = v_mac_f32 %4530:v[36], %1296:v[23], %1319:v[25]
	 v1: %1321:v[25] = v_mac_f32 %4531:v[37], %1294:v[21], %1320:v[25]
	 v1: %1322:v[25] = v_mac_f32 %4529:v[35], %1300:v[24], %1321:v[25]
	 v1: %1323:v[25] = v_mac_f32 %4528:v[34], %1302:v[20], %1322:v[25]
	 v1: %1324:v[28] = v_cvt_f32_f16 %1290:v[15][0:16]
	 v1: %1326:v[5] = v_mac_f32 %1323:v[25], %1324:v[28], %1122:v[5]
	 v1: %4661:v[31],  v1: %4662:v[32],  v1: %4663:v[33] = p_split_vector %1335:v[31-33]
	 v1: %1336:v[31] = v_alignbyte_b32 %4662:v[32], %4661:v[31], %1332:v[12]
	 v1: %1337:v[33] = v_alignbyte_b32 %4663:v[33], %4662:v[32], %1332:v[12]
	 v1: %1342:v[30] = v_cvt_f32_i32 %1336:v[31] dst_sel:dword src0_sel:sbyte3
	 v1: %1344:v[32] = v_cvt_f32_i32 %1336:v[31] dst_sel:dword src0_sel:sbyte2
	 v1: %1348:v[38] = v_cvt_f32_i32 %1336:v[31] dst_sel:dword src0_sel:sbyte1
	 v1: %1350:v[31] = v_cvt_f32_i32 %1336:v[31] dst_sel:dword src0_sel:sbyte0
	 v1: %1355:v[12] = v_cvt_f32_i32 %1337:v[33] dst_sel:dword src0_sel:sbyte3
	 v1: %1356:v[11] = v_mul_f32 %4535:v[11], %1355:v[12]
	 v1: %1357:v[13] = v_cvt_f32_i32 %1337:v[33] dst_sel:dword src0_sel:sbyte2
	 v1: %1359:v[11] = v_mac_f32 %4534:v[10], %1357:v[13], %1356:v[11]
	 v1: %1362:v[14] = v_cvt_f32_i32 %1337:v[33] dst_sel:dword src0_sel:sbyte1
	 v1: %1364:v[11] = v_mac_f32 %4533:v[9], %1362:v[14], %1359:v[11]
	 v1: %1365:v[33] = v_cvt_f32_i32 %1337:v[33] dst_sel:dword src0_sel:sbyte0
	 v1: %1367:v[11] = v_mac_f32 %4532:v[8], %1365:v[33], %1364:v[11]
	 v1: %1368:v[11] = v_mac_f32 %4530:v[36], %1344:v[32], %1367:v[11]
	 v1: %1369:v[11] = v_mac_f32 %4531:v[37], %1342:v[30], %1368:v[11]
	 v1: %1370:v[11] = v_mac_f32 %4529:v[35], %1348:v[38], %1369:v[11]
	 v1: %1371:v[11] = v_mac_f32 %4528:v[34], %1350:v[31], %1370:v[11]
	 v1: %1372:v[15] = v_cvt_f32_f16 %1338:v[29][0:16]
	 v1: %1374:v[6] = v_mac_f32 %1371:v[11], %1372:v[15], %1170:v[6]
	p_logical_end
	p_branch BB12
BB18
/* logical preds: BB13, / linear preds: BB14, / kind: uniform, loop-preheader, loop-exit, */
	 v1: %1380:v[3] = p_phi %953:v[3]
	 v1: %1379:v[1] = p_phi %952:v[1]
	 v1: %1378:v[4] = p_phi %951:v[4]
	 v1: %1377:v[5] = p_phi %950:v[5]
	 v1: %1376:v[6] = p_phi %949:v[6]
	 s2: %0:exec = p_parallelcopy -1
	p_logical_start
	p_logical_end
	p_branch BB19
BB19
/* logical preds: BB18, BB24, / linear preds: BB18, BB24, / kind: loop-header, branch, */
	 v1: %1386:v[3] = p_phi %1380:v[3], %1604:v[3]
	 v1: %1385:v[1] = p_phi %1379:v[1], %1457:v[1]
	 v1: %1384:v[4] = p_phi %1378:v[4], %1506:v[4]
	 v1: %1383:v[5] = p_phi %1377:v[5], %1555:v[5]
	 v1: %1382:v[6] = p_phi %1376:v[6], %1603:v[6]
	p_logical_start
	 s2: %1387:vcc = v_cmp_ge_u32 %1386:v[3], %103:v[2]
	p_logical_end
	 s2: %6473:s[0-1],  s1: %6472:scc,  s2: %0:exec = s_and_saveexec_b64 %1387:vcc, %0:exec
	p_cbranch_z %0:exec BB23, BB20
BB20
/* logical preds: BB19, / linear preds: BB19, / kind: break, */
	p_logical_start
	p_logical_end
	 s2: %6475:s[0-1],  s1: %6474:scc = s_andn2_b64 %6473:s[0-1], %0:exec
	p_cbranch_nz %6474:scc BB22, BB21
BB21
/* logical preds: / linear preds: BB20, / kind: uniform, */
	p_branch BB25
BB22
/* logical preds: / linear preds: BB20, / kind: uniform, */
	p_branch BB24
BB23
/* logical preds: / linear preds: BB19, / kind: uniform, */
	p_branch BB24
BB24
/* logical preds: BB19, / linear preds: BB22, BB23, / kind: uniform, merge, */
	 s2: %6476:s[0-1] = p_linear_phi %6475:s[0-1], %6473:s[0-1]
	 s2: %0:exec = p_parallelcopy %6476:s[0-1]
	p_logical_start
	 s2: %1398:s[0-1] = p_create_vector %3558:s[2], 0xffff8000
	 s8: %1399:s[24-31] = s_load_dwordx8 %1398:s[0-1], 0 storage:buffer semantics:private,reorder
	 v1: %1389:v[7] = v_lshl_add_u32 %1386:v[3], 9, %95:v[0]
	 v1: %1391:v[8] = v_and_b32 31, %1389:v[7]
	 v1: %1392:v[9] = v_sub_u32 %1389:v[7], %1391:v[8]
	 s1: %1393:s[0] = s_mul_i32 %3562:s[6], %21:s[17]
	 v1: %1395:v[9] = v_add3_u32 %1391:v[8], %1393:s[0], %1392:v[9]
	 v1: %1401:v[9] = v_lshrrev_b32 2, %1395:v[9]
	 v1: %1402:v[9] = v_lshlrev_b32 4, %1401:v[9]
	 s1: %4700:s[24],  s1: %4701:s[25],  s1: %4702:s[26],  s1: %4703:s[27],  s1: %4704:s[28],  s1: %4705:s[29],  s1: %4706:s[30],  s1: %4707:s[31] = p_split_vector %1399:s[24-31]
	 s4: %1400:s[28-31] = p_create_vector %4704:s[28], %4705:s[29], %4706:s[30], %4707:s[31]
	 v4: %1403:v[12-15] = buffer_load_dwordx4 %1400:s[28-31], %1402:v[9], 0 offen storage:buffer semantics:private,reorder
	 v4: %1405:v[16-19] = buffer_load_dwordx4 %1400:s[28-31], %1402:v[9], 0 offset:16 offen storage:buffer semantics:private,reorder
	 s1: %1406:s[1] = s_mul_i32 %12:s[16], %3559:s[3]
	 v1: %1407:v[10] = v_add_u32 %1406:s[1], %1389:v[7]
	 v1: %1409:v[10] = v_lshrrev_b32 5, %1407:v[10]
	 v1: %1410:v[10] = v_add_u32 %91:s[18], %1409:v[10]
	 v1: %4717:v[11] = v_lshlrev_b32 1, %1410:v[10]
	 v1: %1412:v[10] = v_lshl_add_u32 %1410:v[10], 5, %4717:v[11]
	 v1: %1413:v[20] = v_add_u32 2, %1412:v[10]
	 v1: %1414:v[21] = v_add_u32 %1413:v[20], %1391:v[8]
	 v1: %1415:v[20] = v_and_b32 -4, %1413:v[20]
	 v1: %1416:v[20] = v_add_u32 %1415:v[20], %1391:v[8]
	 s4: %1417:s[24-27] = p_create_vector %4700:s[24], %4701:s[25], %4702:s[26], %4703:s[27]
	 s1: %1408:s[1],  s1: %4716:scc = s_add_u32 %1406:s[1], %3559:s[3]
	 v1: %1458:v[22] = v_add_u32 %1408:s[1], %1389:v[7]
	 v1: %1460:v[22] = v_lshrrev_b32 5, %1458:v[22]
	 v1: %1461:v[22] = v_add_u32 %91:s[18], %1460:v[22]
	 v1: %4759:v[23] = v_lshlrev_b32 1, %1461:v[22]
	 v1: %1462:v[22] = v_lshl_add_u32 %1461:v[22], 5, %4759:v[23]
	 v1: %1463:v[24] = v_add_u32 2, %1462:v[22]
	 v1: %1464:v[25] = v_add_u32 %1463:v[24], %1391:v[8]
	 v1: %1465:v[24] = v_and_b32 -4, %1463:v[24]
	 v1: %1466:v[24] = v_add_u32 %1465:v[24], %1391:v[8]
	 s1: %1459:s[1],  s1: %4758:scc = s_add_u32 %1408:s[1], %3559:s[3]
	 v1: %1507:v[26] = v_add_u32 %1459:s[1], %1389:v[7]
	 v1: %1509:v[26] = v_lshrrev_b32 5, %1507:v[26]
	 v1: %1510:v[26] = v_add_u32 %91:s[18], %1509:v[26]
	 v1: %4801:v[27] = v_lshlrev_b32 1, %1510:v[26]
	 v1: %1511:v[26] = v_lshl_add_u32 %1510:v[26], 5, %4801:v[27]
	 v1: %1512:v[28] = v_add_u32 2, %1511:v[26]
	 v1: %1513:v[29] = v_add_u32 %1512:v[28], %1391:v[8]
	 v1: %1514:v[28] = v_and_b32 -4, %1512:v[28]
	 v1: %1515:v[28] = v_add_u32 %1514:v[28], %1391:v[8]
	 v3: %1418:v[30-32] = buffer_load_dwordx3 %1417:s[24-27], %1416:v[20], 0 offen storage:buffer semantics:private,reorder
	 v2b: %1421:v[33][0:16] = buffer_load_short_d16 %1417:s[24-27], %1412:v[10], 0 offen storage:buffer semantics:private,reorder
	 v3: %1467:v[34-36] = buffer_load_dwordx3 %1417:s[24-27], %1466:v[24], 0 offen storage:buffer semantics:private,reorder
	 v2b: %1470:v[37][0:16] = buffer_load_short_d16 %1417:s[24-27], %1462:v[22], 0 offen storage:buffer semantics:private,reorder
	 v3: %1516:v[9-11] = buffer_load_dwordx3 %1417:s[24-27], %1515:v[28], 0 offen storage:buffer semantics:private,reorder
	 v2b: %1519:v[20][0:16] = buffer_load_short_d16 %1417:s[24-27], %1511:v[26], 0 offen storage:buffer semantics:private,reorder
	 s1: %1508:s[1],  s1: %4800:scc = s_add_u32 %1459:s[1], %3559:s[3]
	 v1: %1556:v[7] = v_add_u32 %1508:s[1], %1389:v[7]
	 v1: %1557:v[7] = v_lshrrev_b32 5, %1556:v[7]
	 v1: %1558:v[7] = v_add_u32 %91:s[18], %1557:v[7]
	 v1: %4842:v[22] = v_lshlrev_b32 1, %1558:v[7]
	 v1: %1559:v[7] = v_lshl_add_u32 %1558:v[7], 5, %4842:v[22]
	 v1: %1560:v[23] = v_add_u32 2, %1559:v[7]
	 v1: %1561:v[24] = v_add_u32 %1560:v[23], %1391:v[8]
	 v1: %1562:v[23] = v_and_b32 -4, %1560:v[23]
	 v1: %1563:v[23] = v_add_u32 %1562:v[23], %1391:v[8]
	 v1: %4708:v[12],  v1: %4709:v[13],  v1: %4710:v[14],  v1: %4711:v[15] = p_split_vector %1403:v[12-15]
	 v1: %4712:v[16],  v1: %4713:v[17],  v1: %4714:v[18],  v1: %4715:v[19] = p_split_vector %1405:v[16-19]
	 v1: %4719:v[30],  v1: %4720:v[31],  v1: %4721:v[32] = p_split_vector %1418:v[30-32]
	 v1: %1419:v[30] = v_alignbyte_b32 %4720:v[31], %4719:v[30], %1414:v[21]
	 v1: %1420:v[32] = v_alignbyte_b32 %4721:v[32], %4720:v[31], %1414:v[21]
	 v1: %1425:v[26] = v_cvt_f32_i32 %1419:v[30] dst_sel:dword src0_sel:sbyte3
	 v1: %1427:v[27] = v_cvt_f32_i32 %1419:v[30] dst_sel:dword src0_sel:sbyte2
	 v1: %1431:v[28] = v_cvt_f32_i32 %1419:v[30] dst_sel:dword src0_sel:sbyte1
	 v1: %1433:v[30] = v_cvt_f32_i32 %1419:v[30] dst_sel:dword src0_sel:sbyte0
	 v1: %1438:v[31] = v_cvt_f32_i32 %1420:v[32] dst_sel:dword src0_sel:sbyte3
	 v1: %1439:v[31] = v_mul_f32 %4715:v[19], %1438:v[31]
	 v1: %1440:v[38] = v_cvt_f32_i32 %1420:v[32] dst_sel:dword src0_sel:sbyte2
	 v1: %1442:v[31] = v_mac_f32 %4714:v[18], %1440:v[38], %1439:v[31]
	 v1: %1445:v[38] = v_cvt_f32_i32 %1420:v[32] dst_sel:dword src0_sel:sbyte1
	 v1: %1447:v[31] = v_mac_f32 %4713:v[17], %1445:v[38], %1442:v[31]
	 v3: %1564:v[21-23] = buffer_load_dwordx3 %1417:s[24-27], %1563:v[23], 0 offen storage:buffer semantics:private,reorder
	 v2b: %1567:v[38][0:16] = buffer_load_short_d16 %1417:s[24-27], %1559:v[7], 0 offen storage:buffer semantics:private,reorder
	 v1: %1448:v[32] = v_cvt_f32_i32 %1420:v[32] dst_sel:dword src0_sel:sbyte0
	 v1: %1450:v[31] = v_mac_f32 %4712:v[16], %1448:v[32], %1447:v[31]
	 v1: %1451:v[31] = v_mac_f32 %4710:v[14], %1427:v[27], %1450:v[31]
	 v1: %1452:v[31] = v_mac_f32 %4711:v[15], %1425:v[26], %1451:v[31]
	 v1: %1453:v[31] = v_mac_f32 %4709:v[13], %1431:v[28], %1452:v[31]
	 v1: %1454:v[31] = v_mac_f32 %4708:v[12], %1433:v[30], %1453:v[31]
	 v1: %1604:v[3] = v_add_u32 1, %1386:v[3]
	 v1: %1455:v[26] = v_cvt_f32_f16 %1421:v[33][0:16]
	 v1: %1457:v[1] = v_mac_f32 %1454:v[31], %1455:v[26], %1385:v[1]
	 v1: %4761:v[34],  v1: %4762:v[35],  v1: %4763:v[36] = p_split_vector %1467:v[34-36]
	 v1: %1468:v[34] = v_alignbyte_b32 %4762:v[35], %4761:v[34], %1464:v[25]
	 v1: %1469:v[36] = v_alignbyte_b32 %4763:v[36], %4762:v[35], %1464:v[25]
	 v1: %1474:v[27] = v_cvt_f32_i32 %1468:v[34] dst_sel:dword src0_sel:sbyte3
	 v1: %1476:v[28] = v_cvt_f32_i32 %1468:v[34] dst_sel:dword src0_sel:sbyte2
	 v1: %1480:v[30] = v_cvt_f32_i32 %1468:v[34] dst_sel:dword src0_sel:sbyte1
	 v1: %1482:v[34] = v_cvt_f32_i32 %1468:v[34] dst_sel:dword src0_sel:sbyte0
	 v1: %1487:v[31] = v_cvt_f32_i32 %1469:v[36] dst_sel:dword src0_sel:sbyte3
	 v1: %1488:v[31] = v_mul_f32 %4715:v[19], %1487:v[31]
	 v1: %1489:v[32] = v_cvt_f32_i32 %1469:v[36] dst_sel:dword src0_sel:sbyte2
	 v1: %1491:v[31] = v_mac_f32 %4714:v[18], %1489:v[32], %1488:v[31]
	 v1: %1494:v[33] = v_cvt_f32_i32 %1469:v[36] dst_sel:dword src0_sel:sbyte1
	 v1: %1496:v[31] = v_mac_f32 %4713:v[17], %1494:v[33], %1491:v[31]
	 v1: %1497:v[36] = v_cvt_f32_i32 %1469:v[36] dst_sel:dword src0_sel:sbyte0
	 v1: %1499:v[31] = v_mac_f32 %4712:v[16], %1497:v[36], %1496:v[31]
	 v1: %1500:v[31] = v_mac_f32 %4710:v[14], %1476:v[28], %1499:v[31]
	 v1: %1501:v[31] = v_mac_f32 %4711:v[15], %1474:v[27], %1500:v[31]
	 v1: %1502:v[31] = v_mac_f32 %4709:v[13], %1480:v[30], %1501:v[31]
	 v1: %1503:v[31] = v_mac_f32 %4708:v[12], %1482:v[34], %1502:v[31]
	 v1: %1504:v[34] = v_cvt_f32_f16 %1470:v[37][0:16]
	 v1: %1506:v[4] = v_mac_f32 %1503:v[31], %1504:v[34], %1384:v[4]
	 v1: %4803:v[9],  v1: %4804:v[10],  v1: %4805:v[11] = p_split_vector %1516:v[9-11]
	 v1: %1517:v[9] = v_alignbyte_b32 %4804:v[10], %4803:v[9], %1513:v[29]
	 v1: %1518:v[11] = v_alignbyte_b32 %4805:v[11], %4804:v[10], %1513:v[29]
	 v1: %1523:v[35] = v_cvt_f32_i32 %1517:v[9] dst_sel:dword src0_sel:sbyte3
	 v1: %1525:v[36] = v_cvt_f32_i32 %1517:v[9] dst_sel:dword src0_sel:sbyte2
	 v1: %1529:v[37] = v_cvt_f32_i32 %1517:v[9] dst_sel:dword src0_sel:sbyte1
	 v1: %1531:v[9] = v_cvt_f32_i32 %1517:v[9] dst_sel:dword src0_sel:sbyte0
	 v1: %1536:v[7] = v_cvt_f32_i32 %1518:v[11] dst_sel:dword src0_sel:sbyte3
	 v1: %1537:v[7] = v_mul_f32 %4715:v[19], %1536:v[7]
	 v1: %1538:v[8] = v_cvt_f32_i32 %1518:v[11] dst_sel:dword src0_sel:sbyte2
	 v1: %1540:v[7] = v_mac_f32 %4714:v[18], %1538:v[8], %1537:v[7]
	 v1: %1543:v[10] = v_cvt_f32_i32 %1518:v[11] dst_sel:dword src0_sel:sbyte1
	 v1: %1545:v[7] = v_mac_f32 %4713:v[17], %1543:v[10], %1540:v[7]
	 v1: %1546:v[11] = v_cvt_f32_i32 %1518:v[11] dst_sel:dword src0_sel:sbyte0
	 v1: %1548:v[7] = v_mac_f32 %4712:v[16], %1546:v[11], %1545:v[7]
	 v1: %1549:v[7] = v_mac_f32 %4710:v[14], %1525:v[36], %1548:v[7]
	 v1: %1550:v[7] = v_mac_f32 %4711:v[15], %1523:v[35], %1549:v[7]
	 v1: %1551:v[7] = v_mac_f32 %4709:v[13], %1529:v[37], %1550:v[7]
	 v1: %1552:v[7] = v_mac_f32 %4708:v[12], %1531:v[9], %1551:v[7]
	 v1: %1553:v[11] = v_cvt_f32_f16 %1519:v[20][0:16]
	 v1: %1555:v[5] = v_mac_f32 %1552:v[7], %1553:v[11], %1383:v[5]
	 v1: %4844:v[21],  v1: %4845:v[22],  v1: %4846:v[23] = p_split_vector %1564:v[21-23]
	 v1: %1565:v[21] = v_alignbyte_b32 %4845:v[22], %4844:v[21], %1561:v[24]
	 v1: %1566:v[23] = v_alignbyte_b32 %4846:v[23], %4845:v[22], %1561:v[24]
	 v1: %1571:v[20] = v_cvt_f32_i32 %1565:v[21] dst_sel:dword src0_sel:sbyte3
	 v1: %1573:v[22] = v_cvt_f32_i32 %1565:v[21] dst_sel:dword src0_sel:sbyte2
	 v1: %1577:v[24] = v_cvt_f32_i32 %1565:v[21] dst_sel:dword src0_sel:sbyte1
	 v1: %1579:v[21] = v_cvt_f32_i32 %1565:v[21] dst_sel:dword src0_sel:sbyte0
	 v1: %1584:v[25] = v_cvt_f32_i32 %1566:v[23] dst_sel:dword src0_sel:sbyte3
	 v1: %1585:v[19] = v_mul_f32 %4715:v[19], %1584:v[25]
	 v1: %1586:v[26] = v_cvt_f32_i32 %1566:v[23] dst_sel:dword src0_sel:sbyte2
	 v1: %1588:v[19] = v_mac_f32 %4714:v[18], %1586:v[26], %1585:v[19]
	 v1: %1591:v[27] = v_cvt_f32_i32 %1566:v[23] dst_sel:dword src0_sel:sbyte1
	 v1: %1593:v[19] = v_mac_f32 %4713:v[17], %1591:v[27], %1588:v[19]
	 v1: %1594:v[23] = v_cvt_f32_i32 %1566:v[23] dst_sel:dword src0_sel:sbyte0
	 v1: %1596:v[19] = v_mac_f32 %4712:v[16], %1594:v[23], %1593:v[19]
	 v1: %1597:v[19] = v_mac_f32 %4710:v[14], %1573:v[22], %1596:v[19]
	 v1: %1598:v[19] = v_mac_f32 %4711:v[15], %1571:v[20], %1597:v[19]
	 v1: %1599:v[19] = v_mac_f32 %4709:v[13], %1577:v[24], %1598:v[19]
	 v1: %1600:v[19] = v_mac_f32 %4708:v[12], %1579:v[21], %1599:v[19]
	 v1: %1601:v[28] = v_cvt_f32_f16 %1567:v[38][0:16]
	 v1: %1603:v[6] = v_mac_f32 %1600:v[19], %1601:v[28], %1382:v[6]
	p_logical_end
	p_branch BB19
BB25
/* logical preds: BB20, / linear preds: BB21, / kind: loop-exit, branch, */
	 v1: %1608:v[1] = p_phi %1385:v[1]
	 v1: %1607:v[4] = p_phi %1384:v[4]
	 v1: %1606:v[5] = p_phi %1383:v[5]
	 v1: %1605:v[6] = p_phi %1382:v[6]
	 s2: %0:exec = p_parallelcopy -1
	p_logical_start
	 s1: %1609:s[0],  s2: %4883:s[4-5],  s1: %4884:scc = p_reduce %1608:v[1], %6461:v[39],  lv1: undef op:fadd32 cluster_size:64
	 s1: %1610:s[1],  s2: %4885:s[4-5],  s1: %4886:scc = p_reduce %1607:v[4], %6461:v[39],  lv1: undef op:fadd32 cluster_size:64
	 s1: %1611:s[3],  s2: %4887:s[4-5],  s1: %4888:scc = p_reduce %1606:v[5], %6461:v[39],  lv1: undef op:fadd32 cluster_size:64
	 s1: %1612:s[4],  s2: %4889:s[10-11],  s1: %4890:scc = p_reduce %1605:v[6], %6461:v[39],  lv1: undef op:fadd32 cluster_size:64
	 s2: %1613:s[10-11] = p_create_vector 1, 0
	p_logical_end
	 s2: %0:exec = p_parallelcopy %1613:s[10-11]
	p_cbranch_z %0:exec BB27, BB26
BB26
/* logical preds: BB25, / linear preds: BB25, / kind: uniform, */
	p_logical_start
	 v4: %4891:v[0-3] = p_create_vector %1609:s[0], %1610:s[1], %1611:s[3], %1612:s[4]
	 v1: %4892:v[4] = p_parallelcopy 0
	ds_write_b128 %4892:v[4], %4891:v[0-3] storage:shared
	p_logical_end
	p_branch BB28
BB27
/* logical preds: / linear preds: BB25, / kind: uniform, */
	p_branch BB28
BB28
/* logical preds: / linear preds: BB26, BB27, / kind: invert, */
	 s2: %0:exec,  s1: %6477:scc = s_andn2_b64 -1, %0:exec
	p_cbranch_z %0:exec BB30, BB29
BB29
/* logical preds: BB25, / linear preds: BB28, / kind: uniform, */
	p_logical_start
	p_logical_end
	p_branch BB31
BB30
/* logical preds: / linear preds: BB28, / kind: uniform, */
	p_branch BB31
BB31
/* logical preds: BB26, BB29, / linear preds: BB29, BB30, / kind: branch, merge, */
	 s2: %0:exec = p_parallelcopy -1
	p_logical_start
	p_barrier storage:shared semantics:acquire,release scope:subgroup exec_scope:subgroup
	p_logical_end
	 s2: %0:exec = p_parallelcopy %1613:s[10-11]
	p_cbranch_z %0:exec BB50, BB32
BB32
/* logical preds: BB31, / linear preds: BB31, / kind: uniform, loop-preheader, */
	p_logical_start
	 s1: %6529:s[5] = p_parallelcopy %1611:s[3]
	 s2: %1622:s[2-3] = p_create_vector %3558:s[2], 0xffff8000
	 s4: %1623:s[12-15] = s_load_dwordx4 %1622:s[2-3], 32 storage:buffer semantics:private,reorder
	 s1: %1618:s[7] = s_mul_i32 %3563:s[7], %21:s[17]
	 s1: %1619:s[7],  s1: %4893:scc = s_add_u32 %1618:s[7], %12:s[16]
	 s1: %1625:s[19],  s1: %4898:scc = s_and_b32 %3574:s[19], 63
	 s1: %4899:scc = s_bitcmp1_b32 %3564:s[8], 1
	 s1: %6530:s[6] = p_parallelcopy %4899:scc
	 s1: %4900:scc = s_cmp_lg_i32 %1625:s[19], 0
	 s1: %6531:s[9] = p_parallelcopy %4900:scc
	 s1: %4901:scc = s_bitcmp1_b32 %3564:s[8], 0
	p_logical_end
	p_branch BB33
BB33
/* logical preds: BB32, BB48, / linear preds: BB32, BB48, / kind: uniform, loop-header, */
	 s1: %6544:scc = p_linear_phi %4901:scc, %6538:s[4]
	 s1: %6543:s[9] = p_linear_phi %6531:s[9], %6535:s[1]
	 s1: %6542:s[6] = p_linear_phi %6530:s[6], %6541:s[5]
	 s1: %1633:s[0] = p_linear_phi 0, %1714:s[0]
	 v1: %1632:v[0] = p_phi %1609:s[0], %1708:v[0]
	 v1: %1631:v[1] = p_phi %1610:s[1], %1707:v[1]
	 v1: %1630:v[2] = p_phi %6529:s[5], %1706:v[2]
	 v1: %1629:v[3] = p_phi %1612:s[4], %1705:v[3]
	p_logical_start
	 s1: %6532:s[4] = p_parallelcopy %6544:scc
	 s1: %4902:scc = s_cmp_lt_i32 %1633:s[0], 2
	 s2: %1634:vcc = s_cselect_b64 -1, 0, %4902:scc
	 s1: %4903:scc = s_cmp_lt_i32 %1633:s[0], 3
	 s2: %1635:s[10-11] = s_cselect_b64 -1, 0, %4903:scc
	 s2: %1636:s[16-17],  s1: %4904:scc = s_or_b64 %1634:vcc, %1635:s[10-11]
	 v1: %1637:v[4] = v_cndmask_b32 0, %1629:v[3], %1636:s[16-17]
	 s2: %1639:s[20-21],  s1: %4907:scc = s_andn2_b64 %1635:s[10-11], %1634:vcc
	 v1: %1640:v[5] = v_cndmask_b32 %1630:v[2], 0, %1639:s[20-21]
	 s1: %4909:scc = s_cmp_lt_i32 %1633:s[0], 1
	 s2: %1641:s[22-23] = s_cselect_b64 -1, 0, %4909:scc
	 s2: %1643:s[24-25],  s1: %4911:scc = s_andn2_b64 %1634:vcc, %1641:s[22-23]
	 v1: %1644:v[6] = v_cndmask_b32 %1631:v[1], 0, %1643:s[24-25]
	 s2: %1645:s[26-27],  s1: %4913:scc = s_and_b64 %1634:vcc, %1641:s[22-23]
	 v1: %1646:v[7] = v_cndmask_b32 %1632:v[0], 0, %1645:s[26-27]
	p_logical_end
	 s1: %6533:scc = p_parallelcopy %6543:s[9]
	p_cbranch_z %6533:scc BB39, BB34
BB34
/* logical preds: BB33, / linear preds: BB33, / kind: uniform, loop-preheader, */
	p_logical_start
	 s1: %6534:s[1] = p_parallelcopy %6533:scc
	 s1: %1647:s[5],  s1: %4917:scc = s_lshl_b32 %1633:s[0], 2
	 v1: %4918:v[8] = p_parallelcopy %1647:s[5]
	 v1: %4919:v[8] = ds_read_b32 %4918:v[8] storage:shared
	 v1: %1649:v[6] = v_cndmask_b32 %4919:v[8], %1644:v[6], %1641:s[22-23]
	 v1: %1650:v[7] = v_cndmask_b32 %1646:v[7], %4919:v[8], %1641:s[22-23]
	 v1: %1651:v[4] = v_cndmask_b32 %4919:v[8], %1637:v[4], %1635:s[10-11]
	 v1: %1652:v[5] = v_cndmask_b32 %1640:v[5], %4919:v[8], %1635:s[10-11]
	 v1: %1653:v[3] = v_cndmask_b32 %1651:v[4], %1629:v[3], %1634:vcc
	 v1: %1654:v[2] = v_cndmask_b32 %1652:v[5], %1630:v[2], %1634:vcc
	 v1: %1655:v[1] = v_cndmask_b32 %1631:v[1], %1649:v[6], %1634:vcc
	 v1: %1656:v[0] = v_cndmask_b32 %1632:v[0], %1650:v[7], %1634:vcc
	p_logical_end
	p_branch BB35
BB35
/* logical preds: BB34, BB37, / linear preds: BB34, BB37, / kind: uniform, loop-header, */
	 s1: %1661:s[5] = p_linear_phi 1, %1668:s[5]
	 v1: %1660:v[0] = p_phi %1656:v[0], %1667:v[0]
	 v1: %1659:v[1] = p_phi %1655:v[1], %1666:v[1]
	 v1: %1658:v[2] = p_phi %1654:v[2], %1665:v[2]
	 v1: %1657:v[3] = p_phi %1653:v[3], %1664:v[3]
	p_logical_start
	 s1: %4924:scc = s_cmp_ge_u32 %1661:s[5], %1625:s[19]
	p_logical_end
	p_cbranch_z %4924:scc BB37, BB36
BB36
/* logical preds: BB35, / linear preds: BB35, / kind: uniform, break, */
	p_logical_start
	p_logical_end
	p_branch BB38
BB37
/* logical preds: BB35, / linear preds: BB35, / kind: uniform, */
	p_logical_start
	 v1: %4927:v[4] = p_parallelcopy 0x7fc00000
	 v1: %1664:v[3] = v_cndmask_b32 %4927:v[4], %1657:v[3], %1636:s[16-17]
	 v1: %1665:v[2] = v_cndmask_b32 %1658:v[2], %4927:v[4], %1639:s[20-21]
	 v1: %1666:v[1] = v_cndmask_b32 %1659:v[1], %4927:v[4], %1643:s[24-25]
	 v1: %1667:v[0] = v_cndmask_b32 %1660:v[0], %4927:v[4], %1645:s[26-27]
	 s1: %1668:s[5],  s1: %4931:scc = s_add_u32 %1661:s[5], 1
	p_logical_end
	p_branch BB35
BB38
/* logical preds: BB36, / linear preds: BB36, / kind: uniform, loop-exit, */
	 v1: %1672:v[0] = p_phi %1660:v[0]
	 v1: %1671:v[1] = p_phi %1659:v[1]
	 v1: %1670:v[2] = p_phi %1658:v[2]
	 v1: %1669:v[3] = p_phi %1657:v[3]
	p_logical_start
	p_logical_end
	p_branch BB40
BB39
/* logical preds: BB33, / linear preds: BB33, / kind: uniform, */
	p_logical_start
	p_logical_end
	p_branch BB40
BB40
/* logical preds: BB38, BB39, / linear preds: BB38, BB39, / kind: uniform, */
	 s1: %6535:s[1] = p_linear_phi %6534:s[1], %6533:scc
	 v1: %1676:v[0] = p_phi %1672:v[0], %1646:v[7]
	 v1: %1675:v[1] = p_phi %1671:v[1], %1644:v[6]
	 v1: %1674:v[2] = p_phi %1670:v[2], %1640:v[5]
	 v1: %1673:v[3] = p_phi %1669:v[3], %1637:v[4]
	p_logical_start
	p_logical_end
	 s1: %6536:scc = p_parallelcopy %6532:s[4]
	p_cbranch_z %6536:scc BB42, BB41
BB41
/* logical preds: BB40, / linear preds: BB40, / kind: uniform, */
	p_logical_start
	 s4: %1678:s[28-31] = s_load_dwordx4 %1622:s[2-3], 48 storage:buffer semantics:private,reorder
	 s1: %6537:s[4] = p_parallelcopy %6536:scc
	 s1: %1677:s[5],  s1: %4934:scc = s_add_u32 %1619:s[7], %1633:s[0]
	 s1: %1679:s[5],  s1: %4939:scc = s_lshl_b32 %1677:s[5], 2
	 v1: %1681:v[4] = v_cndmask_b32 %1675:v[1], %1676:v[0], %1641:s[22-23]
	 v1: %1682:v[5] = v_cndmask_b32 %1673:v[3], %1674:v[2], %1635:s[10-11]
	 s1: %1680:s[5] = s_buffer_load_dword %1678:s[28-31], %1679:s[5] storage:buffer semantics:private,reorder
	 v1: %1683:v[5] = v_cndmask_b32 %1682:v[5], %1681:v[4], %1634:vcc
	 v1: %1684:v[5] = v_add_f32 %1680:s[5], %1683:v[5]
	 v1: %1685:v[3] = v_cndmask_b32 %1684:v[5], %1673:v[3], %1636:s[16-17]
	 v1: %1686:v[2] = v_cndmask_b32 %1674:v[2], %1684:v[5], %1639:s[20-21]
	 v1: %1687:v[1] = v_cndmask_b32 %1675:v[1], %1684:v[5], %1643:s[24-25]
	 v1: %1688:v[0] = v_cndmask_b32 %1676:v[0], %1684:v[5], %1645:s[26-27]
	p_logical_end
	p_branch BB43
BB42
/* logical preds: BB40, / linear preds: BB40, / kind: uniform, */
	p_logical_start
	p_logical_end
	p_branch BB43
BB43
/* logical preds: BB41, BB42, / linear preds: BB41, BB42, / kind: uniform, */
	 s1: %6538:s[4] = p_linear_phi %6537:s[4], %6536:scc
	 v1: %1692:v[0] = p_phi %1688:v[0], %1676:v[0]
	 v1: %1691:v[1] = p_phi %1687:v[1], %1675:v[1]
	 v1: %1690:v[2] = p_phi %1686:v[2], %1674:v[2]
	 v1: %1689:v[3] = p_phi %1685:v[3], %1673:v[3]
	p_logical_start
	p_logical_end
	 s1: %6539:scc = p_parallelcopy %6542:s[6]
	p_cbranch_z %6539:scc BB45, BB44
BB44
/* logical preds: BB43, / linear preds: BB43, / kind: uniform, */
	p_logical_start
	 s4: %1694:s[28-31] = s_load_dwordx4 %1622:s[2-3], 64 storage:buffer semantics:private,reorder
	 s1: %6540:s[5] = p_parallelcopy %6539:scc
	 s1: %1693:s[6],  s1: %4942:scc = s_add_u32 %1619:s[7], %1633:s[0]
	 s1: %1695:s[6],  s1: %4947:scc = s_lshl_b32 %1693:s[6], 2
	 v1: %1697:v[4] = v_cndmask_b32 %1691:v[1], %1692:v[0], %1641:s[22-23]
	 v1: %1698:v[5] = v_cndmask_b32 %1689:v[3], %1690:v[2], %1635:s[10-11]
	 s1: %1696:s[6] = s_buffer_load_dword %1694:s[28-31], %1695:s[6] storage:buffer semantics:private,reorder
	 v1: %1699:v[5] = v_cndmask_b32 %1698:v[5], %1697:v[4], %1634:vcc
	 v1: %1700:v[5] = v_add_f32 %1696:s[6], %1699:v[5]
	 v1: %1701:v[3] = v_cndmask_b32 %1700:v[5], %1689:v[3], %1636:s[16-17]
	 v1: %1702:v[2] = v_cndmask_b32 %1690:v[2], %1700:v[5], %1639:s[20-21]
	 v1: %1703:v[1] = v_cndmask_b32 %1691:v[1], %1700:v[5], %1643:s[24-25]
	 v1: %1704:v[0] = v_cndmask_b32 %1692:v[0], %1700:v[5], %1645:s[26-27]
	p_logical_end
	p_branch BB46
BB45
/* logical preds: BB43, / linear preds: BB43, / kind: uniform, */
	p_logical_start
	p_logical_end
	p_branch BB46
BB46
/* logical preds: BB44, BB45, / linear preds: BB44, BB45, / kind: uniform, */
	 s1: %6541:s[5] = p_linear_phi %6540:s[5], %6539:scc
	 v1: %1708:v[0] = p_phi %1704:v[0], %1692:v[0]
	 v1: %1707:v[1] = p_phi %1703:v[1], %1691:v[1]
	 v1: %1706:v[2] = p_phi %1702:v[2], %1690:v[2]
	 v1: %1705:v[3] = p_phi %1701:v[3], %1689:v[3]
	p_logical_start
	 s1: %1709:s[6],  s1: %4948:scc = s_add_u32 %1619:s[7], %1633:s[0]
	 v1: %1710:v[4] = v_cndmask_b32 %1707:v[1], %1708:v[0], %1641:s[22-23]
	 v1: %1711:v[5] = v_cndmask_b32 %1705:v[3], %1706:v[2], %1635:s[10-11]
	 v1: %1712:v[5] = v_cndmask_b32 %1711:v[5], %1710:v[4], %1634:vcc
	 s1: %1713:s[6],  s1: %4949:scc = s_lshl_b32 %1709:s[6], 2
	buffer_store_dword %1623:s[12-15],  v1: undef, %1713:s[6], %1712:v[5] storage:buffer
	 s1: %1714:s[0],  s1: %4950:scc = s_add_u32 %1633:s[0], 1
	 s1: %4951:scc = s_cmp_ge_u32 %1714:s[0], 4
	p_logical_end
	p_cbranch_z %4951:scc BB48, BB47
BB47
/* logical preds: BB46, / linear preds: BB46, / kind: uniform, break, */
	p_logical_start
	p_logical_end
	p_branch BB49
BB48
/* logical preds: BB46, / linear preds: BB46, / kind: uniform, */
	p_logical_start
	p_logical_end
	p_branch BB33
BB49
/* logical preds: BB47, / linear preds: BB47, / kind: uniform, loop-exit, */
	p_logical_start
	p_logical_end
	p_branch BB51
BB50
/* logical preds: / linear preds: BB31, / kind: uniform, */
	p_branch BB51
BB51
/* logical preds: / linear preds: BB49, BB50, / kind: invert, */
	 s2: %0:exec,  s1: %6478:scc = s_andn2_b64 -1, %0:exec
	p_cbranch_z %0:exec BB53, BB52
BB52
/* logical preds: BB31, / linear preds: BB51, / kind: uniform, */
	p_logical_start
	p_logical_end
	p_branch BB54
BB53
/* logical preds: / linear preds: BB51, / kind: uniform, */
	p_branch BB54
BB54
/* logical preds: BB49, BB52, / linear preds: BB52, BB53, / kind: uniform, merge, */
	 s2: %0:exec = p_parallelcopy -1
	p_logical_start
	p_logical_end
	p_branch BB217
BB55
/* logical preds: BB0, / linear preds: BB0, / kind: uniform, */
	p_logical_start
	 s1: %4954:scc = s_cmp_lt_u32 %12:s[16], %3560:s[4]
	p_logical_end
	p_cbranch_z %4954:scc BB215, BB56
BB56
/* logical preds: BB55, / linear preds: BB55, / kind: uniform, */
	p_logical_start
	 s1: %1717:s[4],  s1: %4957:scc = s_sub_i32 %3560:s[4], %12:s[16]
	 s1: %1723:s[17],  s1: %4958:scc = s_add_u32 %3572:s[17], %3565:s[9]
	 s1: %4959:scc = s_cmp_lg_i32 %1723:s[17], 0
	p_logical_end
	p_cbranch_z %4959:scc BB58, BB57
BB57
/* logical preds: BB56, / linear preds: BB56, / kind: uniform, */
	p_logical_start
	 v1: (precise)%1726:v[1] = v_cvt_f32_u32 %3567:s[11]
	 v1: (precise)%1727:v[1] = v_rcp_f32 %1726:v[1]
	 v1: (precise)%1728:v[1] = v_mul_f32 0x4f7ffffe, %1727:v[1]
	 v1: (precise)%4962:v[1] = v_cvt_u32_f32 %1728:v[1]
	 s1: (precise)%1729:s[0] = p_as_uniform %4962:v[1]
	 s1: %1730:s[1] = s_mul_i32 %3567:s[11], %1729:s[0]
	 s1: %1731:s[1],  s1: %4963:scc = s_sub_i32 0, %1730:s[1]
	 s1: %1732:s[1] = s_mul_hi_u32 %1729:s[0], %1731:s[1]
	 s1: %1733:s[0],  s1: %4964:scc = s_add_u32 %1729:s[0], %1732:s[1]
	 s1: %1734:s[0] = s_mul_hi_u32 %1723:s[17], %1733:s[0]
	 s1: %1735:s[9] = s_mul_i32 %1734:s[0], %3567:s[11]
	 s1: %1736:s[9],  s1: %4965:scc = s_sub_i32 %1723:s[17], %1735:s[9]
	 s1: %4966:scc = s_cmp_ge_u32 %1736:s[9], %3567:s[11]
	 s1: %6545:s[14] = p_parallelcopy %4966:scc
	 s1: %1739:s[0],  s1: %4968:scc = s_add_u32 %1734:s[0], %4966:scc
	 s1: %1740:s[15],  s1: %4969:scc = s_sub_i32 %1736:s[9], %3567:s[11]
	 s1: %6546:scc = p_parallelcopy %6545:s[14]
	 s1: %1741:s[15] = s_cselect_b32 %1740:s[15], %1736:s[9], %6546:scc
	 s1: %4972:scc = s_cmp_ge_u32 %1741:s[15], %3567:s[11]
	 s1: %6547:s[18] = p_parallelcopy %4972:scc
	 s1: %1744:s[0],  s1: %4974:scc = s_add_u32 %1739:s[0], %4972:scc
	 s1: %1745:s[11],  s1: %4975:scc = s_sub_i32 %1741:s[15], %3567:s[11]
	 s1: %6548:scc = p_parallelcopy %6547:s[18]
	 s1: %1746:s[11] = s_cselect_b32 %1745:s[11], %1741:s[15], %6548:scc
	 v1: (precise)%1748:v[2] = v_cvt_f32_u32 %3569:s[13]
	 v1: (precise)%1749:v[2] = v_rcp_f32 %1748:v[2]
	 v1: (precise)%1750:v[2] = v_mul_f32 0x4f7ffffe, %1749:v[2]
	 v1: (precise)%4978:v[2] = v_cvt_u32_f32 %1750:v[2]
	 s1: (precise)%1751:s[20] = p_as_uniform %4978:v[2]
	 s1: %1752:s[21] = s_mul_i32 %3569:s[13], %1751:s[20]
	 s1: %1753:s[21],  s1: %4979:scc = s_sub_i32 0, %1752:s[21]
	 s1: %1754:s[21] = s_mul_hi_u32 %1751:s[20], %1753:s[21]
	 s1: %1755:s[20],  s1: %4980:scc = s_add_u32 %1751:s[20], %1754:s[21]
	 s1: %1756:s[20] = s_mul_hi_u32 %1744:s[0], %1755:s[20]
	 s1: %1757:s[22] = s_mul_i32 %1756:s[20], %3569:s[13]
	 s1: %1758:s[0],  s1: %4981:scc = s_sub_i32 %1744:s[0], %1757:s[22]
	 s1: %4982:scc = s_cmp_ge_u32 %1758:s[0], %3569:s[13]
	 s1: %6549:s[23] = p_parallelcopy %4982:scc
	 s1: %1761:s[20],  s1: %4984:scc = s_add_u32 %1756:s[20], %4982:scc
	 s1: %1762:s[24],  s1: %4985:scc = s_sub_i32 %1758:s[0], %3569:s[13]
	 s1: %6550:scc = p_parallelcopy %6549:s[23]
	 s1: %1763:s[24] = s_cselect_b32 %1762:s[24], %1758:s[0], %6550:scc
	 s1: %4988:scc = s_cmp_ge_u32 %1763:s[24], %3569:s[13]
	 s1: %1766:s[20],  s1: %4990:scc = s_add_u32 %1761:s[20], %4988:scc
	 v1: (precise)%1767:v[3] = v_cvt_f32_u32 %3568:s[12]
	 v1: (precise)%1768:v[3] = v_rcp_f32 %1767:v[3]
	 v1: (precise)%1769:v[3] = v_mul_f32 0x4f7ffffe, %1768:v[3]
	 v1: (precise)%4991:v[3] = v_cvt_u32_f32 %1769:v[3]
	 s1: (precise)%1770:s[25] = p_as_uniform %4991:v[3]
	 s1: %1771:s[26] = s_mul_i32 %3568:s[12], %1770:s[25]
	 s1: %1772:s[26],  s1: %4992:scc = s_sub_i32 0, %1771:s[26]
	 s1: %1773:s[26] = s_mul_hi_u32 %1770:s[25], %1772:s[26]
	 s1: %1774:s[25],  s1: %4993:scc = s_add_u32 %1770:s[25], %1773:s[26]
	 s1: %1775:s[25] = s_mul_hi_u32 %1746:s[11], %1774:s[25]
	 s1: %1776:s[27] = s_mul_i32 %1775:s[25], %3568:s[12]
	 s1: %1777:s[11],  s1: %4994:scc = s_sub_i32 %1746:s[11], %1776:s[27]
	 s1: %4995:scc = s_cmp_ge_u32 %1777:s[11], %3568:s[12]
	 s1: %6551:s[28] = p_parallelcopy %4995:scc
	 s1: %1780:s[25],  s1: %4997:scc = s_add_u32 %1775:s[25], %4995:scc
	 s1: %1781:s[29],  s1: %4998:scc = s_sub_i32 %1777:s[11], %3568:s[12]
	 s1: %6552:scc = p_parallelcopy %6551:s[28]
	 s1: %1782:s[29] = s_cselect_b32 %1781:s[29], %1777:s[11], %6552:scc
	 s1: %5001:scc = s_cmp_ge_u32 %1782:s[29], %3568:s[12]
	 s1: %1785:s[25],  s1: %5003:scc = s_add_u32 %1780:s[25], %5001:scc
	 s1: %1786:s[20] = s_mul_i32 %1766:s[20], %3566:s[10]
	 s1: %1787:s[20],  s1: %5004:scc = s_add_u32 %1786:s[20], %1785:s[25]
	p_logical_end
	p_branch BB59
BB58
/* logical preds: BB56, / linear preds: BB56, / kind: uniform, */
	p_logical_start
	p_logical_end
	p_branch BB59
BB59
/* logical preds: BB57, BB58, / linear preds: BB57, BB58, / kind: uniform, loop-preheader, */
	 s1: %1788:s[20] = p_linear_phi %1787:s[20], 0
	p_logical_start
	 s1: %1792:s[5],  s1: %5005:scc = s_lshr_b32 %3561:s[5], 5
	 s1: %1793:s[20] = s_mul_i32 %1788:s[20], %1792:s[5]
	 v1: %1797:v[0] = v_lshlrev_b32 3, (is16bit)%3576:v[0]
	 s1: %1799:s[0],  s1: %5006:scc = s_and_b32 %3559:s[3], 0xfffffe00
	 v1: %1800:v[1] = v_add_u32 %1799:s[0], %1797:v[0]
	 s2: %1801:vcc = v_cmp_gt_u32 %3559:s[3], %1800:v[1]
	 v1: %1802:v[2] = v_cndmask_b32 0, 1, %1801:vcc
	 s1: %1804:s[1],  s1: %5007:scc = s_lshr_b32 %3559:s[3], 9
	 v1: %1805:v[2] = v_add_u32 %1804:s[1], %1802:v[2]
	 v1: %1808:v[3] = v_and_b32 -4, %1805:v[2]
	p_logical_end
	p_branch BB60
BB60
/* logical preds: BB59, BB113, / linear preds: BB59, BB113, / kind: loop-header, branch, */
	 s1: %1814:s[0] = p_linear_phi 0, %2711:s[0]
	 v1: %1813:v[1] = p_phi 0, %2710:v[1]
	 v1: %1812:v[4] = p_phi 0, %2709:v[4]
	 v1: %1811:v[5] = p_phi 0, %2708:v[5]
	 v1: %1810:v[6] = p_phi 0, %2707:v[6]
	p_logical_start
	 s2: %1815:vcc = v_cmp_ge_u32 %1814:s[0], %1808:v[3]
	p_logical_end
	 s2: %6480:s[10-11],  s1: %6479:scc,  s2: %0:exec = s_and_saveexec_b64 %1815:vcc, %0:exec
	p_cbranch_z %0:exec BB64, BB61
BB61
/* logical preds: BB60, / linear preds: BB60, / kind: break, */
	p_logical_start
	p_logical_end
	 s2: %6482:s[10-11],  s1: %6481:scc = s_andn2_b64 %6480:s[10-11], %0:exec
	p_cbranch_nz %6481:scc BB63, BB62
BB62
/* logical preds: / linear preds: BB61, / kind: uniform, */
	p_branch BB114
BB63
/* logical preds: / linear preds: BB61, / kind: uniform, */
	p_branch BB65
BB64
/* logical preds: / linear preds: BB60, / kind: uniform, */
	p_branch BB65
BB65
/* logical preds: BB60, / linear preds: BB63, BB64, / kind: uniform, merge, */
	 s2: %6483:s[10-11] = p_linear_phi %6482:s[10-11], %6480:s[10-11]
	 s2: %0:exec = p_parallelcopy %6483:s[10-11]
	p_logical_start
	 s2: %1826:s[10-11] = p_create_vector %3558:s[2], 0xffff8000
	 s4: %1827:s[12-15] = s_load_dwordx4 %1826:s[10-11], 16 storage:buffer semantics:private,reorder
	 s1: %1816:s[1],  s1: %5008:scc = s_lshl_b32 %1814:s[0], 9
	 v1: %1817:v[7] = v_add_u32 %1816:s[1], %1797:v[0]
	 v1: %1819:v[8] = v_and_b32 31, %1817:v[7]
	 v1: %1820:v[9] = v_sub_u32 %1817:v[7], %1819:v[8]
	 s1: %1821:s[5] = s_mul_i32 %3562:s[6], %1723:s[17]
	 v1: %1823:v[9] = v_add3_u32 %1819:v[8], %1821:s[5], %1820:v[9]
	 s1: %1828:s[9] = s_mul_i32 %12:s[16], %3559:s[3]
	 s1: %5013:scc = s_cmp_lg_i32 %1717:s[4], 0
	p_logical_end
	p_cbranch_z %5013:scc BB76, BB66
BB66
/* logical preds: BB65, / linear preds: BB65, / kind: uniform, */
	p_logical_start
	 s4: %1845:s[24-27] = s_load_dwordx4 %1826:s[10-11], 0 storage:buffer semantics:private,reorder
	 v1: %1830:v[9] = v_lshrrev_b32 2, %1823:v[9]
	 v1: %1831:v[9] = v_lshlrev_b32 4, %1830:v[9]
	 v4: %1832:v[12-15] = buffer_load_dwordx4 %1827:s[12-15], %1831:v[9], 0 offen storage:buffer semantics:private,reorder
	 v4: %1834:v[16-19] = buffer_load_dwordx4 %1827:s[12-15], %1831:v[9], 0 offset:16 offen storage:buffer semantics:private,reorder
	 v1: %1835:v[9] = v_add_u32 %1828:s[9], %1817:v[7]
	 v1: %1837:v[9] = v_lshrrev_b32 5, %1835:v[9]
	 v1: %1838:v[9] = v_add_u32 %1793:s[20], %1837:v[9]
	 v1: %5025:v[10] = v_lshlrev_b32 1, %1838:v[9]
	 v1: %1840:v[9] = v_lshl_add_u32 %1838:v[9], 5, %5025:v[10]
	 v1: %1841:v[11] = v_add_u32 2, %1840:v[9]
	 v1: %1842:v[20] = v_add_u32 %1841:v[11], %1819:v[8]
	 v1: %1843:v[11] = v_and_b32 -4, %1841:v[11]
	 v1: %1844:v[11] = v_add_u32 %1843:v[11], %1819:v[8]
	 v3: %1846:v[21-23] = buffer_load_dwordx3 %1845:s[24-27], %1844:v[11], 0 offen storage:buffer semantics:private,reorder
	 v2b: %1849:v[24][0:16] = buffer_load_short_d16 %1845:s[24-27], %1840:v[9], 0 offen storage:buffer semantics:private,reorder
	 s1: %6553:s[18] = p_parallelcopy %5013:scc
	 s1: %1836:s[21],  s1: %5024:scc = s_add_u32 %1828:s[9], %3559:s[3]
	 s1: %5070:scc = s_cmp_lt_u32 1, %1717:s[4]
	 v1: %5016:v[12],  v1: %5017:v[13],  v1: %5018:v[14],  v1: %5019:v[15] = p_split_vector %1832:v[12-15]
	 v1: %5020:v[16],  v1: %5021:v[17],  v1: %5022:v[18],  v1: %5023:v[19] = p_split_vector %1834:v[16-19]
	 v1: %5031:v[21],  v1: %5032:v[22],  v1: %5033:v[23] = p_split_vector %1846:v[21-23]
	 v1: %1847:v[21] = v_alignbyte_b32 %5032:v[22], %5031:v[21], %1842:v[20]
	 v1: %1848:v[23] = v_alignbyte_b32 %5033:v[23], %5032:v[22], %1842:v[20]
	 v1: %1853:v[25] = v_cvt_f32_i32 %1847:v[21] dst_sel:dword src0_sel:sbyte3
	 v1: %1855:v[26] = v_cvt_f32_i32 %1847:v[21] dst_sel:dword src0_sel:sbyte2
	 v1: %1859:v[27] = v_cvt_f32_i32 %1847:v[21] dst_sel:dword src0_sel:sbyte1
	 v1: %1861:v[21] = v_cvt_f32_i32 %1847:v[21] dst_sel:dword src0_sel:sbyte0
	 v1: %1866:v[28] = v_cvt_f32_i32 %1848:v[23] dst_sel:dword src0_sel:sbyte3
	 v1: %1867:v[28] = v_mul_f32 %5023:v[19], %1866:v[28]
	 v1: %1868:v[29] = v_cvt_f32_i32 %1848:v[23] dst_sel:dword src0_sel:sbyte2
	 v1: %1870:v[28] = v_mac_f32 %5022:v[18], %1868:v[29], %1867:v[28]
	 v1: %1873:v[30] = v_cvt_f32_i32 %1848:v[23] dst_sel:dword src0_sel:sbyte1
	 v1: %1875:v[28] = v_mac_f32 %5021:v[17], %1873:v[30], %1870:v[28]
	 v1: %1876:v[23] = v_cvt_f32_i32 %1848:v[23] dst_sel:dword src0_sel:sbyte0
	 v1: %1878:v[28] = v_mac_f32 %5020:v[16], %1876:v[23], %1875:v[28]
	 v1: %1879:v[28] = v_mac_f32 %5018:v[14], %1855:v[26], %1878:v[28]
	 v1: %1880:v[28] = v_mac_f32 %5019:v[15], %1853:v[25], %1879:v[28]
	 v1: %1881:v[28] = v_mac_f32 %5017:v[13], %1859:v[27], %1880:v[28]
	 v1: %1882:v[28] = v_mac_f32 %5016:v[12], %1861:v[21], %1881:v[28]
	 v1: %1883:v[31] = v_cvt_f32_f16 %1849:v[24][0:16]
	 v1: %1885:v[1] = v_mac_f32 %1882:v[28], %1883:v[31], %1813:v[1]
	p_logical_end
	p_cbranch_z %5070:scc BB74, BB67
BB67
/* logical preds: BB66, / linear preds: BB66, / kind: uniform, */
	p_logical_start
	 v1: %1887:v[9] = v_add_u32 %1836:s[21], %1817:v[7]
	 v1: %1889:v[9] = v_lshrrev_b32 5, %1887:v[9]
	 v1: %1890:v[9] = v_add_u32 %1793:s[20], %1889:v[9]
	 v1: %5074:v[10] = v_lshlrev_b32 1, %1890:v[9]
	 v1: %1891:v[9] = v_lshl_add_u32 %1890:v[9], 5, %5074:v[10]
	 v1: %1892:v[11] = v_add_u32 2, %1891:v[9]
	 v1: %1893:v[20] = v_add_u32 %1892:v[11], %1819:v[8]
	 v1: %1894:v[11] = v_and_b32 -4, %1892:v[11]
	 v1: %1895:v[11] = v_add_u32 %1894:v[11], %1819:v[8]
	 v3: %1896:v[21-23] = buffer_load_dwordx3 %1845:s[24-27], %1895:v[11], 0 offen storage:buffer semantics:private,reorder
	 v2b: %1899:v[24][0:16] = buffer_load_short_d16 %1845:s[24-27], %1891:v[9], 0 offen storage:buffer semantics:private,reorder
	 s1: %1888:s[21],  s1: %5073:scc = s_add_u32 %1836:s[21], %3559:s[3]
	 s1: %5115:scc = s_cmp_lt_u32 2, %1717:s[4]
	 v1: %5076:v[21],  v1: %5077:v[22],  v1: %5078:v[23] = p_split_vector %1896:v[21-23]
	 v1: %1897:v[21] = v_alignbyte_b32 %5077:v[22], %5076:v[21], %1893:v[20]
	 v1: %1898:v[23] = v_alignbyte_b32 %5078:v[23], %5077:v[22], %1893:v[20]
	 v1: %1903:v[25] = v_cvt_f32_i32 %1897:v[21] dst_sel:dword src0_sel:sbyte3
	 v1: %1905:v[26] = v_cvt_f32_i32 %1897:v[21] dst_sel:dword src0_sel:sbyte2
	 v1: %1909:v[27] = v_cvt_f32_i32 %1897:v[21] dst_sel:dword src0_sel:sbyte1
	 v1: %1911:v[21] = v_cvt_f32_i32 %1897:v[21] dst_sel:dword src0_sel:sbyte0
	 v1: %1916:v[28] = v_cvt_f32_i32 %1898:v[23] dst_sel:dword src0_sel:sbyte3
	 v1: %1917:v[28] = v_mul_f32 %5023:v[19], %1916:v[28]
	 v1: %1918:v[29] = v_cvt_f32_i32 %1898:v[23] dst_sel:dword src0_sel:sbyte2
	 v1: %1920:v[28] = v_mac_f32 %5022:v[18], %1918:v[29], %1917:v[28]
	 v1: %1923:v[30] = v_cvt_f32_i32 %1898:v[23] dst_sel:dword src0_sel:sbyte1
	 v1: %1925:v[28] = v_mac_f32 %5021:v[17], %1923:v[30], %1920:v[28]
	 v1: %1926:v[23] = v_cvt_f32_i32 %1898:v[23] dst_sel:dword src0_sel:sbyte0
	 v1: %1928:v[28] = v_mac_f32 %5020:v[16], %1926:v[23], %1925:v[28]
	 v1: %1929:v[28] = v_mac_f32 %5018:v[14], %1905:v[26], %1928:v[28]
	 v1: %1930:v[28] = v_mac_f32 %5019:v[15], %1903:v[25], %1929:v[28]
	 v1: %1931:v[28] = v_mac_f32 %5017:v[13], %1909:v[27], %1930:v[28]
	 v1: %1932:v[28] = v_mac_f32 %5016:v[12], %1911:v[21], %1931:v[28]
	 v1: %1933:v[31] = v_cvt_f32_f16 %1899:v[24][0:16]
	 v1: %1935:v[4] = v_mac_f32 %1932:v[28], %1933:v[31], %1812:v[4]
	p_logical_end
	p_cbranch_z %5115:scc BB72, BB68
BB68
/* logical preds: BB67, / linear preds: BB67, / kind: uniform, */
	p_logical_start
	 v1: %1937:v[9] = v_add_u32 %1888:s[21], %1817:v[7]
	 v1: %1939:v[9] = v_lshrrev_b32 5, %1937:v[9]
	 v1: %1940:v[9] = v_add_u32 %1793:s[20], %1939:v[9]
	 v1: %5119:v[10] = v_lshlrev_b32 1, %1940:v[9]
	 v1: %1941:v[9] = v_lshl_add_u32 %1940:v[9], 5, %5119:v[10]
	 v1: %1942:v[11] = v_add_u32 2, %1941:v[9]
	 v1: %1943:v[20] = v_add_u32 %1942:v[11], %1819:v[8]
	 v1: %1944:v[11] = v_and_b32 -4, %1942:v[11]
	 v1: %1945:v[11] = v_add_u32 %1944:v[11], %1819:v[8]
	 v3: %1946:v[21-23] = buffer_load_dwordx3 %1845:s[24-27], %1945:v[11], 0 offen storage:buffer semantics:private,reorder
	 v2b: %1949:v[24][0:16] = buffer_load_short_d16 %1845:s[24-27], %1941:v[9], 0 offen storage:buffer semantics:private,reorder
	 s1: %1938:s[21],  s1: %5118:scc = s_add_u32 %1888:s[21], %3559:s[3]
	 s1: %5160:scc = s_cmp_lt_u32 3, %1717:s[4]
	 v1: %5121:v[21],  v1: %5122:v[22],  v1: %5123:v[23] = p_split_vector %1946:v[21-23]
	 v1: %1947:v[21] = v_alignbyte_b32 %5122:v[22], %5121:v[21], %1943:v[20]
	 v1: %1948:v[23] = v_alignbyte_b32 %5123:v[23], %5122:v[22], %1943:v[20]
	 v1: %1953:v[25] = v_cvt_f32_i32 %1947:v[21] dst_sel:dword src0_sel:sbyte3
	 v1: %1955:v[26] = v_cvt_f32_i32 %1947:v[21] dst_sel:dword src0_sel:sbyte2
	 v1: %1959:v[27] = v_cvt_f32_i32 %1947:v[21] dst_sel:dword src0_sel:sbyte1
	 v1: %1961:v[21] = v_cvt_f32_i32 %1947:v[21] dst_sel:dword src0_sel:sbyte0
	 v1: %1966:v[28] = v_cvt_f32_i32 %1948:v[23] dst_sel:dword src0_sel:sbyte3
	 v1: %1967:v[28] = v_mul_f32 %5023:v[19], %1966:v[28]
	 v1: %1968:v[29] = v_cvt_f32_i32 %1948:v[23] dst_sel:dword src0_sel:sbyte2
	 v1: %1970:v[28] = v_mac_f32 %5022:v[18], %1968:v[29], %1967:v[28]
	 v1: %1973:v[30] = v_cvt_f32_i32 %1948:v[23] dst_sel:dword src0_sel:sbyte1
	 v1: %1975:v[28] = v_mac_f32 %5021:v[17], %1973:v[30], %1970:v[28]
	 v1: %1976:v[23] = v_cvt_f32_i32 %1948:v[23] dst_sel:dword src0_sel:sbyte0
	 v1: %1978:v[28] = v_mac_f32 %5020:v[16], %1976:v[23], %1975:v[28]
	 v1: %1979:v[28] = v_mac_f32 %5018:v[14], %1955:v[26], %1978:v[28]
	 v1: %1980:v[28] = v_mac_f32 %5019:v[15], %1953:v[25], %1979:v[28]
	 v1: %1981:v[28] = v_mac_f32 %5017:v[13], %1959:v[27], %1980:v[28]
	 v1: %1982:v[28] = v_mac_f32 %5016:v[12], %1961:v[21], %1981:v[28]
	 v1: %1983:v[31] = v_cvt_f32_f16 %1949:v[24][0:16]
	 v1: %1985:v[5] = v_mac_f32 %1982:v[28], %1983:v[31], %1811:v[5]
	p_logical_end
	p_cbranch_z %5160:scc BB70, BB69
BB69
/* logical preds: BB68, / linear preds: BB68, / kind: uniform, */
	p_logical_start
	 v1: %1987:v[7] = v_add_u32 %1938:s[21], %1817:v[7]
	 v1: %1988:v[7] = v_lshrrev_b32 5, %1987:v[7]
	 v1: %1989:v[7] = v_add_u32 %1793:s[20], %1988:v[7]
	 v1: %5163:v[9] = v_lshlrev_b32 1, %1989:v[7]
	 v1: %1990:v[7] = v_lshl_add_u32 %1989:v[7], 5, %5163:v[9]
	 v1: %1991:v[10] = v_add_u32 2, %1990:v[7]
	 v1: %1992:v[11] = v_add_u32 %1991:v[10], %1819:v[8]
	 v1: %1993:v[10] = v_and_b32 -4, %1991:v[10]
	 v1: %1994:v[10] = v_add_u32 %1993:v[10], %1819:v[8]
	 v3: %1995:v[20-22] = buffer_load_dwordx3 %1845:s[24-27], %1994:v[10], 0 offen storage:buffer semantics:private,reorder
	 v2b: %1998:v[23][0:16] = buffer_load_short_d16 %1845:s[24-27], %1990:v[7], 0 offen storage:buffer semantics:private,reorder
	 v1: %5165:v[20],  v1: %5166:v[21],  v1: %5167:v[22] = p_split_vector %1995:v[20-22]
	 v1: %1996:v[20] = v_alignbyte_b32 %5166:v[21], %5165:v[20], %1992:v[11]
	 v1: %1997:v[22] = v_alignbyte_b32 %5167:v[22], %5166:v[21], %1992:v[11]
	 v1: %2002:v[24] = v_cvt_f32_i32 %1996:v[20] dst_sel:dword src0_sel:sbyte3
	 v1: %2004:v[25] = v_cvt_f32_i32 %1996:v[20] dst_sel:dword src0_sel:sbyte2
	 v1: %2008:v[26] = v_cvt_f32_i32 %1996:v[20] dst_sel:dword src0_sel:sbyte1
	 v1: %2010:v[20] = v_cvt_f32_i32 %1996:v[20] dst_sel:dword src0_sel:sbyte0
	 v1: %2015:v[27] = v_cvt_f32_i32 %1997:v[22] dst_sel:dword src0_sel:sbyte3
	 v1: %2016:v[19] = v_mul_f32 %5023:v[19], %2015:v[27]
	 v1: %2017:v[28] = v_cvt_f32_i32 %1997:v[22] dst_sel:dword src0_sel:sbyte2
	 v1: %2019:v[19] = v_mac_f32 %5022:v[18], %2017:v[28], %2016:v[19]
	 v1: %2022:v[29] = v_cvt_f32_i32 %1997:v[22] dst_sel:dword src0_sel:sbyte1
	 v1: %2024:v[19] = v_mac_f32 %5021:v[17], %2022:v[29], %2019:v[19]
	 v1: %2025:v[22] = v_cvt_f32_i32 %1997:v[22] dst_sel:dword src0_sel:sbyte0
	 v1: %2027:v[19] = v_mac_f32 %5020:v[16], %2025:v[22], %2024:v[19]
	 v1: %2028:v[19] = v_mac_f32 %5018:v[14], %2004:v[25], %2027:v[19]
	 v1: %2029:v[19] = v_mac_f32 %5019:v[15], %2002:v[24], %2028:v[19]
	 v1: %2030:v[19] = v_mac_f32 %5017:v[13], %2008:v[26], %2029:v[19]
	 v1: %2031:v[19] = v_mac_f32 %5016:v[12], %2010:v[20], %2030:v[19]
	 v1: %2032:v[30] = v_cvt_f32_f16 %1998:v[23][0:16]
	 v1: %2034:v[6] = v_mac_f32 %2031:v[19], %2032:v[30], %1810:v[6]
	p_logical_end
	p_branch BB71
BB70
/* logical preds: BB68, / linear preds: BB68, / kind: uniform, */
	p_logical_start
	p_logical_end
	p_branch BB71
BB71
/* logical preds: BB69, BB70, / linear preds: BB69, BB70, / kind: uniform, */
	 v1: %2035:v[6] = p_phi %2034:v[6], %1810:v[6]
	p_logical_start
	p_logical_end
	p_branch BB73
BB72
/* logical preds: BB67, / linear preds: BB67, / kind: uniform, */
	p_logical_start
	p_logical_end
	p_branch BB73
BB73
/* logical preds: BB71, BB72, / linear preds: BB71, BB72, / kind: uniform, */
	 v1: %2037:v[5] = p_phi %1985:v[5], %1811:v[5]
	 v1: %2036:v[6] = p_phi %2035:v[6], %1810:v[6]
	p_logical_start
	p_logical_end
	p_branch BB75
BB74
/* logical preds: BB66, / linear preds: BB66, / kind: uniform, */
	p_logical_start
	p_logical_end
	p_branch BB75
BB75
/* logical preds: BB73, BB74, / linear preds: BB73, BB74, / kind: uniform, */
	 v1: %2040:v[4] = p_phi %1935:v[4], %1812:v[4]
	 v1: %2039:v[5] = p_phi %2037:v[5], %1811:v[5]
	 v1: %2038:v[6] = p_phi %2036:v[6], %1810:v[6]
	p_logical_start
	p_logical_end
	p_branch BB77
BB76
/* logical preds: BB65, / linear preds: BB65, / kind: uniform, */
	p_logical_start
	p_logical_end
	p_branch BB77
BB77
/* logical preds: BB75, BB76, / linear preds: BB75, BB76, / kind: uniform, */
	 s1: %6554:s[18] = p_linear_phi %6553:s[18], %5013:scc
	 v1: %2044:v[1] = p_phi %1885:v[1], %1813:v[1]
	 v1: %2043:v[4] = p_phi %2040:v[4], %1812:v[4]
	 v1: %2042:v[5] = p_phi %2039:v[5], %1811:v[5]
	 v1: %2041:v[6] = p_phi %2038:v[6], %1810:v[6]
	p_logical_start
	 s1: %2046:s[21],  s1: %5204:scc = s_add_u32 %1816:s[1], 0x200
	 v1: %2047:v[7] = v_add_u32 %2046:s[21], %1797:v[0]
	 v1: %2048:v[8] = v_and_b32 31, %2047:v[7]
	 v1: %2049:v[9] = v_sub_u32 %2047:v[7], %2048:v[8]
	 v1: %2051:v[9] = v_add3_u32 %2048:v[8], %1821:s[5], %2049:v[9]
	p_logical_end
	 s1: %6555:scc = p_parallelcopy %6554:s[18]
	p_cbranch_z %6555:scc BB88, BB78
BB78
/* logical preds: BB77, / linear preds: BB77, / kind: uniform, */
	p_logical_start
	 s4: %2067:s[24-27] = s_load_dwordx4 %1826:s[10-11], 0 storage:buffer semantics:private,reorder
	 v1: %2052:v[9] = v_lshrrev_b32 2, %2051:v[9]
	 v1: %2053:v[9] = v_lshlrev_b32 4, %2052:v[9]
	 v4: %2054:v[12-15] = buffer_load_dwordx4 %1827:s[12-15], %2053:v[9], 0 offen storage:buffer semantics:private,reorder
	 v4: %2056:v[16-19] = buffer_load_dwordx4 %1827:s[12-15], %2053:v[9], 0 offset:16 offen storage:buffer semantics:private,reorder
	 v1: %2057:v[9] = v_add_u32 %1828:s[9], %2047:v[7]
	 v1: %2059:v[9] = v_lshrrev_b32 5, %2057:v[9]
	 v1: %2060:v[9] = v_add_u32 %1793:s[20], %2059:v[9]
	 v1: %5216:v[10] = v_lshlrev_b32 1, %2060:v[9]
	 v1: %2062:v[9] = v_lshl_add_u32 %2060:v[9], 5, %5216:v[10]
	 v1: %2063:v[11] = v_add_u32 2, %2062:v[9]
	 v1: %2064:v[20] = v_add_u32 %2063:v[11], %2048:v[8]
	 v1: %2065:v[11] = v_and_b32 -4, %2063:v[11]
	 v1: %2066:v[11] = v_add_u32 %2065:v[11], %2048:v[8]
	 v3: %2068:v[21-23] = buffer_load_dwordx3 %2067:s[24-27], %2066:v[11], 0 offen storage:buffer semantics:private,reorder
	 v2b: %2071:v[24][0:16] = buffer_load_short_d16 %2067:s[24-27], %2062:v[9], 0 offen storage:buffer semantics:private,reorder
	 s1: %6556:s[18] = p_parallelcopy %6555:scc
	 s1: %2058:s[21],  s1: %5215:scc = s_add_u32 %1828:s[9], %3559:s[3]
	 s1: %5261:scc = s_cmp_lt_u32 1, %1717:s[4]
	 v1: %5207:v[12],  v1: %5208:v[13],  v1: %5209:v[14],  v1: %5210:v[15] = p_split_vector %2054:v[12-15]
	 v1: %5211:v[16],  v1: %5212:v[17],  v1: %5213:v[18],  v1: %5214:v[19] = p_split_vector %2056:v[16-19]
	 v1: %5222:v[21],  v1: %5223:v[22],  v1: %5224:v[23] = p_split_vector %2068:v[21-23]
	 v1: %2069:v[21] = v_alignbyte_b32 %5223:v[22], %5222:v[21], %2064:v[20]
	 v1: %2070:v[23] = v_alignbyte_b32 %5224:v[23], %5223:v[22], %2064:v[20]
	 v1: %2075:v[25] = v_cvt_f32_i32 %2069:v[21] dst_sel:dword src0_sel:sbyte3
	 v1: %2077:v[26] = v_cvt_f32_i32 %2069:v[21] dst_sel:dword src0_sel:sbyte2
	 v1: %2081:v[27] = v_cvt_f32_i32 %2069:v[21] dst_sel:dword src0_sel:sbyte1
	 v1: %2083:v[21] = v_cvt_f32_i32 %2069:v[21] dst_sel:dword src0_sel:sbyte0
	 v1: %2088:v[28] = v_cvt_f32_i32 %2070:v[23] dst_sel:dword src0_sel:sbyte3
	 v1: %2089:v[28] = v_mul_f32 %5214:v[19], %2088:v[28]
	 v1: %2090:v[29] = v_cvt_f32_i32 %2070:v[23] dst_sel:dword src0_sel:sbyte2
	 v1: %2092:v[28] = v_mac_f32 %5213:v[18], %2090:v[29], %2089:v[28]
	 v1: %2095:v[30] = v_cvt_f32_i32 %2070:v[23] dst_sel:dword src0_sel:sbyte1
	 v1: %2097:v[28] = v_mac_f32 %5212:v[17], %2095:v[30], %2092:v[28]
	 v1: %2098:v[23] = v_cvt_f32_i32 %2070:v[23] dst_sel:dword src0_sel:sbyte0
	 v1: %2100:v[28] = v_mac_f32 %5211:v[16], %2098:v[23], %2097:v[28]
	 v1: %2101:v[28] = v_mac_f32 %5209:v[14], %2077:v[26], %2100:v[28]
	 v1: %2102:v[28] = v_mac_f32 %5210:v[15], %2075:v[25], %2101:v[28]
	 v1: %2103:v[28] = v_mac_f32 %5208:v[13], %2081:v[27], %2102:v[28]
	 v1: %2104:v[28] = v_mac_f32 %5207:v[12], %2083:v[21], %2103:v[28]
	 v1: %2105:v[31] = v_cvt_f32_f16 %2071:v[24][0:16]
	 v1: %2107:v[1] = v_mac_f32 %2104:v[28], %2105:v[31], %2044:v[1]
	p_logical_end
	p_cbranch_z %5261:scc BB86, BB79
BB79
/* logical preds: BB78, / linear preds: BB78, / kind: uniform, */
	p_logical_start
	 v1: %2109:v[9] = v_add_u32 %2058:s[21], %2047:v[7]
	 v1: %2111:v[9] = v_lshrrev_b32 5, %2109:v[9]
	 v1: %2112:v[9] = v_add_u32 %1793:s[20], %2111:v[9]
	 v1: %5265:v[10] = v_lshlrev_b32 1, %2112:v[9]
	 v1: %2113:v[9] = v_lshl_add_u32 %2112:v[9], 5, %5265:v[10]
	 v1: %2114:v[11] = v_add_u32 2, %2113:v[9]
	 v1: %2115:v[20] = v_add_u32 %2114:v[11], %2048:v[8]
	 v1: %2116:v[11] = v_and_b32 -4, %2114:v[11]
	 v1: %2117:v[11] = v_add_u32 %2116:v[11], %2048:v[8]
	 v3: %2118:v[21-23] = buffer_load_dwordx3 %2067:s[24-27], %2117:v[11], 0 offen storage:buffer semantics:private,reorder
	 v2b: %2121:v[24][0:16] = buffer_load_short_d16 %2067:s[24-27], %2113:v[9], 0 offen storage:buffer semantics:private,reorder
	 s1: %2110:s[21],  s1: %5264:scc = s_add_u32 %2058:s[21], %3559:s[3]
	 s1: %5306:scc = s_cmp_lt_u32 2, %1717:s[4]
	 v1: %5267:v[21],  v1: %5268:v[22],  v1: %5269:v[23] = p_split_vector %2118:v[21-23]
	 v1: %2119:v[21] = v_alignbyte_b32 %5268:v[22], %5267:v[21], %2115:v[20]
	 v1: %2120:v[23] = v_alignbyte_b32 %5269:v[23], %5268:v[22], %2115:v[20]
	 v1: %2125:v[25] = v_cvt_f32_i32 %2119:v[21] dst_sel:dword src0_sel:sbyte3
	 v1: %2127:v[26] = v_cvt_f32_i32 %2119:v[21] dst_sel:dword src0_sel:sbyte2
	 v1: %2131:v[27] = v_cvt_f32_i32 %2119:v[21] dst_sel:dword src0_sel:sbyte1
	 v1: %2133:v[21] = v_cvt_f32_i32 %2119:v[21] dst_sel:dword src0_sel:sbyte0
	 v1: %2138:v[28] = v_cvt_f32_i32 %2120:v[23] dst_sel:dword src0_sel:sbyte3
	 v1: %2139:v[28] = v_mul_f32 %5214:v[19], %2138:v[28]
	 v1: %2140:v[29] = v_cvt_f32_i32 %2120:v[23] dst_sel:dword src0_sel:sbyte2
	 v1: %2142:v[28] = v_mac_f32 %5213:v[18], %2140:v[29], %2139:v[28]
	 v1: %2145:v[30] = v_cvt_f32_i32 %2120:v[23] dst_sel:dword src0_sel:sbyte1
	 v1: %2147:v[28] = v_mac_f32 %5212:v[17], %2145:v[30], %2142:v[28]
	 v1: %2148:v[23] = v_cvt_f32_i32 %2120:v[23] dst_sel:dword src0_sel:sbyte0
	 v1: %2150:v[28] = v_mac_f32 %5211:v[16], %2148:v[23], %2147:v[28]
	 v1: %2151:v[28] = v_mac_f32 %5209:v[14], %2127:v[26], %2150:v[28]
	 v1: %2152:v[28] = v_mac_f32 %5210:v[15], %2125:v[25], %2151:v[28]
	 v1: %2153:v[28] = v_mac_f32 %5208:v[13], %2131:v[27], %2152:v[28]
	 v1: %2154:v[28] = v_mac_f32 %5207:v[12], %2133:v[21], %2153:v[28]
	 v1: %2155:v[31] = v_cvt_f32_f16 %2121:v[24][0:16]
	 v1: %2157:v[4] = v_mac_f32 %2154:v[28], %2155:v[31], %2043:v[4]
	p_logical_end
	p_cbranch_z %5306:scc BB84, BB80
BB80
/* logical preds: BB79, / linear preds: BB79, / kind: uniform, */
	p_logical_start
	 v1: %2159:v[9] = v_add_u32 %2110:s[21], %2047:v[7]
	 v1: %2161:v[9] = v_lshrrev_b32 5, %2159:v[9]
	 v1: %2162:v[9] = v_add_u32 %1793:s[20], %2161:v[9]
	 v1: %5310:v[10] = v_lshlrev_b32 1, %2162:v[9]
	 v1: %2163:v[9] = v_lshl_add_u32 %2162:v[9], 5, %5310:v[10]
	 v1: %2164:v[11] = v_add_u32 2, %2163:v[9]
	 v1: %2165:v[20] = v_add_u32 %2164:v[11], %2048:v[8]
	 v1: %2166:v[11] = v_and_b32 -4, %2164:v[11]
	 v1: %2167:v[11] = v_add_u32 %2166:v[11], %2048:v[8]
	 v3: %2168:v[21-23] = buffer_load_dwordx3 %2067:s[24-27], %2167:v[11], 0 offen storage:buffer semantics:private,reorder
	 v2b: %2171:v[24][0:16] = buffer_load_short_d16 %2067:s[24-27], %2163:v[9], 0 offen storage:buffer semantics:private,reorder
	 s1: %2160:s[21],  s1: %5309:scc = s_add_u32 %2110:s[21], %3559:s[3]
	 s1: %5351:scc = s_cmp_lt_u32 3, %1717:s[4]
	 v1: %5312:v[21],  v1: %5313:v[22],  v1: %5314:v[23] = p_split_vector %2168:v[21-23]
	 v1: %2169:v[21] = v_alignbyte_b32 %5313:v[22], %5312:v[21], %2165:v[20]
	 v1: %2170:v[23] = v_alignbyte_b32 %5314:v[23], %5313:v[22], %2165:v[20]
	 v1: %2175:v[25] = v_cvt_f32_i32 %2169:v[21] dst_sel:dword src0_sel:sbyte3
	 v1: %2177:v[26] = v_cvt_f32_i32 %2169:v[21] dst_sel:dword src0_sel:sbyte2
	 v1: %2181:v[27] = v_cvt_f32_i32 %2169:v[21] dst_sel:dword src0_sel:sbyte1
	 v1: %2183:v[21] = v_cvt_f32_i32 %2169:v[21] dst_sel:dword src0_sel:sbyte0
	 v1: %2188:v[28] = v_cvt_f32_i32 %2170:v[23] dst_sel:dword src0_sel:sbyte3
	 v1: %2189:v[28] = v_mul_f32 %5214:v[19], %2188:v[28]
	 v1: %2190:v[29] = v_cvt_f32_i32 %2170:v[23] dst_sel:dword src0_sel:sbyte2
	 v1: %2192:v[28] = v_mac_f32 %5213:v[18], %2190:v[29], %2189:v[28]
	 v1: %2195:v[30] = v_cvt_f32_i32 %2170:v[23] dst_sel:dword src0_sel:sbyte1
	 v1: %2197:v[28] = v_mac_f32 %5212:v[17], %2195:v[30], %2192:v[28]
	 v1: %2198:v[23] = v_cvt_f32_i32 %2170:v[23] dst_sel:dword src0_sel:sbyte0
	 v1: %2200:v[28] = v_mac_f32 %5211:v[16], %2198:v[23], %2197:v[28]
	 v1: %2201:v[28] = v_mac_f32 %5209:v[14], %2177:v[26], %2200:v[28]
	 v1: %2202:v[28] = v_mac_f32 %5210:v[15], %2175:v[25], %2201:v[28]
	 v1: %2203:v[28] = v_mac_f32 %5208:v[13], %2181:v[27], %2202:v[28]
	 v1: %2204:v[28] = v_mac_f32 %5207:v[12], %2183:v[21], %2203:v[28]
	 v1: %2205:v[31] = v_cvt_f32_f16 %2171:v[24][0:16]
	 v1: %2207:v[5] = v_mac_f32 %2204:v[28], %2205:v[31], %2042:v[5]
	p_logical_end
	p_cbranch_z %5351:scc BB82, BB81
BB81
/* logical preds: BB80, / linear preds: BB80, / kind: uniform, */
	p_logical_start
	 v1: %2209:v[7] = v_add_u32 %2160:s[21], %2047:v[7]
	 v1: %2210:v[7] = v_lshrrev_b32 5, %2209:v[7]
	 v1: %2211:v[7] = v_add_u32 %1793:s[20], %2210:v[7]
	 v1: %5354:v[9] = v_lshlrev_b32 1, %2211:v[7]
	 v1: %2212:v[7] = v_lshl_add_u32 %2211:v[7], 5, %5354:v[9]
	 v1: %2213:v[10] = v_add_u32 2, %2212:v[7]
	 v1: %2214:v[11] = v_add_u32 %2213:v[10], %2048:v[8]
	 v1: %2215:v[10] = v_and_b32 -4, %2213:v[10]
	 v1: %2216:v[10] = v_add_u32 %2215:v[10], %2048:v[8]
	 v3: %2217:v[20-22] = buffer_load_dwordx3 %2067:s[24-27], %2216:v[10], 0 offen storage:buffer semantics:private,reorder
	 v2b: %2220:v[23][0:16] = buffer_load_short_d16 %2067:s[24-27], %2212:v[7], 0 offen storage:buffer semantics:private,reorder
	 v1: %5356:v[20],  v1: %5357:v[21],  v1: %5358:v[22] = p_split_vector %2217:v[20-22]
	 v1: %2218:v[20] = v_alignbyte_b32 %5357:v[21], %5356:v[20], %2214:v[11]
	 v1: %2219:v[22] = v_alignbyte_b32 %5358:v[22], %5357:v[21], %2214:v[11]
	 v1: %2224:v[24] = v_cvt_f32_i32 %2218:v[20] dst_sel:dword src0_sel:sbyte3
	 v1: %2226:v[25] = v_cvt_f32_i32 %2218:v[20] dst_sel:dword src0_sel:sbyte2
	 v1: %2230:v[26] = v_cvt_f32_i32 %2218:v[20] dst_sel:dword src0_sel:sbyte1
	 v1: %2232:v[20] = v_cvt_f32_i32 %2218:v[20] dst_sel:dword src0_sel:sbyte0
	 v1: %2237:v[27] = v_cvt_f32_i32 %2219:v[22] dst_sel:dword src0_sel:sbyte3
	 v1: %2238:v[19] = v_mul_f32 %5214:v[19], %2237:v[27]
	 v1: %2239:v[28] = v_cvt_f32_i32 %2219:v[22] dst_sel:dword src0_sel:sbyte2
	 v1: %2241:v[19] = v_mac_f32 %5213:v[18], %2239:v[28], %2238:v[19]
	 v1: %2244:v[29] = v_cvt_f32_i32 %2219:v[22] dst_sel:dword src0_sel:sbyte1
	 v1: %2246:v[19] = v_mac_f32 %5212:v[17], %2244:v[29], %2241:v[19]
	 v1: %2247:v[22] = v_cvt_f32_i32 %2219:v[22] dst_sel:dword src0_sel:sbyte0
	 v1: %2249:v[19] = v_mac_f32 %5211:v[16], %2247:v[22], %2246:v[19]
	 v1: %2250:v[19] = v_mac_f32 %5209:v[14], %2226:v[25], %2249:v[19]
	 v1: %2251:v[19] = v_mac_f32 %5210:v[15], %2224:v[24], %2250:v[19]
	 v1: %2252:v[19] = v_mac_f32 %5208:v[13], %2230:v[26], %2251:v[19]
	 v1: %2253:v[19] = v_mac_f32 %5207:v[12], %2232:v[20], %2252:v[19]
	 v1: %2254:v[30] = v_cvt_f32_f16 %2220:v[23][0:16]
	 v1: %2256:v[6] = v_mac_f32 %2253:v[19], %2254:v[30], %2041:v[6]
	p_logical_end
	p_branch BB83
BB82
/* logical preds: BB80, / linear preds: BB80, / kind: uniform, */
	p_logical_start
	p_logical_end
	p_branch BB83
BB83
/* logical preds: BB81, BB82, / linear preds: BB81, BB82, / kind: uniform, */
	 v1: %2257:v[6] = p_phi %2256:v[6], %2041:v[6]
	p_logical_start
	p_logical_end
	p_branch BB85
BB84
/* logical preds: BB79, / linear preds: BB79, / kind: uniform, */
	p_logical_start
	p_logical_end
	p_branch BB85
BB85
/* logical preds: BB83, BB84, / linear preds: BB83, BB84, / kind: uniform, */
	 v1: %2259:v[5] = p_phi %2207:v[5], %2042:v[5]
	 v1: %2258:v[6] = p_phi %2257:v[6], %2041:v[6]
	p_logical_start
	p_logical_end
	p_branch BB87
BB86
/* logical preds: BB78, / linear preds: BB78, / kind: uniform, */
	p_logical_start
	p_logical_end
	p_branch BB87
BB87
/* logical preds: BB85, BB86, / linear preds: BB85, BB86, / kind: uniform, */
	 v1: %2262:v[4] = p_phi %2157:v[4], %2043:v[4]
	 v1: %2261:v[5] = p_phi %2259:v[5], %2042:v[5]
	 v1: %2260:v[6] = p_phi %2258:v[6], %2041:v[6]
	p_logical_start
	p_logical_end
	p_branch BB89
BB88
/* logical preds: BB77, / linear preds: BB77, / kind: uniform, */
	p_logical_start
	p_logical_end
	p_branch BB89
BB89
/* logical preds: BB87, BB88, / linear preds: BB87, BB88, / kind: uniform, */
	 s1: %6557:s[18] = p_linear_phi %6556:s[18], %6555:scc
	 v1: %2266:v[1] = p_phi %2107:v[1], %2044:v[1]
	 v1: %2265:v[4] = p_phi %2262:v[4], %2043:v[4]
	 v1: %2264:v[5] = p_phi %2261:v[5], %2042:v[5]
	 v1: %2263:v[6] = p_phi %2260:v[6], %2041:v[6]
	p_logical_start
	 s1: %2268:s[21],  s1: %5395:scc = s_add_u32 0x400, %1816:s[1]
	 v1: %2269:v[7] = v_add_u32 %2268:s[21], %1797:v[0]
	 v1: %2270:v[8] = v_and_b32 31, %2269:v[7]
	 v1: %2271:v[9] = v_sub_u32 %2269:v[7], %2270:v[8]
	 v1: %2273:v[9] = v_add3_u32 %2270:v[8], %1821:s[5], %2271:v[9]
	p_logical_end
	 s1: %6558:scc = p_parallelcopy %6557:s[18]
	p_cbranch_z %6558:scc BB100, BB90
BB90
/* logical preds: BB89, / linear preds: BB89, / kind: uniform, */
	p_logical_start
	 s4: %2289:s[24-27] = s_load_dwordx4 %1826:s[10-11], 0 storage:buffer semantics:private,reorder
	 v1: %2274:v[9] = v_lshrrev_b32 2, %2273:v[9]
	 v1: %2275:v[9] = v_lshlrev_b32 4, %2274:v[9]
	 v4: %2276:v[12-15] = buffer_load_dwordx4 %1827:s[12-15], %2275:v[9], 0 offen storage:buffer semantics:private,reorder
	 v4: %2278:v[16-19] = buffer_load_dwordx4 %1827:s[12-15], %2275:v[9], 0 offset:16 offen storage:buffer semantics:private,reorder
	 v1: %2279:v[9] = v_add_u32 %1828:s[9], %2269:v[7]
	 v1: %2281:v[9] = v_lshrrev_b32 5, %2279:v[9]
	 v1: %2282:v[9] = v_add_u32 %1793:s[20], %2281:v[9]
	 v1: %5407:v[10] = v_lshlrev_b32 1, %2282:v[9]
	 v1: %2284:v[9] = v_lshl_add_u32 %2282:v[9], 5, %5407:v[10]
	 v1: %2285:v[11] = v_add_u32 2, %2284:v[9]
	 v1: %2286:v[20] = v_add_u32 %2285:v[11], %2270:v[8]
	 v1: %2287:v[11] = v_and_b32 -4, %2285:v[11]
	 v1: %2288:v[11] = v_add_u32 %2287:v[11], %2270:v[8]
	 v3: %2290:v[21-23] = buffer_load_dwordx3 %2289:s[24-27], %2288:v[11], 0 offen storage:buffer semantics:private,reorder
	 v2b: %2293:v[24][0:16] = buffer_load_short_d16 %2289:s[24-27], %2284:v[9], 0 offen storage:buffer semantics:private,reorder
	 s1: %6559:s[18] = p_parallelcopy %6558:scc
	 s1: %2280:s[21],  s1: %5406:scc = s_add_u32 %1828:s[9], %3559:s[3]
	 s1: %5452:scc = s_cmp_lt_u32 1, %1717:s[4]
	 v1: %5398:v[12],  v1: %5399:v[13],  v1: %5400:v[14],  v1: %5401:v[15] = p_split_vector %2276:v[12-15]
	 v1: %5402:v[16],  v1: %5403:v[17],  v1: %5404:v[18],  v1: %5405:v[19] = p_split_vector %2278:v[16-19]
	 v1: %5413:v[21],  v1: %5414:v[22],  v1: %5415:v[23] = p_split_vector %2290:v[21-23]
	 v1: %2291:v[21] = v_alignbyte_b32 %5414:v[22], %5413:v[21], %2286:v[20]
	 v1: %2292:v[23] = v_alignbyte_b32 %5415:v[23], %5414:v[22], %2286:v[20]
	 v1: %2297:v[25] = v_cvt_f32_i32 %2291:v[21] dst_sel:dword src0_sel:sbyte3
	 v1: %2299:v[26] = v_cvt_f32_i32 %2291:v[21] dst_sel:dword src0_sel:sbyte2
	 v1: %2303:v[27] = v_cvt_f32_i32 %2291:v[21] dst_sel:dword src0_sel:sbyte1
	 v1: %2305:v[21] = v_cvt_f32_i32 %2291:v[21] dst_sel:dword src0_sel:sbyte0
	 v1: %2310:v[28] = v_cvt_f32_i32 %2292:v[23] dst_sel:dword src0_sel:sbyte3
	 v1: %2311:v[28] = v_mul_f32 %5405:v[19], %2310:v[28]
	 v1: %2312:v[29] = v_cvt_f32_i32 %2292:v[23] dst_sel:dword src0_sel:sbyte2
	 v1: %2314:v[28] = v_mac_f32 %5404:v[18], %2312:v[29], %2311:v[28]
	 v1: %2317:v[30] = v_cvt_f32_i32 %2292:v[23] dst_sel:dword src0_sel:sbyte1
	 v1: %2319:v[28] = v_mac_f32 %5403:v[17], %2317:v[30], %2314:v[28]
	 v1: %2320:v[23] = v_cvt_f32_i32 %2292:v[23] dst_sel:dword src0_sel:sbyte0
	 v1: %2322:v[28] = v_mac_f32 %5402:v[16], %2320:v[23], %2319:v[28]
	 v1: %2323:v[28] = v_mac_f32 %5400:v[14], %2299:v[26], %2322:v[28]
	 v1: %2324:v[28] = v_mac_f32 %5401:v[15], %2297:v[25], %2323:v[28]
	 v1: %2325:v[28] = v_mac_f32 %5399:v[13], %2303:v[27], %2324:v[28]
	 v1: %2326:v[28] = v_mac_f32 %5398:v[12], %2305:v[21], %2325:v[28]
	 v1: %2327:v[31] = v_cvt_f32_f16 %2293:v[24][0:16]
	 v1: %2329:v[1] = v_mac_f32 %2326:v[28], %2327:v[31], %2266:v[1]
	p_logical_end
	p_cbranch_z %5452:scc BB98, BB91
BB91
/* logical preds: BB90, / linear preds: BB90, / kind: uniform, */
	p_logical_start
	 v1: %2331:v[9] = v_add_u32 %2280:s[21], %2269:v[7]
	 v1: %2333:v[9] = v_lshrrev_b32 5, %2331:v[9]
	 v1: %2334:v[9] = v_add_u32 %1793:s[20], %2333:v[9]
	 v1: %5456:v[10] = v_lshlrev_b32 1, %2334:v[9]
	 v1: %2335:v[9] = v_lshl_add_u32 %2334:v[9], 5, %5456:v[10]
	 v1: %2336:v[11] = v_add_u32 2, %2335:v[9]
	 v1: %2337:v[20] = v_add_u32 %2336:v[11], %2270:v[8]
	 v1: %2338:v[11] = v_and_b32 -4, %2336:v[11]
	 v1: %2339:v[11] = v_add_u32 %2338:v[11], %2270:v[8]
	 v3: %2340:v[21-23] = buffer_load_dwordx3 %2289:s[24-27], %2339:v[11], 0 offen storage:buffer semantics:private,reorder
	 v2b: %2343:v[24][0:16] = buffer_load_short_d16 %2289:s[24-27], %2335:v[9], 0 offen storage:buffer semantics:private,reorder
	 s1: %2332:s[21],  s1: %5455:scc = s_add_u32 %2280:s[21], %3559:s[3]
	 s1: %5497:scc = s_cmp_lt_u32 2, %1717:s[4]
	 v1: %5458:v[21],  v1: %5459:v[22],  v1: %5460:v[23] = p_split_vector %2340:v[21-23]
	 v1: %2341:v[21] = v_alignbyte_b32 %5459:v[22], %5458:v[21], %2337:v[20]
	 v1: %2342:v[23] = v_alignbyte_b32 %5460:v[23], %5459:v[22], %2337:v[20]
	 v1: %2347:v[25] = v_cvt_f32_i32 %2341:v[21] dst_sel:dword src0_sel:sbyte3
	 v1: %2349:v[26] = v_cvt_f32_i32 %2341:v[21] dst_sel:dword src0_sel:sbyte2
	 v1: %2353:v[27] = v_cvt_f32_i32 %2341:v[21] dst_sel:dword src0_sel:sbyte1
	 v1: %2355:v[21] = v_cvt_f32_i32 %2341:v[21] dst_sel:dword src0_sel:sbyte0
	 v1: %2360:v[28] = v_cvt_f32_i32 %2342:v[23] dst_sel:dword src0_sel:sbyte3
	 v1: %2361:v[28] = v_mul_f32 %5405:v[19], %2360:v[28]
	 v1: %2362:v[29] = v_cvt_f32_i32 %2342:v[23] dst_sel:dword src0_sel:sbyte2
	 v1: %2364:v[28] = v_mac_f32 %5404:v[18], %2362:v[29], %2361:v[28]
	 v1: %2367:v[30] = v_cvt_f32_i32 %2342:v[23] dst_sel:dword src0_sel:sbyte1
	 v1: %2369:v[28] = v_mac_f32 %5403:v[17], %2367:v[30], %2364:v[28]
	 v1: %2370:v[23] = v_cvt_f32_i32 %2342:v[23] dst_sel:dword src0_sel:sbyte0
	 v1: %2372:v[28] = v_mac_f32 %5402:v[16], %2370:v[23], %2369:v[28]
	 v1: %2373:v[28] = v_mac_f32 %5400:v[14], %2349:v[26], %2372:v[28]
	 v1: %2374:v[28] = v_mac_f32 %5401:v[15], %2347:v[25], %2373:v[28]
	 v1: %2375:v[28] = v_mac_f32 %5399:v[13], %2353:v[27], %2374:v[28]
	 v1: %2376:v[28] = v_mac_f32 %5398:v[12], %2355:v[21], %2375:v[28]
	 v1: %2377:v[31] = v_cvt_f32_f16 %2343:v[24][0:16]
	 v1: %2379:v[4] = v_mac_f32 %2376:v[28], %2377:v[31], %2265:v[4]
	p_logical_end
	p_cbranch_z %5497:scc BB96, BB92
BB92
/* logical preds: BB91, / linear preds: BB91, / kind: uniform, */
	p_logical_start
	 v1: %2381:v[9] = v_add_u32 %2332:s[21], %2269:v[7]
	 v1: %2383:v[9] = v_lshrrev_b32 5, %2381:v[9]
	 v1: %2384:v[9] = v_add_u32 %1793:s[20], %2383:v[9]
	 v1: %5501:v[10] = v_lshlrev_b32 1, %2384:v[9]
	 v1: %2385:v[9] = v_lshl_add_u32 %2384:v[9], 5, %5501:v[10]
	 v1: %2386:v[11] = v_add_u32 2, %2385:v[9]
	 v1: %2387:v[20] = v_add_u32 %2386:v[11], %2270:v[8]
	 v1: %2388:v[11] = v_and_b32 -4, %2386:v[11]
	 v1: %2389:v[11] = v_add_u32 %2388:v[11], %2270:v[8]
	 v3: %2390:v[21-23] = buffer_load_dwordx3 %2289:s[24-27], %2389:v[11], 0 offen storage:buffer semantics:private,reorder
	 v2b: %2393:v[24][0:16] = buffer_load_short_d16 %2289:s[24-27], %2385:v[9], 0 offen storage:buffer semantics:private,reorder
	 s1: %2382:s[21],  s1: %5500:scc = s_add_u32 %2332:s[21], %3559:s[3]
	 s1: %5542:scc = s_cmp_lt_u32 3, %1717:s[4]
	 v1: %5503:v[21],  v1: %5504:v[22],  v1: %5505:v[23] = p_split_vector %2390:v[21-23]
	 v1: %2391:v[21] = v_alignbyte_b32 %5504:v[22], %5503:v[21], %2387:v[20]
	 v1: %2392:v[23] = v_alignbyte_b32 %5505:v[23], %5504:v[22], %2387:v[20]
	 v1: %2397:v[25] = v_cvt_f32_i32 %2391:v[21] dst_sel:dword src0_sel:sbyte3
	 v1: %2399:v[26] = v_cvt_f32_i32 %2391:v[21] dst_sel:dword src0_sel:sbyte2
	 v1: %2403:v[27] = v_cvt_f32_i32 %2391:v[21] dst_sel:dword src0_sel:sbyte1
	 v1: %2405:v[21] = v_cvt_f32_i32 %2391:v[21] dst_sel:dword src0_sel:sbyte0
	 v1: %2410:v[28] = v_cvt_f32_i32 %2392:v[23] dst_sel:dword src0_sel:sbyte3
	 v1: %2411:v[28] = v_mul_f32 %5405:v[19], %2410:v[28]
	 v1: %2412:v[29] = v_cvt_f32_i32 %2392:v[23] dst_sel:dword src0_sel:sbyte2
	 v1: %2414:v[28] = v_mac_f32 %5404:v[18], %2412:v[29], %2411:v[28]
	 v1: %2417:v[30] = v_cvt_f32_i32 %2392:v[23] dst_sel:dword src0_sel:sbyte1
	 v1: %2419:v[28] = v_mac_f32 %5403:v[17], %2417:v[30], %2414:v[28]
	 v1: %2420:v[23] = v_cvt_f32_i32 %2392:v[23] dst_sel:dword src0_sel:sbyte0
	 v1: %2422:v[28] = v_mac_f32 %5402:v[16], %2420:v[23], %2419:v[28]
	 v1: %2423:v[28] = v_mac_f32 %5400:v[14], %2399:v[26], %2422:v[28]
	 v1: %2424:v[28] = v_mac_f32 %5401:v[15], %2397:v[25], %2423:v[28]
	 v1: %2425:v[28] = v_mac_f32 %5399:v[13], %2403:v[27], %2424:v[28]
	 v1: %2426:v[28] = v_mac_f32 %5398:v[12], %2405:v[21], %2425:v[28]
	 v1: %2427:v[31] = v_cvt_f32_f16 %2393:v[24][0:16]
	 v1: %2429:v[5] = v_mac_f32 %2426:v[28], %2427:v[31], %2264:v[5]
	p_logical_end
	p_cbranch_z %5542:scc BB94, BB93
BB93
/* logical preds: BB92, / linear preds: BB92, / kind: uniform, */
	p_logical_start
	 v1: %2431:v[7] = v_add_u32 %2382:s[21], %2269:v[7]
	 v1: %2432:v[7] = v_lshrrev_b32 5, %2431:v[7]
	 v1: %2433:v[7] = v_add_u32 %1793:s[20], %2432:v[7]
	 v1: %5545:v[9] = v_lshlrev_b32 1, %2433:v[7]
	 v1: %2434:v[7] = v_lshl_add_u32 %2433:v[7], 5, %5545:v[9]
	 v1: %2435:v[10] = v_add_u32 2, %2434:v[7]
	 v1: %2436:v[11] = v_add_u32 %2435:v[10], %2270:v[8]
	 v1: %2437:v[10] = v_and_b32 -4, %2435:v[10]
	 v1: %2438:v[10] = v_add_u32 %2437:v[10], %2270:v[8]
	 v3: %2439:v[20-22] = buffer_load_dwordx3 %2289:s[24-27], %2438:v[10], 0 offen storage:buffer semantics:private,reorder
	 v2b: %2442:v[23][0:16] = buffer_load_short_d16 %2289:s[24-27], %2434:v[7], 0 offen storage:buffer semantics:private,reorder
	 v1: %5547:v[20],  v1: %5548:v[21],  v1: %5549:v[22] = p_split_vector %2439:v[20-22]
	 v1: %2440:v[20] = v_alignbyte_b32 %5548:v[21], %5547:v[20], %2436:v[11]
	 v1: %2441:v[22] = v_alignbyte_b32 %5549:v[22], %5548:v[21], %2436:v[11]
	 v1: %2446:v[24] = v_cvt_f32_i32 %2440:v[20] dst_sel:dword src0_sel:sbyte3
	 v1: %2448:v[25] = v_cvt_f32_i32 %2440:v[20] dst_sel:dword src0_sel:sbyte2
	 v1: %2452:v[26] = v_cvt_f32_i32 %2440:v[20] dst_sel:dword src0_sel:sbyte1
	 v1: %2454:v[20] = v_cvt_f32_i32 %2440:v[20] dst_sel:dword src0_sel:sbyte0
	 v1: %2459:v[27] = v_cvt_f32_i32 %2441:v[22] dst_sel:dword src0_sel:sbyte3
	 v1: %2460:v[19] = v_mul_f32 %5405:v[19], %2459:v[27]
	 v1: %2461:v[28] = v_cvt_f32_i32 %2441:v[22] dst_sel:dword src0_sel:sbyte2
	 v1: %2463:v[19] = v_mac_f32 %5404:v[18], %2461:v[28], %2460:v[19]
	 v1: %2466:v[29] = v_cvt_f32_i32 %2441:v[22] dst_sel:dword src0_sel:sbyte1
	 v1: %2468:v[19] = v_mac_f32 %5403:v[17], %2466:v[29], %2463:v[19]
	 v1: %2469:v[22] = v_cvt_f32_i32 %2441:v[22] dst_sel:dword src0_sel:sbyte0
	 v1: %2471:v[19] = v_mac_f32 %5402:v[16], %2469:v[22], %2468:v[19]
	 v1: %2472:v[19] = v_mac_f32 %5400:v[14], %2448:v[25], %2471:v[19]
	 v1: %2473:v[19] = v_mac_f32 %5401:v[15], %2446:v[24], %2472:v[19]
	 v1: %2474:v[19] = v_mac_f32 %5399:v[13], %2452:v[26], %2473:v[19]
	 v1: %2475:v[19] = v_mac_f32 %5398:v[12], %2454:v[20], %2474:v[19]
	 v1: %2476:v[30] = v_cvt_f32_f16 %2442:v[23][0:16]
	 v1: %2478:v[6] = v_mac_f32 %2475:v[19], %2476:v[30], %2263:v[6]
	p_logical_end
	p_branch BB95
BB94
/* logical preds: BB92, / linear preds: BB92, / kind: uniform, */
	p_logical_start
	p_logical_end
	p_branch BB95
BB95
/* logical preds: BB93, BB94, / linear preds: BB93, BB94, / kind: uniform, */
	 v1: %2479:v[6] = p_phi %2478:v[6], %2263:v[6]
	p_logical_start
	p_logical_end
	p_branch BB97
BB96
/* logical preds: BB91, / linear preds: BB91, / kind: uniform, */
	p_logical_start
	p_logical_end
	p_branch BB97
BB97
/* logical preds: BB95, BB96, / linear preds: BB95, BB96, / kind: uniform, */
	 v1: %2481:v[5] = p_phi %2429:v[5], %2264:v[5]
	 v1: %2480:v[6] = p_phi %2479:v[6], %2263:v[6]
	p_logical_start
	p_logical_end
	p_branch BB99
BB98
/* logical preds: BB90, / linear preds: BB90, / kind: uniform, */
	p_logical_start
	p_logical_end
	p_branch BB99
BB99
/* logical preds: BB97, BB98, / linear preds: BB97, BB98, / kind: uniform, */
	 v1: %2484:v[4] = p_phi %2379:v[4], %2265:v[4]
	 v1: %2483:v[5] = p_phi %2481:v[5], %2264:v[5]
	 v1: %2482:v[6] = p_phi %2480:v[6], %2263:v[6]
	p_logical_start
	p_logical_end
	p_branch BB101
BB100
/* logical preds: BB89, / linear preds: BB89, / kind: uniform, */
	p_logical_start
	p_logical_end
	p_branch BB101
BB101
/* logical preds: BB99, BB100, / linear preds: BB99, BB100, / kind: uniform, */
	 s1: %6560:s[18] = p_linear_phi %6559:s[18], %6558:scc
	 v1: %2488:v[1] = p_phi %2329:v[1], %2266:v[1]
	 v1: %2487:v[4] = p_phi %2484:v[4], %2265:v[4]
	 v1: %2486:v[5] = p_phi %2483:v[5], %2264:v[5]
	 v1: %2485:v[6] = p_phi %2482:v[6], %2263:v[6]
	p_logical_start
	 s1: %2490:s[1],  s1: %5586:scc = s_addk_i32 %1816:s[1] imm:1536
	 v1: %2491:v[7] = v_add_u32 %2490:s[1], %1797:v[0]
	 v1: %2492:v[8] = v_and_b32 31, %2491:v[7]
	 v1: %2493:v[9] = v_sub_u32 %2491:v[7], %2492:v[8]
	 v1: %2495:v[9] = v_add3_u32 %2492:v[8], %1821:s[5], %2493:v[9]
	p_logical_end
	 s1: %6561:scc = p_parallelcopy %6560:s[18]
	p_cbranch_z %6561:scc BB112, BB102
BB102
/* logical preds: BB101, / linear preds: BB101, / kind: uniform, */
	p_logical_start
	 s4: %2511:s[24-27] = s_load_dwordx4 %1826:s[10-11], 0 storage:buffer semantics:private,reorder
	 v1: %2496:v[9] = v_lshrrev_b32 2, %2495:v[9]
	 v1: %2497:v[9] = v_lshlrev_b32 4, %2496:v[9]
	 v4: %2498:v[12-15] = buffer_load_dwordx4 %1827:s[12-15], %2497:v[9], 0 offen storage:buffer semantics:private,reorder
	 v4: %2500:v[16-19] = buffer_load_dwordx4 %1827:s[12-15], %2497:v[9], 0 offset:16 offen storage:buffer semantics:private,reorder
	 v1: %2501:v[9] = v_add_u32 %1828:s[9], %2491:v[7]
	 v1: %2503:v[9] = v_lshrrev_b32 5, %2501:v[9]
	 v1: %2504:v[9] = v_add_u32 %1793:s[20], %2503:v[9]
	 v1: %5598:v[10] = v_lshlrev_b32 1, %2504:v[9]
	 v1: %2506:v[9] = v_lshl_add_u32 %2504:v[9], 5, %5598:v[10]
	 v1: %2507:v[11] = v_add_u32 2, %2506:v[9]
	 v1: %2508:v[20] = v_add_u32 %2507:v[11], %2492:v[8]
	 v1: %2509:v[11] = v_and_b32 -4, %2507:v[11]
	 v1: %2510:v[11] = v_add_u32 %2509:v[11], %2492:v[8]
	 v3: %2512:v[21-23] = buffer_load_dwordx3 %2511:s[24-27], %2510:v[11], 0 offen storage:buffer semantics:private,reorder
	 v2b: %2515:v[24][0:16] = buffer_load_short_d16 %2511:s[24-27], %2506:v[9], 0 offen storage:buffer semantics:private,reorder
	 s1: %2502:s[9],  s1: %5597:scc = s_add_u32 %1828:s[9], %3559:s[3]
	 s1: %5643:scc = s_cmp_lt_u32 1, %1717:s[4]
	 v1: %5589:v[12],  v1: %5590:v[13],  v1: %5591:v[14],  v1: %5592:v[15] = p_split_vector %2498:v[12-15]
	 v1: %5593:v[16],  v1: %5594:v[17],  v1: %5595:v[18],  v1: %5596:v[19] = p_split_vector %2500:v[16-19]
	 v1: %5604:v[21],  v1: %5605:v[22],  v1: %5606:v[23] = p_split_vector %2512:v[21-23]
	 v1: %2513:v[21] = v_alignbyte_b32 %5605:v[22], %5604:v[21], %2508:v[20]
	 v1: %2514:v[23] = v_alignbyte_b32 %5606:v[23], %5605:v[22], %2508:v[20]
	 v1: %2519:v[25] = v_cvt_f32_i32 %2513:v[21] dst_sel:dword src0_sel:sbyte3
	 v1: %2521:v[26] = v_cvt_f32_i32 %2513:v[21] dst_sel:dword src0_sel:sbyte2
	 v1: %2525:v[27] = v_cvt_f32_i32 %2513:v[21] dst_sel:dword src0_sel:sbyte1
	 v1: %2527:v[21] = v_cvt_f32_i32 %2513:v[21] dst_sel:dword src0_sel:sbyte0
	 v1: %2532:v[28] = v_cvt_f32_i32 %2514:v[23] dst_sel:dword src0_sel:sbyte3
	 v1: %2533:v[28] = v_mul_f32 %5596:v[19], %2532:v[28]
	 v1: %2534:v[29] = v_cvt_f32_i32 %2514:v[23] dst_sel:dword src0_sel:sbyte2
	 v1: %2536:v[28] = v_mac_f32 %5595:v[18], %2534:v[29], %2533:v[28]
	 v1: %2539:v[30] = v_cvt_f32_i32 %2514:v[23] dst_sel:dword src0_sel:sbyte1
	 v1: %2541:v[28] = v_mac_f32 %5594:v[17], %2539:v[30], %2536:v[28]
	 v1: %2542:v[23] = v_cvt_f32_i32 %2514:v[23] dst_sel:dword src0_sel:sbyte0
	 v1: %2544:v[28] = v_mac_f32 %5593:v[16], %2542:v[23], %2541:v[28]
	 v1: %2545:v[28] = v_mac_f32 %5591:v[14], %2521:v[26], %2544:v[28]
	 v1: %2546:v[28] = v_mac_f32 %5592:v[15], %2519:v[25], %2545:v[28]
	 v1: %2547:v[28] = v_mac_f32 %5590:v[13], %2525:v[27], %2546:v[28]
	 v1: %2548:v[28] = v_mac_f32 %5589:v[12], %2527:v[21], %2547:v[28]
	 v1: %2549:v[31] = v_cvt_f32_f16 %2515:v[24][0:16]
	 v1: %2551:v[1] = v_mac_f32 %2548:v[28], %2549:v[31], %2488:v[1]
	p_logical_end
	p_cbranch_z %5643:scc BB110, BB103
BB103
/* logical preds: BB102, / linear preds: BB102, / kind: uniform, */
	p_logical_start
	 v1: %2553:v[9] = v_add_u32 %2502:s[9], %2491:v[7]
	 v1: %2555:v[9] = v_lshrrev_b32 5, %2553:v[9]
	 v1: %2556:v[9] = v_add_u32 %1793:s[20], %2555:v[9]
	 v1: %5647:v[10] = v_lshlrev_b32 1, %2556:v[9]
	 v1: %2557:v[9] = v_lshl_add_u32 %2556:v[9], 5, %5647:v[10]
	 v1: %2558:v[11] = v_add_u32 2, %2557:v[9]
	 v1: %2559:v[20] = v_add_u32 %2558:v[11], %2492:v[8]
	 v1: %2560:v[11] = v_and_b32 -4, %2558:v[11]
	 v1: %2561:v[11] = v_add_u32 %2560:v[11], %2492:v[8]
	 v3: %2562:v[21-23] = buffer_load_dwordx3 %2511:s[24-27], %2561:v[11], 0 offen storage:buffer semantics:private,reorder
	 v2b: %2565:v[24][0:16] = buffer_load_short_d16 %2511:s[24-27], %2557:v[9], 0 offen storage:buffer semantics:private,reorder
	 s1: %2554:s[9],  s1: %5646:scc = s_add_u32 %2502:s[9], %3559:s[3]
	 s1: %5688:scc = s_cmp_lt_u32 2, %1717:s[4]
	 v1: %5649:v[21],  v1: %5650:v[22],  v1: %5651:v[23] = p_split_vector %2562:v[21-23]
	 v1: %2563:v[21] = v_alignbyte_b32 %5650:v[22], %5649:v[21], %2559:v[20]
	 v1: %2564:v[23] = v_alignbyte_b32 %5651:v[23], %5650:v[22], %2559:v[20]
	 v1: %2569:v[25] = v_cvt_f32_i32 %2563:v[21] dst_sel:dword src0_sel:sbyte3
	 v1: %2571:v[26] = v_cvt_f32_i32 %2563:v[21] dst_sel:dword src0_sel:sbyte2
	 v1: %2575:v[27] = v_cvt_f32_i32 %2563:v[21] dst_sel:dword src0_sel:sbyte1
	 v1: %2577:v[21] = v_cvt_f32_i32 %2563:v[21] dst_sel:dword src0_sel:sbyte0
	 v1: %2582:v[28] = v_cvt_f32_i32 %2564:v[23] dst_sel:dword src0_sel:sbyte3
	 v1: %2583:v[28] = v_mul_f32 %5596:v[19], %2582:v[28]
	 v1: %2584:v[29] = v_cvt_f32_i32 %2564:v[23] dst_sel:dword src0_sel:sbyte2
	 v1: %2586:v[28] = v_mac_f32 %5595:v[18], %2584:v[29], %2583:v[28]
	 v1: %2589:v[30] = v_cvt_f32_i32 %2564:v[23] dst_sel:dword src0_sel:sbyte1
	 v1: %2591:v[28] = v_mac_f32 %5594:v[17], %2589:v[30], %2586:v[28]
	 v1: %2592:v[23] = v_cvt_f32_i32 %2564:v[23] dst_sel:dword src0_sel:sbyte0
	 v1: %2594:v[28] = v_mac_f32 %5593:v[16], %2592:v[23], %2591:v[28]
	 v1: %2595:v[28] = v_mac_f32 %5591:v[14], %2571:v[26], %2594:v[28]
	 v1: %2596:v[28] = v_mac_f32 %5592:v[15], %2569:v[25], %2595:v[28]
	 v1: %2597:v[28] = v_mac_f32 %5590:v[13], %2575:v[27], %2596:v[28]
	 v1: %2598:v[28] = v_mac_f32 %5589:v[12], %2577:v[21], %2597:v[28]
	 v1: %2599:v[31] = v_cvt_f32_f16 %2565:v[24][0:16]
	 v1: %2601:v[4] = v_mac_f32 %2598:v[28], %2599:v[31], %2487:v[4]
	p_logical_end
	p_cbranch_z %5688:scc BB108, BB104
BB104
/* logical preds: BB103, / linear preds: BB103, / kind: uniform, */
	p_logical_start
	 v1: %2603:v[9] = v_add_u32 %2554:s[9], %2491:v[7]
	 v1: %2605:v[9] = v_lshrrev_b32 5, %2603:v[9]
	 v1: %2606:v[9] = v_add_u32 %1793:s[20], %2605:v[9]
	 v1: %5692:v[10] = v_lshlrev_b32 1, %2606:v[9]
	 v1: %2607:v[9] = v_lshl_add_u32 %2606:v[9], 5, %5692:v[10]
	 v1: %2608:v[11] = v_add_u32 2, %2607:v[9]
	 v1: %2609:v[20] = v_add_u32 %2608:v[11], %2492:v[8]
	 v1: %2610:v[11] = v_and_b32 -4, %2608:v[11]
	 v1: %2611:v[11] = v_add_u32 %2610:v[11], %2492:v[8]
	 v3: %2612:v[21-23] = buffer_load_dwordx3 %2511:s[24-27], %2611:v[11], 0 offen storage:buffer semantics:private,reorder
	 v2b: %2615:v[24][0:16] = buffer_load_short_d16 %2511:s[24-27], %2607:v[9], 0 offen storage:buffer semantics:private,reorder
	 s1: %2604:s[9],  s1: %5691:scc = s_add_u32 %2554:s[9], %3559:s[3]
	 s1: %5733:scc = s_cmp_lt_u32 3, %1717:s[4]
	 v1: %5694:v[21],  v1: %5695:v[22],  v1: %5696:v[23] = p_split_vector %2612:v[21-23]
	 v1: %2613:v[21] = v_alignbyte_b32 %5695:v[22], %5694:v[21], %2609:v[20]
	 v1: %2614:v[23] = v_alignbyte_b32 %5696:v[23], %5695:v[22], %2609:v[20]
	 v1: %2619:v[25] = v_cvt_f32_i32 %2613:v[21] dst_sel:dword src0_sel:sbyte3
	 v1: %2621:v[26] = v_cvt_f32_i32 %2613:v[21] dst_sel:dword src0_sel:sbyte2
	 v1: %2625:v[27] = v_cvt_f32_i32 %2613:v[21] dst_sel:dword src0_sel:sbyte1
	 v1: %2627:v[21] = v_cvt_f32_i32 %2613:v[21] dst_sel:dword src0_sel:sbyte0
	 v1: %2632:v[28] = v_cvt_f32_i32 %2614:v[23] dst_sel:dword src0_sel:sbyte3
	 v1: %2633:v[28] = v_mul_f32 %5596:v[19], %2632:v[28]
	 v1: %2634:v[29] = v_cvt_f32_i32 %2614:v[23] dst_sel:dword src0_sel:sbyte2
	 v1: %2636:v[28] = v_mac_f32 %5595:v[18], %2634:v[29], %2633:v[28]
	 v1: %2639:v[30] = v_cvt_f32_i32 %2614:v[23] dst_sel:dword src0_sel:sbyte1
	 v1: %2641:v[28] = v_mac_f32 %5594:v[17], %2639:v[30], %2636:v[28]
	 v1: %2642:v[23] = v_cvt_f32_i32 %2614:v[23] dst_sel:dword src0_sel:sbyte0
	 v1: %2644:v[28] = v_mac_f32 %5593:v[16], %2642:v[23], %2641:v[28]
	 v1: %2645:v[28] = v_mac_f32 %5591:v[14], %2621:v[26], %2644:v[28]
	 v1: %2646:v[28] = v_mac_f32 %5592:v[15], %2619:v[25], %2645:v[28]
	 v1: %2647:v[28] = v_mac_f32 %5590:v[13], %2625:v[27], %2646:v[28]
	 v1: %2648:v[28] = v_mac_f32 %5589:v[12], %2627:v[21], %2647:v[28]
	 v1: %2649:v[31] = v_cvt_f32_f16 %2615:v[24][0:16]
	 v1: %2651:v[5] = v_mac_f32 %2648:v[28], %2649:v[31], %2486:v[5]
	p_logical_end
	p_cbranch_z %5733:scc BB106, BB105
BB105
/* logical preds: BB104, / linear preds: BB104, / kind: uniform, */
	p_logical_start
	 v1: %2653:v[7] = v_add_u32 %2604:s[9], %2491:v[7]
	 v1: %2654:v[7] = v_lshrrev_b32 5, %2653:v[7]
	 v1: %2655:v[7] = v_add_u32 %1793:s[20], %2654:v[7]
	 v1: %5736:v[9] = v_lshlrev_b32 1, %2655:v[7]
	 v1: %2656:v[7] = v_lshl_add_u32 %2655:v[7], 5, %5736:v[9]
	 v1: %2657:v[10] = v_add_u32 2, %2656:v[7]
	 v1: %2658:v[11] = v_add_u32 %2657:v[10], %2492:v[8]
	 v1: %2659:v[10] = v_and_b32 -4, %2657:v[10]
	 v1: %2660:v[10] = v_add_u32 %2659:v[10], %2492:v[8]
	 v3: %2661:v[20-22] = buffer_load_dwordx3 %2511:s[24-27], %2660:v[10], 0 offen storage:buffer semantics:private,reorder
	 v2b: %2664:v[23][0:16] = buffer_load_short_d16 %2511:s[24-27], %2656:v[7], 0 offen storage:buffer semantics:private,reorder
	 v1: %5738:v[20],  v1: %5739:v[21],  v1: %5740:v[22] = p_split_vector %2661:v[20-22]
	 v1: %2662:v[20] = v_alignbyte_b32 %5739:v[21], %5738:v[20], %2658:v[11]
	 v1: %2663:v[22] = v_alignbyte_b32 %5740:v[22], %5739:v[21], %2658:v[11]
	 v1: %2668:v[24] = v_cvt_f32_i32 %2662:v[20] dst_sel:dword src0_sel:sbyte3
	 v1: %2670:v[25] = v_cvt_f32_i32 %2662:v[20] dst_sel:dword src0_sel:sbyte2
	 v1: %2674:v[26] = v_cvt_f32_i32 %2662:v[20] dst_sel:dword src0_sel:sbyte1
	 v1: %2676:v[20] = v_cvt_f32_i32 %2662:v[20] dst_sel:dword src0_sel:sbyte0
	 v1: %2681:v[27] = v_cvt_f32_i32 %2663:v[22] dst_sel:dword src0_sel:sbyte3
	 v1: %2682:v[19] = v_mul_f32 %5596:v[19], %2681:v[27]
	 v1: %2683:v[28] = v_cvt_f32_i32 %2663:v[22] dst_sel:dword src0_sel:sbyte2
	 v1: %2685:v[19] = v_mac_f32 %5595:v[18], %2683:v[28], %2682:v[19]
	 v1: %2688:v[29] = v_cvt_f32_i32 %2663:v[22] dst_sel:dword src0_sel:sbyte1
	 v1: %2690:v[19] = v_mac_f32 %5594:v[17], %2688:v[29], %2685:v[19]
	 v1: %2691:v[22] = v_cvt_f32_i32 %2663:v[22] dst_sel:dword src0_sel:sbyte0
	 v1: %2693:v[19] = v_mac_f32 %5593:v[16], %2691:v[22], %2690:v[19]
	 v1: %2694:v[19] = v_mac_f32 %5591:v[14], %2670:v[25], %2693:v[19]
	 v1: %2695:v[19] = v_mac_f32 %5592:v[15], %2668:v[24], %2694:v[19]
	 v1: %2696:v[19] = v_mac_f32 %5590:v[13], %2674:v[26], %2695:v[19]
	 v1: %2697:v[19] = v_mac_f32 %5589:v[12], %2676:v[20], %2696:v[19]
	 v1: %2698:v[30] = v_cvt_f32_f16 %2664:v[23][0:16]
	 v1: %2700:v[6] = v_mac_f32 %2697:v[19], %2698:v[30], %2485:v[6]
	p_logical_end
	p_branch BB107
BB106
/* logical preds: BB104, / linear preds: BB104, / kind: uniform, */
	p_logical_start
	p_logical_end
	p_branch BB107
BB107
/* logical preds: BB105, BB106, / linear preds: BB105, BB106, / kind: uniform, */
	 v1: %2701:v[6] = p_phi %2700:v[6], %2485:v[6]
	p_logical_start
	p_logical_end
	p_branch BB109
BB108
/* logical preds: BB103, / linear preds: BB103, / kind: uniform, */
	p_logical_start
	p_logical_end
	p_branch BB109
BB109
/* logical preds: BB107, BB108, / linear preds: BB107, BB108, / kind: uniform, */
	 v1: %2703:v[5] = p_phi %2651:v[5], %2486:v[5]
	 v1: %2702:v[6] = p_phi %2701:v[6], %2485:v[6]
	p_logical_start
	p_logical_end
	p_branch BB111
BB110
/* logical preds: BB102, / linear preds: BB102, / kind: uniform, */
	p_logical_start
	p_logical_end
	p_branch BB111
BB111
/* logical preds: BB109, BB110, / linear preds: BB109, BB110, / kind: uniform, */
	 v1: %2706:v[4] = p_phi %2601:v[4], %2487:v[4]
	 v1: %2705:v[5] = p_phi %2703:v[5], %2486:v[5]
	 v1: %2704:v[6] = p_phi %2702:v[6], %2485:v[6]
	p_logical_start
	p_logical_end
	p_branch BB113
BB112
/* logical preds: BB101, / linear preds: BB101, / kind: uniform, */
	p_logical_start
	p_logical_end
	p_branch BB113
BB113
/* logical preds: BB111, BB112, / linear preds: BB111, BB112, / kind: uniform, */
	 v1: %2710:v[1] = p_phi %2551:v[1], %2488:v[1]
	 v1: %2709:v[4] = p_phi %2706:v[4], %2487:v[4]
	 v1: %2708:v[5] = p_phi %2705:v[5], %2486:v[5]
	 v1: %2707:v[6] = p_phi %2704:v[6], %2485:v[6]
	p_logical_start
	 s1: %2711:s[0],  s1: %5777:scc = s_add_u32 4, %1814:s[0]
	p_logical_end
	p_branch BB60
BB114
/* logical preds: BB61, / linear preds: BB62, / kind: uniform, loop-preheader, loop-exit, */
	 v1: %2716:v[3] = p_phi %1814:s[0]
	 v1: %2715:v[1] = p_phi %1813:v[1]
	 v1: %2714:v[4] = p_phi %1812:v[4]
	 v1: %2713:v[5] = p_phi %1811:v[5]
	 v1: %2712:v[6] = p_phi %1810:v[6]
	 s2: %0:exec = p_parallelcopy -1
	p_logical_start
	 v1: %2718:v[7] = v_and_b32 -2, %1805:v[2]
	p_logical_end
	p_branch BB115
BB115
/* logical preds: BB114, BB144, / linear preds: BB114, BB144, / kind: loop-header, branch, */
	 v1: %2723:v[3] = p_phi %2716:v[3], %3176:v[3]
	 v1: %2722:v[1] = p_phi %2715:v[1], %3175:v[1]
	 v1: %2721:v[4] = p_phi %2714:v[4], %3174:v[4]
	 v1: %2720:v[5] = p_phi %2713:v[5], %3173:v[5]
	 v1: %2719:v[6] = p_phi %2712:v[6], %3172:v[6]
	p_logical_start
	 s2: %2724:vcc = v_cmp_ge_u32 %2723:v[3], %2718:v[7]
	p_logical_end
	 s2: %6485:s[0-1],  s1: %6484:scc,  s2: %0:exec = s_and_saveexec_b64 %2724:vcc, %0:exec
	p_cbranch_z %0:exec BB119, BB116
BB116
/* logical preds: BB115, / linear preds: BB115, / kind: break, */
	p_logical_start
	p_logical_end
	 s2: %6487:s[0-1],  s1: %6486:scc = s_andn2_b64 %6485:s[0-1], %0:exec
	p_cbranch_nz %6486:scc BB118, BB117
BB117
/* logical preds: / linear preds: BB116, / kind: uniform, */
	p_branch BB145
BB118
/* logical preds: / linear preds: BB116, / kind: uniform, */
	p_branch BB120
BB119
/* logical preds: / linear preds: BB115, / kind: uniform, */
	p_branch BB120
BB120
/* logical preds: BB115, / linear preds: BB118, BB119, / kind: uniform, merge, */
	 s2: %6488:s[0-1] = p_linear_phi %6487:s[0-1], %6485:s[0-1]
	 s2: %0:exec = p_parallelcopy %6488:s[0-1]
	p_logical_start
	 s2: %2735:s[0-1] = p_create_vector %3558:s[2], 0xffff8000
	 s4: %2736:s[12-15] = s_load_dwordx4 %2735:s[0-1], 16 storage:buffer semantics:private,reorder
	 v1: %2726:v[8] = v_lshl_add_u32 %2723:v[3], 9, %1797:v[0]
	 v1: %2728:v[9] = v_and_b32 31, %2726:v[8]
	 v1: %2729:v[10] = v_sub_u32 %2726:v[8], %2728:v[9]
	 s1: %2730:s[5] = s_mul_i32 %3562:s[6], %1723:s[17]
	 v1: %2732:v[10] = v_add3_u32 %2728:v[9], %2730:s[5], %2729:v[10]
	 s1: %2737:s[9] = s_mul_i32 %12:s[16], %3559:s[3]
	 s1: %5782:scc = s_cmp_lg_i32 %1717:s[4], 0
	p_logical_end
	p_cbranch_z %5782:scc BB131, BB121
BB121
/* logical preds: BB120, / linear preds: BB120, / kind: uniform, */
	p_logical_start
	 s4: %2754:s[24-27] = s_load_dwordx4 %2735:s[0-1], 0 storage:buffer semantics:private,reorder
	 v1: %2739:v[10] = v_lshrrev_b32 2, %2732:v[10]
	 v1: %2740:v[10] = v_lshlrev_b32 4, %2739:v[10]
	 v4: %2741:v[12-15] = buffer_load_dwordx4 %2736:s[12-15], %2740:v[10], 0 offen storage:buffer semantics:private,reorder
	 v4: %2743:v[16-19] = buffer_load_dwordx4 %2736:s[12-15], %2740:v[10], 0 offset:16 offen storage:buffer semantics:private,reorder
	 v1: %2744:v[10] = v_add_u32 %2737:s[9], %2726:v[8]
	 v1: %2746:v[10] = v_lshrrev_b32 5, %2744:v[10]
	 v1: %2747:v[10] = v_add_u32 %1793:s[20], %2746:v[10]
	 v1: %5794:v[11] = v_lshlrev_b32 1, %2747:v[10]
	 v1: %2749:v[10] = v_lshl_add_u32 %2747:v[10], 5, %5794:v[11]
	 v1: %2750:v[20] = v_add_u32 2, %2749:v[10]
	 v1: %2751:v[21] = v_add_u32 %2750:v[20], %2728:v[9]
	 v1: %2752:v[20] = v_and_b32 -4, %2750:v[20]
	 v1: %2753:v[20] = v_add_u32 %2752:v[20], %2728:v[9]
	 v3: %2755:v[22-24] = buffer_load_dwordx3 %2754:s[24-27], %2753:v[20], 0 offen storage:buffer semantics:private,reorder
	 v2b: %2758:v[25][0:16] = buffer_load_short_d16 %2754:s[24-27], %2749:v[10], 0 offen storage:buffer semantics:private,reorder
	 s1: %6562:s[10] = p_parallelcopy %5782:scc
	 s1: %2745:s[11],  s1: %5793:scc = s_add_u32 %2737:s[9], %3559:s[3]
	 s1: %5839:scc = s_cmp_lt_u32 1, %1717:s[4]
	 v1: %5785:v[12],  v1: %5786:v[13],  v1: %5787:v[14],  v1: %5788:v[15] = p_split_vector %2741:v[12-15]
	 v1: %5789:v[16],  v1: %5790:v[17],  v1: %5791:v[18],  v1: %5792:v[19] = p_split_vector %2743:v[16-19]
	 v1: %5800:v[22],  v1: %5801:v[23],  v1: %5802:v[24] = p_split_vector %2755:v[22-24]
	 v1: %2756:v[22] = v_alignbyte_b32 %5801:v[23], %5800:v[22], %2751:v[21]
	 v1: %2757:v[24] = v_alignbyte_b32 %5802:v[24], %5801:v[23], %2751:v[21]
	 v1: %2762:v[26] = v_cvt_f32_i32 %2756:v[22] dst_sel:dword src0_sel:sbyte3
	 v1: %2764:v[27] = v_cvt_f32_i32 %2756:v[22] dst_sel:dword src0_sel:sbyte2
	 v1: %2768:v[28] = v_cvt_f32_i32 %2756:v[22] dst_sel:dword src0_sel:sbyte1
	 v1: %2770:v[22] = v_cvt_f32_i32 %2756:v[22] dst_sel:dword src0_sel:sbyte0
	 v1: %2775:v[29] = v_cvt_f32_i32 %2757:v[24] dst_sel:dword src0_sel:sbyte3
	 v1: %2776:v[29] = v_mul_f32 %5792:v[19], %2775:v[29]
	 v1: %2777:v[30] = v_cvt_f32_i32 %2757:v[24] dst_sel:dword src0_sel:sbyte2
	 v1: %2779:v[29] = v_mac_f32 %5791:v[18], %2777:v[30], %2776:v[29]
	 v1: %2782:v[31] = v_cvt_f32_i32 %2757:v[24] dst_sel:dword src0_sel:sbyte1
	 v1: %2784:v[29] = v_mac_f32 %5790:v[17], %2782:v[31], %2779:v[29]
	 v1: %2785:v[24] = v_cvt_f32_i32 %2757:v[24] dst_sel:dword src0_sel:sbyte0
	 v1: %2787:v[29] = v_mac_f32 %5789:v[16], %2785:v[24], %2784:v[29]
	 v1: %2788:v[29] = v_mac_f32 %5787:v[14], %2764:v[27], %2787:v[29]
	 v1: %2789:v[29] = v_mac_f32 %5788:v[15], %2762:v[26], %2788:v[29]
	 v1: %2790:v[29] = v_mac_f32 %5786:v[13], %2768:v[28], %2789:v[29]
	 v1: %2791:v[29] = v_mac_f32 %5785:v[12], %2770:v[22], %2790:v[29]
	 v1: %2792:v[32] = v_cvt_f32_f16 %2758:v[25][0:16]
	 v1: %2794:v[1] = v_mac_f32 %2791:v[29], %2792:v[32], %2722:v[1]
	p_logical_end
	p_cbranch_z %5839:scc BB129, BB122
BB122
/* logical preds: BB121, / linear preds: BB121, / kind: uniform, */
	p_logical_start
	 v1: %2796:v[10] = v_add_u32 %2745:s[11], %2726:v[8]
	 v1: %2798:v[10] = v_lshrrev_b32 5, %2796:v[10]
	 v1: %2799:v[10] = v_add_u32 %1793:s[20], %2798:v[10]
	 v1: %5843:v[11] = v_lshlrev_b32 1, %2799:v[10]
	 v1: %2800:v[10] = v_lshl_add_u32 %2799:v[10], 5, %5843:v[11]
	 v1: %2801:v[20] = v_add_u32 2, %2800:v[10]
	 v1: %2802:v[21] = v_add_u32 %2801:v[20], %2728:v[9]
	 v1: %2803:v[20] = v_and_b32 -4, %2801:v[20]
	 v1: %2804:v[20] = v_add_u32 %2803:v[20], %2728:v[9]
	 v3: %2805:v[22-24] = buffer_load_dwordx3 %2754:s[24-27], %2804:v[20], 0 offen storage:buffer semantics:private,reorder
	 v2b: %2808:v[25][0:16] = buffer_load_short_d16 %2754:s[24-27], %2800:v[10], 0 offen storage:buffer semantics:private,reorder
	 s1: %2797:s[11],  s1: %5842:scc = s_add_u32 %2745:s[11], %3559:s[3]
	 s1: %5884:scc = s_cmp_lt_u32 2, %1717:s[4]
	 v1: %5845:v[22],  v1: %5846:v[23],  v1: %5847:v[24] = p_split_vector %2805:v[22-24]
	 v1: %2806:v[22] = v_alignbyte_b32 %5846:v[23], %5845:v[22], %2802:v[21]
	 v1: %2807:v[24] = v_alignbyte_b32 %5847:v[24], %5846:v[23], %2802:v[21]
	 v1: %2812:v[26] = v_cvt_f32_i32 %2806:v[22] dst_sel:dword src0_sel:sbyte3
	 v1: %2814:v[27] = v_cvt_f32_i32 %2806:v[22] dst_sel:dword src0_sel:sbyte2
	 v1: %2818:v[28] = v_cvt_f32_i32 %2806:v[22] dst_sel:dword src0_sel:sbyte1
	 v1: %2820:v[22] = v_cvt_f32_i32 %2806:v[22] dst_sel:dword src0_sel:sbyte0
	 v1: %2825:v[29] = v_cvt_f32_i32 %2807:v[24] dst_sel:dword src0_sel:sbyte3
	 v1: %2826:v[29] = v_mul_f32 %5792:v[19], %2825:v[29]
	 v1: %2827:v[30] = v_cvt_f32_i32 %2807:v[24] dst_sel:dword src0_sel:sbyte2
	 v1: %2829:v[29] = v_mac_f32 %5791:v[18], %2827:v[30], %2826:v[29]
	 v1: %2832:v[31] = v_cvt_f32_i32 %2807:v[24] dst_sel:dword src0_sel:sbyte1
	 v1: %2834:v[29] = v_mac_f32 %5790:v[17], %2832:v[31], %2829:v[29]
	 v1: %2835:v[24] = v_cvt_f32_i32 %2807:v[24] dst_sel:dword src0_sel:sbyte0
	 v1: %2837:v[29] = v_mac_f32 %5789:v[16], %2835:v[24], %2834:v[29]
	 v1: %2838:v[29] = v_mac_f32 %5787:v[14], %2814:v[27], %2837:v[29]
	 v1: %2839:v[29] = v_mac_f32 %5788:v[15], %2812:v[26], %2838:v[29]
	 v1: %2840:v[29] = v_mac_f32 %5786:v[13], %2818:v[28], %2839:v[29]
	 v1: %2841:v[29] = v_mac_f32 %5785:v[12], %2820:v[22], %2840:v[29]
	 v1: %2842:v[32] = v_cvt_f32_f16 %2808:v[25][0:16]
	 v1: %2844:v[4] = v_mac_f32 %2841:v[29], %2842:v[32], %2721:v[4]
	p_logical_end
	p_cbranch_z %5884:scc BB127, BB123
BB123
/* logical preds: BB122, / linear preds: BB122, / kind: uniform, */
	p_logical_start
	 v1: %2846:v[10] = v_add_u32 %2797:s[11], %2726:v[8]
	 v1: %2848:v[10] = v_lshrrev_b32 5, %2846:v[10]
	 v1: %2849:v[10] = v_add_u32 %1793:s[20], %2848:v[10]
	 v1: %5888:v[11] = v_lshlrev_b32 1, %2849:v[10]
	 v1: %2850:v[10] = v_lshl_add_u32 %2849:v[10], 5, %5888:v[11]
	 v1: %2851:v[20] = v_add_u32 2, %2850:v[10]
	 v1: %2852:v[21] = v_add_u32 %2851:v[20], %2728:v[9]
	 v1: %2853:v[20] = v_and_b32 -4, %2851:v[20]
	 v1: %2854:v[20] = v_add_u32 %2853:v[20], %2728:v[9]
	 v3: %2855:v[22-24] = buffer_load_dwordx3 %2754:s[24-27], %2854:v[20], 0 offen storage:buffer semantics:private,reorder
	 v2b: %2858:v[25][0:16] = buffer_load_short_d16 %2754:s[24-27], %2850:v[10], 0 offen storage:buffer semantics:private,reorder
	 s1: %2847:s[11],  s1: %5887:scc = s_add_u32 %2797:s[11], %3559:s[3]
	 s1: %5929:scc = s_cmp_lt_u32 3, %1717:s[4]
	 v1: %5890:v[22],  v1: %5891:v[23],  v1: %5892:v[24] = p_split_vector %2855:v[22-24]
	 v1: %2856:v[22] = v_alignbyte_b32 %5891:v[23], %5890:v[22], %2852:v[21]
	 v1: %2857:v[24] = v_alignbyte_b32 %5892:v[24], %5891:v[23], %2852:v[21]
	 v1: %2862:v[26] = v_cvt_f32_i32 %2856:v[22] dst_sel:dword src0_sel:sbyte3
	 v1: %2864:v[27] = v_cvt_f32_i32 %2856:v[22] dst_sel:dword src0_sel:sbyte2
	 v1: %2868:v[28] = v_cvt_f32_i32 %2856:v[22] dst_sel:dword src0_sel:sbyte1
	 v1: %2870:v[22] = v_cvt_f32_i32 %2856:v[22] dst_sel:dword src0_sel:sbyte0
	 v1: %2875:v[29] = v_cvt_f32_i32 %2857:v[24] dst_sel:dword src0_sel:sbyte3
	 v1: %2876:v[29] = v_mul_f32 %5792:v[19], %2875:v[29]
	 v1: %2877:v[30] = v_cvt_f32_i32 %2857:v[24] dst_sel:dword src0_sel:sbyte2
	 v1: %2879:v[29] = v_mac_f32 %5791:v[18], %2877:v[30], %2876:v[29]
	 v1: %2882:v[31] = v_cvt_f32_i32 %2857:v[24] dst_sel:dword src0_sel:sbyte1
	 v1: %2884:v[29] = v_mac_f32 %5790:v[17], %2882:v[31], %2879:v[29]
	 v1: %2885:v[24] = v_cvt_f32_i32 %2857:v[24] dst_sel:dword src0_sel:sbyte0
	 v1: %2887:v[29] = v_mac_f32 %5789:v[16], %2885:v[24], %2884:v[29]
	 v1: %2888:v[29] = v_mac_f32 %5787:v[14], %2864:v[27], %2887:v[29]
	 v1: %2889:v[29] = v_mac_f32 %5788:v[15], %2862:v[26], %2888:v[29]
	 v1: %2890:v[29] = v_mac_f32 %5786:v[13], %2868:v[28], %2889:v[29]
	 v1: %2891:v[29] = v_mac_f32 %5785:v[12], %2870:v[22], %2890:v[29]
	 v1: %2892:v[32] = v_cvt_f32_f16 %2858:v[25][0:16]
	 v1: %2894:v[5] = v_mac_f32 %2891:v[29], %2892:v[32], %2720:v[5]
	p_logical_end
	p_cbranch_z %5929:scc BB125, BB124
BB124
/* logical preds: BB123, / linear preds: BB123, / kind: uniform, */
	p_logical_start
	 v1: %2896:v[8] = v_add_u32 %2847:s[11], %2726:v[8]
	 v1: %2897:v[8] = v_lshrrev_b32 5, %2896:v[8]
	 v1: %2898:v[8] = v_add_u32 %1793:s[20], %2897:v[8]
	 v1: %5932:v[10] = v_lshlrev_b32 1, %2898:v[8]
	 v1: %2899:v[8] = v_lshl_add_u32 %2898:v[8], 5, %5932:v[10]
	 v1: %2900:v[11] = v_add_u32 2, %2899:v[8]
	 v1: %2901:v[20] = v_add_u32 %2900:v[11], %2728:v[9]
	 v1: %2902:v[11] = v_and_b32 -4, %2900:v[11]
	 v1: %2903:v[11] = v_add_u32 %2902:v[11], %2728:v[9]
	 v3: %2904:v[21-23] = buffer_load_dwordx3 %2754:s[24-27], %2903:v[11], 0 offen storage:buffer semantics:private,reorder
	 v2b: %2907:v[24][0:16] = buffer_load_short_d16 %2754:s[24-27], %2899:v[8], 0 offen storage:buffer semantics:private,reorder
	 v1: %5934:v[21],  v1: %5935:v[22],  v1: %5936:v[23] = p_split_vector %2904:v[21-23]
	 v1: %2905:v[21] = v_alignbyte_b32 %5935:v[22], %5934:v[21], %2901:v[20]
	 v1: %2906:v[23] = v_alignbyte_b32 %5936:v[23], %5935:v[22], %2901:v[20]
	 v1: %2911:v[25] = v_cvt_f32_i32 %2905:v[21] dst_sel:dword src0_sel:sbyte3
	 v1: %2913:v[26] = v_cvt_f32_i32 %2905:v[21] dst_sel:dword src0_sel:sbyte2
	 v1: %2917:v[27] = v_cvt_f32_i32 %2905:v[21] dst_sel:dword src0_sel:sbyte1
	 v1: %2919:v[21] = v_cvt_f32_i32 %2905:v[21] dst_sel:dword src0_sel:sbyte0
	 v1: %2924:v[28] = v_cvt_f32_i32 %2906:v[23] dst_sel:dword src0_sel:sbyte3
	 v1: %2925:v[19] = v_mul_f32 %5792:v[19], %2924:v[28]
	 v1: %2926:v[29] = v_cvt_f32_i32 %2906:v[23] dst_sel:dword src0_sel:sbyte2
	 v1: %2928:v[19] = v_mac_f32 %5791:v[18], %2926:v[29], %2925:v[19]
	 v1: %2931:v[30] = v_cvt_f32_i32 %2906:v[23] dst_sel:dword src0_sel:sbyte1
	 v1: %2933:v[19] = v_mac_f32 %5790:v[17], %2931:v[30], %2928:v[19]
	 v1: %2934:v[23] = v_cvt_f32_i32 %2906:v[23] dst_sel:dword src0_sel:sbyte0
	 v1: %2936:v[19] = v_mac_f32 %5789:v[16], %2934:v[23], %2933:v[19]
	 v1: %2937:v[19] = v_mac_f32 %5787:v[14], %2913:v[26], %2936:v[19]
	 v1: %2938:v[19] = v_mac_f32 %5788:v[15], %2911:v[25], %2937:v[19]
	 v1: %2939:v[19] = v_mac_f32 %5786:v[13], %2917:v[27], %2938:v[19]
	 v1: %2940:v[19] = v_mac_f32 %5785:v[12], %2919:v[21], %2939:v[19]
	 v1: %2941:v[31] = v_cvt_f32_f16 %2907:v[24][0:16]
	 v1: %2943:v[6] = v_mac_f32 %2940:v[19], %2941:v[31], %2719:v[6]
	p_logical_end
	p_branch BB126
BB125
/* logical preds: BB123, / linear preds: BB123, / kind: uniform, */
	p_logical_start
	p_logical_end
	p_branch BB126
BB126
/* logical preds: BB124, BB125, / linear preds: BB124, BB125, / kind: uniform, */
	 v1: %2944:v[6] = p_phi %2943:v[6], %2719:v[6]
	p_logical_start
	p_logical_end
	p_branch BB128
BB127
/* logical preds: BB122, / linear preds: BB122, / kind: uniform, */
	p_logical_start
	p_logical_end
	p_branch BB128
BB128
/* logical preds: BB126, BB127, / linear preds: BB126, BB127, / kind: uniform, */
	 v1: %2946:v[5] = p_phi %2894:v[5], %2720:v[5]
	 v1: %2945:v[6] = p_phi %2944:v[6], %2719:v[6]
	p_logical_start
	p_logical_end
	p_branch BB130
BB129
/* logical preds: BB121, / linear preds: BB121, / kind: uniform, */
	p_logical_start
	p_logical_end
	p_branch BB130
BB130
/* logical preds: BB128, BB129, / linear preds: BB128, BB129, / kind: uniform, */
	 v1: %2949:v[4] = p_phi %2844:v[4], %2721:v[4]
	 v1: %2948:v[5] = p_phi %2946:v[5], %2720:v[5]
	 v1: %2947:v[6] = p_phi %2945:v[6], %2719:v[6]
	p_logical_start
	p_logical_end
	p_branch BB132
BB131
/* logical preds: BB120, / linear preds: BB120, / kind: uniform, */
	p_logical_start
	p_logical_end
	p_branch BB132
BB132
/* logical preds: BB130, BB131, / linear preds: BB130, BB131, / kind: uniform, */
	 s1: %6563:s[10] = p_linear_phi %6562:s[10], %5782:scc
	 v1: %2953:v[1] = p_phi %2794:v[1], %2722:v[1]
	 v1: %2952:v[4] = p_phi %2949:v[4], %2721:v[4]
	 v1: %2951:v[5] = p_phi %2948:v[5], %2720:v[5]
	 v1: %2950:v[6] = p_phi %2947:v[6], %2719:v[6]
	p_logical_start
	 s1: %2954:s[11] = p_parallelcopy 0x200
	 v1: %2955:v[8] = v_lshl_add_u32 %2723:v[3], 9, %2954:s[11]
	 v1: %2956:v[8] = v_add_u32 %2955:v[8], %1797:v[0]
	 v1: %2957:v[9] = v_and_b32 31, %2956:v[8]
	 v1: %2958:v[10] = v_sub_u32 %2956:v[8], %2957:v[9]
	 v1: %2960:v[10] = v_add3_u32 %2957:v[9], %2730:s[5], %2958:v[10]
	p_logical_end
	 s1: %6564:scc = p_parallelcopy %6563:s[10]
	p_cbranch_z %6564:scc BB143, BB133
BB133
/* logical preds: BB132, / linear preds: BB132, / kind: uniform, */
	p_logical_start
	 s4: %2976:s[24-27] = s_load_dwordx4 %2735:s[0-1], 0 storage:buffer semantics:private,reorder
	 v1: %2961:v[10] = v_lshrrev_b32 2, %2960:v[10]
	 v1: %2962:v[10] = v_lshlrev_b32 4, %2961:v[10]
	 v4: %2963:v[12-15] = buffer_load_dwordx4 %2736:s[12-15], %2962:v[10], 0 offen storage:buffer semantics:private,reorder
	 v4: %2965:v[16-19] = buffer_load_dwordx4 %2736:s[12-15], %2962:v[10], 0 offset:16 offen storage:buffer semantics:private,reorder
	 v1: %2966:v[10] = v_add_u32 %2737:s[9], %2956:v[8]
	 v1: %2968:v[10] = v_lshrrev_b32 5, %2966:v[10]
	 v1: %2969:v[10] = v_add_u32 %1793:s[20], %2968:v[10]
	 v1: %5984:v[11] = v_lshlrev_b32 1, %2969:v[10]
	 v1: %2971:v[10] = v_lshl_add_u32 %2969:v[10], 5, %5984:v[11]
	 v1: %2972:v[20] = v_add_u32 2, %2971:v[10]
	 v1: %2973:v[21] = v_add_u32 %2972:v[20], %2957:v[9]
	 v1: %2974:v[20] = v_and_b32 -4, %2972:v[20]
	 v1: %2975:v[20] = v_add_u32 %2974:v[20], %2957:v[9]
	 v3: %2977:v[22-24] = buffer_load_dwordx3 %2976:s[24-27], %2975:v[20], 0 offen storage:buffer semantics:private,reorder
	 v2b: %2980:v[25][0:16] = buffer_load_short_d16 %2976:s[24-27], %2971:v[10], 0 offen storage:buffer semantics:private,reorder
	 s1: %2967:s[9],  s1: %5983:scc = s_add_u32 %2737:s[9], %3559:s[3]
	 s1: %6029:scc = s_cmp_lt_u32 1, %1717:s[4]
	 v1: %5975:v[12],  v1: %5976:v[13],  v1: %5977:v[14],  v1: %5978:v[15] = p_split_vector %2963:v[12-15]
	 v1: %5979:v[16],  v1: %5980:v[17],  v1: %5981:v[18],  v1: %5982:v[19] = p_split_vector %2965:v[16-19]
	 v1: %5990:v[22],  v1: %5991:v[23],  v1: %5992:v[24] = p_split_vector %2977:v[22-24]
	 v1: %2978:v[22] = v_alignbyte_b32 %5991:v[23], %5990:v[22], %2973:v[21]
	 v1: %2979:v[24] = v_alignbyte_b32 %5992:v[24], %5991:v[23], %2973:v[21]
	 v1: %2984:v[26] = v_cvt_f32_i32 %2978:v[22] dst_sel:dword src0_sel:sbyte3
	 v1: %2986:v[27] = v_cvt_f32_i32 %2978:v[22] dst_sel:dword src0_sel:sbyte2
	 v1: %2990:v[28] = v_cvt_f32_i32 %2978:v[22] dst_sel:dword src0_sel:sbyte1
	 v1: %2992:v[22] = v_cvt_f32_i32 %2978:v[22] dst_sel:dword src0_sel:sbyte0
	 v1: %2997:v[29] = v_cvt_f32_i32 %2979:v[24] dst_sel:dword src0_sel:sbyte3
	 v1: %2998:v[29] = v_mul_f32 %5982:v[19], %2997:v[29]
	 v1: %2999:v[30] = v_cvt_f32_i32 %2979:v[24] dst_sel:dword src0_sel:sbyte2
	 v1: %3001:v[29] = v_mac_f32 %5981:v[18], %2999:v[30], %2998:v[29]
	 v1: %3004:v[31] = v_cvt_f32_i32 %2979:v[24] dst_sel:dword src0_sel:sbyte1
	 v1: %3006:v[29] = v_mac_f32 %5980:v[17], %3004:v[31], %3001:v[29]
	 v1: %3007:v[24] = v_cvt_f32_i32 %2979:v[24] dst_sel:dword src0_sel:sbyte0
	 v1: %3009:v[29] = v_mac_f32 %5979:v[16], %3007:v[24], %3006:v[29]
	 v1: %3010:v[29] = v_mac_f32 %5977:v[14], %2986:v[27], %3009:v[29]
	 v1: %3011:v[29] = v_mac_f32 %5978:v[15], %2984:v[26], %3010:v[29]
	 v1: %3012:v[29] = v_mac_f32 %5976:v[13], %2990:v[28], %3011:v[29]
	 v1: %3013:v[29] = v_mac_f32 %5975:v[12], %2992:v[22], %3012:v[29]
	 v1: %3014:v[32] = v_cvt_f32_f16 %2980:v[25][0:16]
	 v1: %3016:v[1] = v_mac_f32 %3013:v[29], %3014:v[32], %2953:v[1]
	p_logical_end
	p_cbranch_z %6029:scc BB141, BB134
BB134
/* logical preds: BB133, / linear preds: BB133, / kind: uniform, */
	p_logical_start
	 v1: %3018:v[10] = v_add_u32 %2967:s[9], %2956:v[8]
	 v1: %3020:v[10] = v_lshrrev_b32 5, %3018:v[10]
	 v1: %3021:v[10] = v_add_u32 %1793:s[20], %3020:v[10]
	 v1: %6033:v[11] = v_lshlrev_b32 1, %3021:v[10]
	 v1: %3022:v[10] = v_lshl_add_u32 %3021:v[10], 5, %6033:v[11]
	 v1: %3023:v[20] = v_add_u32 2, %3022:v[10]
	 v1: %3024:v[21] = v_add_u32 %3023:v[20], %2957:v[9]
	 v1: %3025:v[20] = v_and_b32 -4, %3023:v[20]
	 v1: %3026:v[20] = v_add_u32 %3025:v[20], %2957:v[9]
	 v3: %3027:v[22-24] = buffer_load_dwordx3 %2976:s[24-27], %3026:v[20], 0 offen storage:buffer semantics:private,reorder
	 v2b: %3030:v[25][0:16] = buffer_load_short_d16 %2976:s[24-27], %3022:v[10], 0 offen storage:buffer semantics:private,reorder
	 s1: %3019:s[9],  s1: %6032:scc = s_add_u32 %2967:s[9], %3559:s[3]
	 s1: %6074:scc = s_cmp_lt_u32 2, %1717:s[4]
	 v1: %6035:v[22],  v1: %6036:v[23],  v1: %6037:v[24] = p_split_vector %3027:v[22-24]
	 v1: %3028:v[22] = v_alignbyte_b32 %6036:v[23], %6035:v[22], %3024:v[21]
	 v1: %3029:v[24] = v_alignbyte_b32 %6037:v[24], %6036:v[23], %3024:v[21]
	 v1: %3034:v[26] = v_cvt_f32_i32 %3028:v[22] dst_sel:dword src0_sel:sbyte3
	 v1: %3036:v[27] = v_cvt_f32_i32 %3028:v[22] dst_sel:dword src0_sel:sbyte2
	 v1: %3040:v[28] = v_cvt_f32_i32 %3028:v[22] dst_sel:dword src0_sel:sbyte1
	 v1: %3042:v[22] = v_cvt_f32_i32 %3028:v[22] dst_sel:dword src0_sel:sbyte0
	 v1: %3047:v[29] = v_cvt_f32_i32 %3029:v[24] dst_sel:dword src0_sel:sbyte3
	 v1: %3048:v[29] = v_mul_f32 %5982:v[19], %3047:v[29]
	 v1: %3049:v[30] = v_cvt_f32_i32 %3029:v[24] dst_sel:dword src0_sel:sbyte2
	 v1: %3051:v[29] = v_mac_f32 %5981:v[18], %3049:v[30], %3048:v[29]
	 v1: %3054:v[31] = v_cvt_f32_i32 %3029:v[24] dst_sel:dword src0_sel:sbyte1
	 v1: %3056:v[29] = v_mac_f32 %5980:v[17], %3054:v[31], %3051:v[29]
	 v1: %3057:v[24] = v_cvt_f32_i32 %3029:v[24] dst_sel:dword src0_sel:sbyte0
	 v1: %3059:v[29] = v_mac_f32 %5979:v[16], %3057:v[24], %3056:v[29]
	 v1: %3060:v[29] = v_mac_f32 %5977:v[14], %3036:v[27], %3059:v[29]
	 v1: %3061:v[29] = v_mac_f32 %5978:v[15], %3034:v[26], %3060:v[29]
	 v1: %3062:v[29] = v_mac_f32 %5976:v[13], %3040:v[28], %3061:v[29]
	 v1: %3063:v[29] = v_mac_f32 %5975:v[12], %3042:v[22], %3062:v[29]
	 v1: %3064:v[32] = v_cvt_f32_f16 %3030:v[25][0:16]
	 v1: %3066:v[4] = v_mac_f32 %3063:v[29], %3064:v[32], %2952:v[4]
	p_logical_end
	p_cbranch_z %6074:scc BB139, BB135
BB135
/* logical preds: BB134, / linear preds: BB134, / kind: uniform, */
	p_logical_start
	 v1: %3068:v[10] = v_add_u32 %3019:s[9], %2956:v[8]
	 v1: %3070:v[10] = v_lshrrev_b32 5, %3068:v[10]
	 v1: %3071:v[10] = v_add_u32 %1793:s[20], %3070:v[10]
	 v1: %6078:v[11] = v_lshlrev_b32 1, %3071:v[10]
	 v1: %3072:v[10] = v_lshl_add_u32 %3071:v[10], 5, %6078:v[11]
	 v1: %3073:v[20] = v_add_u32 2, %3072:v[10]
	 v1: %3074:v[21] = v_add_u32 %3073:v[20], %2957:v[9]
	 v1: %3075:v[20] = v_and_b32 -4, %3073:v[20]
	 v1: %3076:v[20] = v_add_u32 %3075:v[20], %2957:v[9]
	 v3: %3077:v[22-24] = buffer_load_dwordx3 %2976:s[24-27], %3076:v[20], 0 offen storage:buffer semantics:private,reorder
	 v2b: %3080:v[25][0:16] = buffer_load_short_d16 %2976:s[24-27], %3072:v[10], 0 offen storage:buffer semantics:private,reorder
	 s1: %3069:s[9],  s1: %6077:scc = s_add_u32 %3019:s[9], %3559:s[3]
	 s1: %6119:scc = s_cmp_lt_u32 3, %1717:s[4]
	 v1: %6080:v[22],  v1: %6081:v[23],  v1: %6082:v[24] = p_split_vector %3077:v[22-24]
	 v1: %3078:v[22] = v_alignbyte_b32 %6081:v[23], %6080:v[22], %3074:v[21]
	 v1: %3079:v[24] = v_alignbyte_b32 %6082:v[24], %6081:v[23], %3074:v[21]
	 v1: %3084:v[26] = v_cvt_f32_i32 %3078:v[22] dst_sel:dword src0_sel:sbyte3
	 v1: %3086:v[27] = v_cvt_f32_i32 %3078:v[22] dst_sel:dword src0_sel:sbyte2
	 v1: %3090:v[28] = v_cvt_f32_i32 %3078:v[22] dst_sel:dword src0_sel:sbyte1
	 v1: %3092:v[22] = v_cvt_f32_i32 %3078:v[22] dst_sel:dword src0_sel:sbyte0
	 v1: %3097:v[29] = v_cvt_f32_i32 %3079:v[24] dst_sel:dword src0_sel:sbyte3
	 v1: %3098:v[29] = v_mul_f32 %5982:v[19], %3097:v[29]
	 v1: %3099:v[30] = v_cvt_f32_i32 %3079:v[24] dst_sel:dword src0_sel:sbyte2
	 v1: %3101:v[29] = v_mac_f32 %5981:v[18], %3099:v[30], %3098:v[29]
	 v1: %3104:v[31] = v_cvt_f32_i32 %3079:v[24] dst_sel:dword src0_sel:sbyte1
	 v1: %3106:v[29] = v_mac_f32 %5980:v[17], %3104:v[31], %3101:v[29]
	 v1: %3107:v[24] = v_cvt_f32_i32 %3079:v[24] dst_sel:dword src0_sel:sbyte0
	 v1: %3109:v[29] = v_mac_f32 %5979:v[16], %3107:v[24], %3106:v[29]
	 v1: %3110:v[29] = v_mac_f32 %5977:v[14], %3086:v[27], %3109:v[29]
	 v1: %3111:v[29] = v_mac_f32 %5978:v[15], %3084:v[26], %3110:v[29]
	 v1: %3112:v[29] = v_mac_f32 %5976:v[13], %3090:v[28], %3111:v[29]
	 v1: %3113:v[29] = v_mac_f32 %5975:v[12], %3092:v[22], %3112:v[29]
	 v1: %3114:v[32] = v_cvt_f32_f16 %3080:v[25][0:16]
	 v1: %3116:v[5] = v_mac_f32 %3113:v[29], %3114:v[32], %2951:v[5]
	p_logical_end
	p_cbranch_z %6119:scc BB137, BB136
BB136
/* logical preds: BB135, / linear preds: BB135, / kind: uniform, */
	p_logical_start
	 v1: %3118:v[8] = v_add_u32 %3069:s[9], %2956:v[8]
	 v1: %3119:v[8] = v_lshrrev_b32 5, %3118:v[8]
	 v1: %3120:v[8] = v_add_u32 %1793:s[20], %3119:v[8]
	 v1: %6122:v[10] = v_lshlrev_b32 1, %3120:v[8]
	 v1: %3121:v[8] = v_lshl_add_u32 %3120:v[8], 5, %6122:v[10]
	 v1: %3122:v[11] = v_add_u32 2, %3121:v[8]
	 v1: %3123:v[20] = v_add_u32 %3122:v[11], %2957:v[9]
	 v1: %3124:v[11] = v_and_b32 -4, %3122:v[11]
	 v1: %3125:v[11] = v_add_u32 %3124:v[11], %2957:v[9]
	 v3: %3126:v[21-23] = buffer_load_dwordx3 %2976:s[24-27], %3125:v[11], 0 offen storage:buffer semantics:private,reorder
	 v2b: %3129:v[24][0:16] = buffer_load_short_d16 %2976:s[24-27], %3121:v[8], 0 offen storage:buffer semantics:private,reorder
	 v1: %6124:v[21],  v1: %6125:v[22],  v1: %6126:v[23] = p_split_vector %3126:v[21-23]
	 v1: %3127:v[21] = v_alignbyte_b32 %6125:v[22], %6124:v[21], %3123:v[20]
	 v1: %3128:v[23] = v_alignbyte_b32 %6126:v[23], %6125:v[22], %3123:v[20]
	 v1: %3133:v[25] = v_cvt_f32_i32 %3127:v[21] dst_sel:dword src0_sel:sbyte3
	 v1: %3135:v[26] = v_cvt_f32_i32 %3127:v[21] dst_sel:dword src0_sel:sbyte2
	 v1: %3139:v[27] = v_cvt_f32_i32 %3127:v[21] dst_sel:dword src0_sel:sbyte1
	 v1: %3141:v[21] = v_cvt_f32_i32 %3127:v[21] dst_sel:dword src0_sel:sbyte0
	 v1: %3146:v[28] = v_cvt_f32_i32 %3128:v[23] dst_sel:dword src0_sel:sbyte3
	 v1: %3147:v[19] = v_mul_f32 %5982:v[19], %3146:v[28]
	 v1: %3148:v[29] = v_cvt_f32_i32 %3128:v[23] dst_sel:dword src0_sel:sbyte2
	 v1: %3150:v[19] = v_mac_f32 %5981:v[18], %3148:v[29], %3147:v[19]
	 v1: %3153:v[30] = v_cvt_f32_i32 %3128:v[23] dst_sel:dword src0_sel:sbyte1
	 v1: %3155:v[19] = v_mac_f32 %5980:v[17], %3153:v[30], %3150:v[19]
	 v1: %3156:v[23] = v_cvt_f32_i32 %3128:v[23] dst_sel:dword src0_sel:sbyte0
	 v1: %3158:v[19] = v_mac_f32 %5979:v[16], %3156:v[23], %3155:v[19]
	 v1: %3159:v[19] = v_mac_f32 %5977:v[14], %3135:v[26], %3158:v[19]
	 v1: %3160:v[19] = v_mac_f32 %5978:v[15], %3133:v[25], %3159:v[19]
	 v1: %3161:v[19] = v_mac_f32 %5976:v[13], %3139:v[27], %3160:v[19]
	 v1: %3162:v[19] = v_mac_f32 %5975:v[12], %3141:v[21], %3161:v[19]
	 v1: %3163:v[31] = v_cvt_f32_f16 %3129:v[24][0:16]
	 v1: %3165:v[6] = v_mac_f32 %3162:v[19], %3163:v[31], %2950:v[6]
	p_logical_end
	p_branch BB138
BB137
/* logical preds: BB135, / linear preds: BB135, / kind: uniform, */
	p_logical_start
	p_logical_end
	p_branch BB138
BB138
/* logical preds: BB136, BB137, / linear preds: BB136, BB137, / kind: uniform, */
	 v1: %3166:v[6] = p_phi %3165:v[6], %2950:v[6]
	p_logical_start
	p_logical_end
	p_branch BB140
BB139
/* logical preds: BB134, / linear preds: BB134, / kind: uniform, */
	p_logical_start
	p_logical_end
	p_branch BB140
BB140
/* logical preds: BB138, BB139, / linear preds: BB138, BB139, / kind: uniform, */
	 v1: %3168:v[5] = p_phi %3116:v[5], %2951:v[5]
	 v1: %3167:v[6] = p_phi %3166:v[6], %2950:v[6]
	p_logical_start
	p_logical_end
	p_branch BB142
BB141
/* logical preds: BB133, / linear preds: BB133, / kind: uniform, */
	p_logical_start
	p_logical_end
	p_branch BB142
BB142
/* logical preds: BB140, BB141, / linear preds: BB140, BB141, / kind: uniform, */
	 v1: %3171:v[4] = p_phi %3066:v[4], %2952:v[4]
	 v1: %3170:v[5] = p_phi %3168:v[5], %2951:v[5]
	 v1: %3169:v[6] = p_phi %3167:v[6], %2950:v[6]
	p_logical_start
	p_logical_end
	p_branch BB144
BB143
/* logical preds: BB132, / linear preds: BB132, / kind: uniform, */
	p_logical_start
	p_logical_end
	p_branch BB144
BB144
/* logical preds: BB142, BB143, / linear preds: BB142, BB143, / kind: uniform, */
	 v1: %3175:v[1] = p_phi %3016:v[1], %2953:v[1]
	 v1: %3174:v[4] = p_phi %3171:v[4], %2952:v[4]
	 v1: %3173:v[5] = p_phi %3170:v[5], %2951:v[5]
	 v1: %3172:v[6] = p_phi %3169:v[6], %2950:v[6]
	p_logical_start
	 v1: %3176:v[3] = v_add_u32 2, %2723:v[3]
	p_logical_end
	p_branch BB115
BB145
/* logical preds: BB116, / linear preds: BB117, / kind: uniform, loop-preheader, loop-exit, */
	 v1: %3181:v[3] = p_phi %2723:v[3]
	 v1: %3180:v[1] = p_phi %2722:v[1]
	 v1: %3179:v[4] = p_phi %2721:v[4]
	 v1: %3178:v[5] = p_phi %2720:v[5]
	 v1: %3177:v[6] = p_phi %2719:v[6]
	 s2: %0:exec = p_parallelcopy -1
	p_logical_start
	p_logical_end
	p_branch BB146
BB146
/* logical preds: BB145, BB163, / linear preds: BB145, BB163, / kind: loop-header, branch, */
	 v1: %3186:v[3] = p_phi %3181:v[3], %3417:v[3]
	 v1: %3185:v[1] = p_phi %3180:v[1], %3416:v[1]
	 v1: %3184:v[4] = p_phi %3179:v[4], %3415:v[4]
	 v1: %3183:v[5] = p_phi %3178:v[5], %3414:v[5]
	 v1: %3182:v[6] = p_phi %3177:v[6], %3413:v[6]
	p_logical_start
	 s2: %3187:vcc = v_cmp_ge_u32 %3186:v[3], %1805:v[2]
	p_logical_end
	 s2: %6490:s[0-1],  s1: %6489:scc,  s2: %0:exec = s_and_saveexec_b64 %3187:vcc, %0:exec
	p_cbranch_z %0:exec BB150, BB147
BB147
/* logical preds: BB146, / linear preds: BB146, / kind: break, */
	p_logical_start
	p_logical_end
	 s2: %6492:s[0-1],  s1: %6491:scc = s_andn2_b64 %6490:s[0-1], %0:exec
	p_cbranch_nz %6491:scc BB149, BB148
BB148
/* logical preds: / linear preds: BB147, / kind: uniform, */
	p_branch BB164
BB149
/* logical preds: / linear preds: BB147, / kind: uniform, */
	p_branch BB151
BB150
/* logical preds: / linear preds: BB146, / kind: uniform, */
	p_branch BB151
BB151
/* logical preds: BB146, / linear preds: BB149, BB150, / kind: uniform, merge, */
	 s2: %6493:s[0-1] = p_linear_phi %6492:s[0-1], %6490:s[0-1]
	 s2: %0:exec = p_parallelcopy %6493:s[0-1]
	p_logical_start
	 s2: %3198:s[0-1] = p_create_vector %3558:s[2], 0xffff8000
	 s4: %3199:s[12-15] = s_load_dwordx4 %3198:s[0-1], 16 storage:buffer semantics:private,reorder
	 v1: %3189:v[7] = v_lshl_add_u32 %3186:v[3], 9, %1797:v[0]
	 v1: %3191:v[8] = v_and_b32 31, %3189:v[7]
	 v1: %3192:v[9] = v_sub_u32 %3189:v[7], %3191:v[8]
	 s1: %3193:s[5] = s_mul_i32 %3562:s[6], %1723:s[17]
	 v1: %3195:v[9] = v_add3_u32 %3191:v[8], %3193:s[5], %3192:v[9]
	 s1: %3200:s[9] = s_mul_i32 %12:s[16], %3559:s[3]
	 s1: %6167:scc = s_cmp_lg_i32 %1717:s[4], 0
	p_logical_end
	p_cbranch_z %6167:scc BB162, BB152
BB152
/* logical preds: BB151, / linear preds: BB151, / kind: uniform, */
	p_logical_start
	 s4: %3217:s[24-27] = s_load_dwordx4 %3198:s[0-1], 0 storage:buffer semantics:private,reorder
	 v1: %3202:v[9] = v_lshrrev_b32 2, %3195:v[9]
	 v1: %3203:v[9] = v_lshlrev_b32 4, %3202:v[9]
	 v4: %3204:v[12-15] = buffer_load_dwordx4 %3199:s[12-15], %3203:v[9], 0 offen storage:buffer semantics:private,reorder
	 v4: %3206:v[16-19] = buffer_load_dwordx4 %3199:s[12-15], %3203:v[9], 0 offset:16 offen storage:buffer semantics:private,reorder
	 v1: %3207:v[9] = v_add_u32 %3200:s[9], %3189:v[7]
	 v1: %3209:v[9] = v_lshrrev_b32 5, %3207:v[9]
	 v1: %3210:v[9] = v_add_u32 %1793:s[20], %3209:v[9]
	 v1: %6179:v[10] = v_lshlrev_b32 1, %3210:v[9]
	 v1: %3212:v[9] = v_lshl_add_u32 %3210:v[9], 5, %6179:v[10]
	 v1: %3213:v[11] = v_add_u32 2, %3212:v[9]
	 v1: %3214:v[20] = v_add_u32 %3213:v[11], %3191:v[8]
	 v1: %3215:v[11] = v_and_b32 -4, %3213:v[11]
	 v1: %3216:v[11] = v_add_u32 %3215:v[11], %3191:v[8]
	 v3: %3218:v[21-23] = buffer_load_dwordx3 %3217:s[24-27], %3216:v[11], 0 offen storage:buffer semantics:private,reorder
	 v2b: %3221:v[24][0:16] = buffer_load_short_d16 %3217:s[24-27], %3212:v[9], 0 offen storage:buffer semantics:private,reorder
	 s1: %3208:s[9],  s1: %6178:scc = s_add_u32 %3200:s[9], %3559:s[3]
	 s1: %6224:scc = s_cmp_lt_u32 1, %1717:s[4]
	 v1: %6170:v[12],  v1: %6171:v[13],  v1: %6172:v[14],  v1: %6173:v[15] = p_split_vector %3204:v[12-15]
	 v1: %6174:v[16],  v1: %6175:v[17],  v1: %6176:v[18],  v1: %6177:v[19] = p_split_vector %3206:v[16-19]
	 v1: %6185:v[21],  v1: %6186:v[22],  v1: %6187:v[23] = p_split_vector %3218:v[21-23]
	 v1: %3219:v[21] = v_alignbyte_b32 %6186:v[22], %6185:v[21], %3214:v[20]
	 v1: %3220:v[23] = v_alignbyte_b32 %6187:v[23], %6186:v[22], %3214:v[20]
	 v1: %3225:v[25] = v_cvt_f32_i32 %3219:v[21] dst_sel:dword src0_sel:sbyte3
	 v1: %3227:v[26] = v_cvt_f32_i32 %3219:v[21] dst_sel:dword src0_sel:sbyte2
	 v1: %3231:v[27] = v_cvt_f32_i32 %3219:v[21] dst_sel:dword src0_sel:sbyte1
	 v1: %3233:v[21] = v_cvt_f32_i32 %3219:v[21] dst_sel:dword src0_sel:sbyte0
	 v1: %3238:v[28] = v_cvt_f32_i32 %3220:v[23] dst_sel:dword src0_sel:sbyte3
	 v1: %3239:v[28] = v_mul_f32 %6177:v[19], %3238:v[28]
	 v1: %3240:v[29] = v_cvt_f32_i32 %3220:v[23] dst_sel:dword src0_sel:sbyte2
	 v1: %3242:v[28] = v_mac_f32 %6176:v[18], %3240:v[29], %3239:v[28]
	 v1: %3245:v[30] = v_cvt_f32_i32 %3220:v[23] dst_sel:dword src0_sel:sbyte1
	 v1: %3247:v[28] = v_mac_f32 %6175:v[17], %3245:v[30], %3242:v[28]
	 v1: %3248:v[23] = v_cvt_f32_i32 %3220:v[23] dst_sel:dword src0_sel:sbyte0
	 v1: %3250:v[28] = v_mac_f32 %6174:v[16], %3248:v[23], %3247:v[28]
	 v1: %3251:v[28] = v_mac_f32 %6172:v[14], %3227:v[26], %3250:v[28]
	 v1: %3252:v[28] = v_mac_f32 %6173:v[15], %3225:v[25], %3251:v[28]
	 v1: %3253:v[28] = v_mac_f32 %6171:v[13], %3231:v[27], %3252:v[28]
	 v1: %3254:v[28] = v_mac_f32 %6170:v[12], %3233:v[21], %3253:v[28]
	 v1: %3255:v[31] = v_cvt_f32_f16 %3221:v[24][0:16]
	 v1: %3257:v[1] = v_mac_f32 %3254:v[28], %3255:v[31], %3185:v[1]
	p_logical_end
	p_cbranch_z %6224:scc BB160, BB153
BB153
/* logical preds: BB152, / linear preds: BB152, / kind: uniform, */
	p_logical_start
	 v1: %3259:v[9] = v_add_u32 %3208:s[9], %3189:v[7]
	 v1: %3261:v[9] = v_lshrrev_b32 5, %3259:v[9]
	 v1: %3262:v[9] = v_add_u32 %1793:s[20], %3261:v[9]
	 v1: %6228:v[10] = v_lshlrev_b32 1, %3262:v[9]
	 v1: %3263:v[9] = v_lshl_add_u32 %3262:v[9], 5, %6228:v[10]
	 v1: %3264:v[11] = v_add_u32 2, %3263:v[9]
	 v1: %3265:v[20] = v_add_u32 %3264:v[11], %3191:v[8]
	 v1: %3266:v[11] = v_and_b32 -4, %3264:v[11]
	 v1: %3267:v[11] = v_add_u32 %3266:v[11], %3191:v[8]
	 v3: %3268:v[21-23] = buffer_load_dwordx3 %3217:s[24-27], %3267:v[11], 0 offen storage:buffer semantics:private,reorder
	 v2b: %3271:v[24][0:16] = buffer_load_short_d16 %3217:s[24-27], %3263:v[9], 0 offen storage:buffer semantics:private,reorder
	 s1: %3260:s[9],  s1: %6227:scc = s_add_u32 %3208:s[9], %3559:s[3]
	 s1: %6269:scc = s_cmp_lt_u32 2, %1717:s[4]
	 v1: %6230:v[21],  v1: %6231:v[22],  v1: %6232:v[23] = p_split_vector %3268:v[21-23]
	 v1: %3269:v[21] = v_alignbyte_b32 %6231:v[22], %6230:v[21], %3265:v[20]
	 v1: %3270:v[23] = v_alignbyte_b32 %6232:v[23], %6231:v[22], %3265:v[20]
	 v1: %3275:v[25] = v_cvt_f32_i32 %3269:v[21] dst_sel:dword src0_sel:sbyte3
	 v1: %3277:v[26] = v_cvt_f32_i32 %3269:v[21] dst_sel:dword src0_sel:sbyte2
	 v1: %3281:v[27] = v_cvt_f32_i32 %3269:v[21] dst_sel:dword src0_sel:sbyte1
	 v1: %3283:v[21] = v_cvt_f32_i32 %3269:v[21] dst_sel:dword src0_sel:sbyte0
	 v1: %3288:v[28] = v_cvt_f32_i32 %3270:v[23] dst_sel:dword src0_sel:sbyte3
	 v1: %3289:v[28] = v_mul_f32 %6177:v[19], %3288:v[28]
	 v1: %3290:v[29] = v_cvt_f32_i32 %3270:v[23] dst_sel:dword src0_sel:sbyte2
	 v1: %3292:v[28] = v_mac_f32 %6176:v[18], %3290:v[29], %3289:v[28]
	 v1: %3295:v[30] = v_cvt_f32_i32 %3270:v[23] dst_sel:dword src0_sel:sbyte1
	 v1: %3297:v[28] = v_mac_f32 %6175:v[17], %3295:v[30], %3292:v[28]
	 v1: %3298:v[23] = v_cvt_f32_i32 %3270:v[23] dst_sel:dword src0_sel:sbyte0
	 v1: %3300:v[28] = v_mac_f32 %6174:v[16], %3298:v[23], %3297:v[28]
	 v1: %3301:v[28] = v_mac_f32 %6172:v[14], %3277:v[26], %3300:v[28]
	 v1: %3302:v[28] = v_mac_f32 %6173:v[15], %3275:v[25], %3301:v[28]
	 v1: %3303:v[28] = v_mac_f32 %6171:v[13], %3281:v[27], %3302:v[28]
	 v1: %3304:v[28] = v_mac_f32 %6170:v[12], %3283:v[21], %3303:v[28]
	 v1: %3305:v[31] = v_cvt_f32_f16 %3271:v[24][0:16]
	 v1: %3307:v[4] = v_mac_f32 %3304:v[28], %3305:v[31], %3184:v[4]
	p_logical_end
	p_cbranch_z %6269:scc BB158, BB154
BB154
/* logical preds: BB153, / linear preds: BB153, / kind: uniform, */
	p_logical_start
	 v1: %3309:v[9] = v_add_u32 %3260:s[9], %3189:v[7]
	 v1: %3311:v[9] = v_lshrrev_b32 5, %3309:v[9]
	 v1: %3312:v[9] = v_add_u32 %1793:s[20], %3311:v[9]
	 v1: %6273:v[10] = v_lshlrev_b32 1, %3312:v[9]
	 v1: %3313:v[9] = v_lshl_add_u32 %3312:v[9], 5, %6273:v[10]
	 v1: %3314:v[11] = v_add_u32 2, %3313:v[9]
	 v1: %3315:v[20] = v_add_u32 %3314:v[11], %3191:v[8]
	 v1: %3316:v[11] = v_and_b32 -4, %3314:v[11]
	 v1: %3317:v[11] = v_add_u32 %3316:v[11], %3191:v[8]
	 v3: %3318:v[21-23] = buffer_load_dwordx3 %3217:s[24-27], %3317:v[11], 0 offen storage:buffer semantics:private,reorder
	 v2b: %3321:v[24][0:16] = buffer_load_short_d16 %3217:s[24-27], %3313:v[9], 0 offen storage:buffer semantics:private,reorder
	 s1: %3310:s[9],  s1: %6272:scc = s_add_u32 %3260:s[9], %3559:s[3]
	 s1: %6314:scc = s_cmp_lt_u32 3, %1717:s[4]
	 v1: %6275:v[21],  v1: %6276:v[22],  v1: %6277:v[23] = p_split_vector %3318:v[21-23]
	 v1: %3319:v[21] = v_alignbyte_b32 %6276:v[22], %6275:v[21], %3315:v[20]
	 v1: %3320:v[23] = v_alignbyte_b32 %6277:v[23], %6276:v[22], %3315:v[20]
	 v1: %3325:v[25] = v_cvt_f32_i32 %3319:v[21] dst_sel:dword src0_sel:sbyte3
	 v1: %3327:v[26] = v_cvt_f32_i32 %3319:v[21] dst_sel:dword src0_sel:sbyte2
	 v1: %3331:v[27] = v_cvt_f32_i32 %3319:v[21] dst_sel:dword src0_sel:sbyte1
	 v1: %3333:v[21] = v_cvt_f32_i32 %3319:v[21] dst_sel:dword src0_sel:sbyte0
	 v1: %3338:v[28] = v_cvt_f32_i32 %3320:v[23] dst_sel:dword src0_sel:sbyte3
	 v1: %3339:v[28] = v_mul_f32 %6177:v[19], %3338:v[28]
	 v1: %3340:v[29] = v_cvt_f32_i32 %3320:v[23] dst_sel:dword src0_sel:sbyte2
	 v1: %3342:v[28] = v_mac_f32 %6176:v[18], %3340:v[29], %3339:v[28]
	 v1: %3345:v[30] = v_cvt_f32_i32 %3320:v[23] dst_sel:dword src0_sel:sbyte1
	 v1: %3347:v[28] = v_mac_f32 %6175:v[17], %3345:v[30], %3342:v[28]
	 v1: %3348:v[23] = v_cvt_f32_i32 %3320:v[23] dst_sel:dword src0_sel:sbyte0
	 v1: %3350:v[28] = v_mac_f32 %6174:v[16], %3348:v[23], %3347:v[28]
	 v1: %3351:v[28] = v_mac_f32 %6172:v[14], %3327:v[26], %3350:v[28]
	 v1: %3352:v[28] = v_mac_f32 %6173:v[15], %3325:v[25], %3351:v[28]
	 v1: %3353:v[28] = v_mac_f32 %6171:v[13], %3331:v[27], %3352:v[28]
	 v1: %3354:v[28] = v_mac_f32 %6170:v[12], %3333:v[21], %3353:v[28]
	 v1: %3355:v[31] = v_cvt_f32_f16 %3321:v[24][0:16]
	 v1: %3357:v[5] = v_mac_f32 %3354:v[28], %3355:v[31], %3183:v[5]
	p_logical_end
	p_cbranch_z %6314:scc BB156, BB155
BB155
/* logical preds: BB154, / linear preds: BB154, / kind: uniform, */
	p_logical_start
	 v1: %3359:v[7] = v_add_u32 %3310:s[9], %3189:v[7]
	 v1: %3360:v[7] = v_lshrrev_b32 5, %3359:v[7]
	 v1: %3361:v[7] = v_add_u32 %1793:s[20], %3360:v[7]
	 v1: %6317:v[9] = v_lshlrev_b32 1, %3361:v[7]
	 v1: %3362:v[7] = v_lshl_add_u32 %3361:v[7], 5, %6317:v[9]
	 v1: %3363:v[10] = v_add_u32 2, %3362:v[7]
	 v1: %3364:v[11] = v_add_u32 %3363:v[10], %3191:v[8]
	 v1: %3365:v[10] = v_and_b32 -4, %3363:v[10]
	 v1: %3366:v[10] = v_add_u32 %3365:v[10], %3191:v[8]
	 v3: %3367:v[20-22] = buffer_load_dwordx3 %3217:s[24-27], %3366:v[10], 0 offen storage:buffer semantics:private,reorder
	 v2b: %3370:v[23][0:16] = buffer_load_short_d16 %3217:s[24-27], %3362:v[7], 0 offen storage:buffer semantics:private,reorder
	 v1: %6319:v[20],  v1: %6320:v[21],  v1: %6321:v[22] = p_split_vector %3367:v[20-22]
	 v1: %3368:v[20] = v_alignbyte_b32 %6320:v[21], %6319:v[20], %3364:v[11]
	 v1: %3369:v[22] = v_alignbyte_b32 %6321:v[22], %6320:v[21], %3364:v[11]
	 v1: %3374:v[24] = v_cvt_f32_i32 %3368:v[20] dst_sel:dword src0_sel:sbyte3
	 v1: %3376:v[25] = v_cvt_f32_i32 %3368:v[20] dst_sel:dword src0_sel:sbyte2
	 v1: %3380:v[26] = v_cvt_f32_i32 %3368:v[20] dst_sel:dword src0_sel:sbyte1
	 v1: %3382:v[20] = v_cvt_f32_i32 %3368:v[20] dst_sel:dword src0_sel:sbyte0
	 v1: %3387:v[27] = v_cvt_f32_i32 %3369:v[22] dst_sel:dword src0_sel:sbyte3
	 v1: %3388:v[19] = v_mul_f32 %6177:v[19], %3387:v[27]
	 v1: %3389:v[28] = v_cvt_f32_i32 %3369:v[22] dst_sel:dword src0_sel:sbyte2
	 v1: %3391:v[19] = v_mac_f32 %6176:v[18], %3389:v[28], %3388:v[19]
	 v1: %3394:v[29] = v_cvt_f32_i32 %3369:v[22] dst_sel:dword src0_sel:sbyte1
	 v1: %3396:v[19] = v_mac_f32 %6175:v[17], %3394:v[29], %3391:v[19]
	 v1: %3397:v[22] = v_cvt_f32_i32 %3369:v[22] dst_sel:dword src0_sel:sbyte0
	 v1: %3399:v[19] = v_mac_f32 %6174:v[16], %3397:v[22], %3396:v[19]
	 v1: %3400:v[19] = v_mac_f32 %6172:v[14], %3376:v[25], %3399:v[19]
	 v1: %3401:v[19] = v_mac_f32 %6173:v[15], %3374:v[24], %3400:v[19]
	 v1: %3402:v[19] = v_mac_f32 %6171:v[13], %3380:v[26], %3401:v[19]
	 v1: %3403:v[19] = v_mac_f32 %6170:v[12], %3382:v[20], %3402:v[19]
	 v1: %3404:v[30] = v_cvt_f32_f16 %3370:v[23][0:16]
	 v1: %3406:v[6] = v_mac_f32 %3403:v[19], %3404:v[30], %3182:v[6]
	p_logical_end
	p_branch BB157
BB156
/* logical preds: BB154, / linear preds: BB154, / kind: uniform, */
	p_logical_start
	p_logical_end
	p_branch BB157
BB157
/* logical preds: BB155, BB156, / linear preds: BB155, BB156, / kind: uniform, */
	 v1: %3407:v[6] = p_phi %3406:v[6], %3182:v[6]
	p_logical_start
	p_logical_end
	p_branch BB159
BB158
/* logical preds: BB153, / linear preds: BB153, / kind: uniform, */
	p_logical_start
	p_logical_end
	p_branch BB159
BB159
/* logical preds: BB157, BB158, / linear preds: BB157, BB158, / kind: uniform, */
	 v1: %3409:v[5] = p_phi %3357:v[5], %3183:v[5]
	 v1: %3408:v[6] = p_phi %3407:v[6], %3182:v[6]
	p_logical_start
	p_logical_end
	p_branch BB161
BB160
/* logical preds: BB152, / linear preds: BB152, / kind: uniform, */
	p_logical_start
	p_logical_end
	p_branch BB161
BB161
/* logical preds: BB159, BB160, / linear preds: BB159, BB160, / kind: uniform, */
	 v1: %3412:v[4] = p_phi %3307:v[4], %3184:v[4]
	 v1: %3411:v[5] = p_phi %3409:v[5], %3183:v[5]
	 v1: %3410:v[6] = p_phi %3408:v[6], %3182:v[6]
	p_logical_start
	p_logical_end
	p_branch BB163
BB162
/* logical preds: BB151, / linear preds: BB151, / kind: uniform, */
	p_logical_start
	p_logical_end
	p_branch BB163
BB163
/* logical preds: BB161, BB162, / linear preds: BB161, BB162, / kind: uniform, */
	 v1: %3416:v[1] = p_phi %3257:v[1], %3185:v[1]
	 v1: %3415:v[4] = p_phi %3412:v[4], %3184:v[4]
	 v1: %3414:v[5] = p_phi %3411:v[5], %3183:v[5]
	 v1: %3413:v[6] = p_phi %3410:v[6], %3182:v[6]
	p_logical_start
	 v1: %3417:v[3] = v_add_u32 1, %3186:v[3]
	p_logical_end
	p_branch BB146
BB164
/* logical preds: BB147, / linear preds: BB148, / kind: uniform, loop-exit, */
	 v1: %3421:v[1] = p_phi %3185:v[1]
	 v1: %3420:v[4] = p_phi %3184:v[4]
	 v1: %3419:v[5] = p_phi %3183:v[5]
	 v1: %3418:v[6] = p_phi %3182:v[6]
	 s2: %0:exec = p_parallelcopy -1
	p_logical_start
	 s1: %6358:scc = s_cmp_lg_i32 %1717:s[4], 0
	 s2: %3422:s[0-1] = s_cselect_b64 -1, 0, %6358:scc
	p_logical_end
	p_cbranch_z %6358:scc BB175, BB165
BB165
/* logical preds: BB164, / linear preds: BB164, / kind: uniform, */
	p_logical_start
	 s1: %3423:s[3],  s2: %6361:s[10-11],  s1: %6362:scc = p_reduce %3421:v[1], %6461:v[39],  lv1: undef op:fadd32 cluster_size:64
	 s1: %6363:scc = s_cmp_lt_u32 1, %1717:s[4]
	p_logical_end
	p_cbranch_z %6363:scc BB173, BB166
BB166
/* logical preds: BB165, / linear preds: BB165, / kind: uniform, */
	p_logical_start
	 s1: %3425:s[5],  s2: %6366:s[10-11],  s1: %6367:scc = p_reduce %3420:v[4], %6461:v[39],  lv1: undef op:fadd32 cluster_size:64
	 s1: %6368:scc = s_cmp_lt_u32 2, %1717:s[4]
	p_logical_end
	p_cbranch_z %6368:scc BB171, BB167
BB167
/* logical preds: BB166, / linear preds: BB166, / kind: uniform, */
	p_logical_start
	 s1: %3427:s[6],  s2: %6371:s[10-11],  s1: %6372:scc = p_reduce %3419:v[5], %6461:v[39],  lv1: undef op:fadd32 cluster_size:64
	 s1: %6373:scc = s_cmp_lt_u32 3, %1717:s[4]
	p_logical_end
	p_cbranch_z %6373:scc BB169, BB168
BB168
/* logical preds: BB167, / linear preds: BB167, / kind: uniform, */
	p_logical_start
	 s1: %3429:s[9],  s2: %6376:s[10-11],  s1: %6377:scc = p_reduce %3418:v[6], %6461:v[39],  lv1: undef op:fadd32 cluster_size:64
	p_logical_end
	p_branch BB170
BB169
/* logical preds: BB167, / linear preds: BB167, / kind: uniform, */
	p_logical_start
	p_logical_end
	p_branch BB170
BB170
/* logical preds: BB168, BB169, / linear preds: BB168, BB169, / kind: uniform, */
	 v1: %3430:v[6] = p_phi %3429:s[9], %3418:v[6]
	p_logical_start
	p_logical_end
	p_branch BB172
BB171
/* logical preds: BB166, / linear preds: BB166, / kind: uniform, */
	p_logical_start
	p_logical_end
	p_branch BB172
BB172
/* logical preds: BB170, BB171, / linear preds: BB170, BB171, / kind: uniform, */
	 v1: %3432:v[5] = p_phi %3427:s[6], %3419:v[5]
	 v1: %3431:v[6] = p_phi %3430:v[6], %3418:v[6]
	p_logical_start
	p_logical_end
	p_branch BB174
BB173
/* logical preds: BB165, / linear preds: BB165, / kind: uniform, */
	p_logical_start
	p_logical_end
	p_branch BB174
BB174
/* logical preds: BB172, BB173, / linear preds: BB172, BB173, / kind: uniform, */
	 v1: %3435:v[4] = p_phi %3425:s[5], %3420:v[4]
	 v1: %3434:v[5] = p_phi %3432:v[5], %3419:v[5]
	 v1: %3433:v[6] = p_phi %3431:v[6], %3418:v[6]
	p_logical_start
	p_logical_end
	p_branch BB176
BB175
/* logical preds: BB164, / linear preds: BB164, / kind: uniform, */
	p_logical_start
	p_logical_end
	p_branch BB176
BB176
/* logical preds: BB174, BB175, / linear preds: BB174, BB175, / kind: branch, */
	 v1: %3439:v[1] = p_phi %3423:s[3], %3421:v[1]
	 v1: %3438:v[4] = p_phi %3435:v[4], %3420:v[4]
	 v1: %3437:v[5] = p_phi %3434:v[5], %3419:v[5]
	 v1: %3436:v[6] = p_phi %3433:v[6], %3418:v[6]
	p_logical_start
	 s2: %3440:s[10-11] = p_create_vector 1, 0
	 s2: %3442:s[0-1],  s1: %6378:scc = s_and_b64 %3422:s[0-1], %3440:s[10-11]
	p_logical_end
	 s2: %0:exec = p_parallelcopy %3442:s[0-1]
	p_cbranch_z %0:exec BB187, BB177
BB177
/* logical preds: BB176, / linear preds: BB176, / kind: uniform, */
	p_logical_start
	 v1: %6379:v[0] = p_parallelcopy 0
	ds_write_b32 %6379:v[0], %3439:v[1] storage:shared
	 s1: %6380:scc = s_cmp_lt_u32 1, %1717:s[4]
	p_logical_end
	p_cbranch_z %6380:scc BB185, BB178
BB178
/* logical preds: BB177, / linear preds: BB177, / kind: uniform, */
	p_logical_start
	 v1: %6456:v[0] = p_parallelcopy 0
	ds_write_b32 %6456:v[0], %3438:v[4] offset0:4 storage:shared
	 s1: %6384:scc = s_cmp_lt_u32 2, %1717:s[4]
	p_logical_end
	p_cbranch_z %6384:scc BB183, BB179
BB179
/* logical preds: BB178, / linear preds: BB178, / kind: uniform, */
	p_logical_start
	 v1: %6457:v[0] = p_parallelcopy 0
	ds_write_b32 %6457:v[0], %3437:v[5] offset0:8 storage:shared
	 s1: %6388:scc = s_cmp_lt_u32 3, %1717:s[4]
	p_logical_end
	p_cbranch_z %6388:scc BB181, BB180
BB180
/* logical preds: BB179, / linear preds: BB179, / kind: uniform, */
	p_logical_start
	 v1: %6458:v[0] = p_parallelcopy 0
	ds_write_b32 %6458:v[0], %3436:v[6] offset0:12 storage:shared
	p_logical_end
	p_branch BB182
BB181
/* logical preds: BB179, / linear preds: BB179, / kind: uniform, */
	p_logical_start
	p_logical_end
	p_branch BB182
BB182
/* logical preds: BB180, BB181, / linear preds: BB180, BB181, / kind: uniform, */
	p_logical_start
	p_logical_end
	p_branch BB184
BB183
/* logical preds: BB178, / linear preds: BB178, / kind: uniform, */
	p_logical_start
	p_logical_end
	p_branch BB184
BB184
/* logical preds: BB182, BB183, / linear preds: BB182, BB183, / kind: uniform, */
	p_logical_start
	p_logical_end
	p_branch BB186
BB185
/* logical preds: BB177, / linear preds: BB177, / kind: uniform, */
	p_logical_start
	p_logical_end
	p_branch BB186
BB186
/* logical preds: BB184, BB185, / linear preds: BB184, BB185, / kind: uniform, */
	p_logical_start
	p_logical_end
	p_branch BB188
BB187
/* logical preds: / linear preds: BB176, / kind: uniform, */
	p_branch BB188
BB188
/* logical preds: / linear preds: BB186, BB187, / kind: invert, */
	 s2: %0:exec,  s1: %6494:scc = s_andn2_b64 -1, %0:exec
	p_cbranch_z %0:exec BB190, BB189
BB189
/* logical preds: BB176, / linear preds: BB188, / kind: uniform, */
	p_logical_start
	p_logical_end
	p_branch BB191
BB190
/* logical preds: / linear preds: BB188, / kind: uniform, */
	p_branch BB191
BB191
/* logical preds: BB186, BB189, / linear preds: BB189, BB190, / kind: branch, merge, */
	 s2: %0:exec = p_parallelcopy -1
	p_logical_start
	p_barrier storage:shared semantics:acquire,release scope:subgroup exec_scope:subgroup
	p_logical_end
	 s2: %0:exec = p_parallelcopy %3440:s[10-11]
	p_cbranch_z %0:exec BB210, BB192
BB192
/* logical preds: BB191, / linear preds: BB191, / kind: uniform, loop-preheader, */
	p_logical_start
	 s1: %3446:s[4],  s1: %6392:scc = s_min_u32 4, %1717:s[4]
	p_logical_end
	p_branch BB193
BB193
/* logical preds: BB192, BB208, / linear preds: BB192, BB208, / kind: uniform, loop-header, */
	 s1: %3451:s[0] = p_linear_phi 0, %3556:s[0]
	 v1: %3450:v[1] = p_phi %3439:v[1], %3544:v[1]
	 v1: %3449:v[4] = p_phi %3438:v[4], %3543:v[4]
	 v1: %3448:v[5] = p_phi %3437:v[5], %3542:v[5]
	 v1: %3447:v[6] = p_phi %3436:v[6], %3541:v[6]
	p_logical_start
	 s1: %6393:scc = s_cmp_ge_u32 %3451:s[0], %3446:s[4]
	p_logical_end
	p_cbranch_z %6393:scc BB195, BB194
BB194
/* logical preds: BB193, / linear preds: BB193, / kind: uniform, break, */
	p_logical_start
	p_logical_end
	p_branch BB209
BB195
/* logical preds: BB193, / linear preds: BB193, / kind: uniform, */
	p_logical_start
	 s1: %6396:scc = s_cmp_lt_i32 %3451:s[0], 2
	 s2: %3453:vcc = s_cselect_b64 -1, 0, %6396:scc
	 s1: %6397:scc = s_cmp_lt_i32 %3451:s[0], 3
	 s2: %3454:s[10-11] = s_cselect_b64 -1, 0, %6397:scc
	 s2: %3455:s[12-13],  s1: %6398:scc = s_or_b64 %3453:vcc, %3454:s[10-11]
	 v1: %3456:v[0] = v_cndmask_b32 0, %3447:v[6], %3455:s[12-13]
	 s2: %3458:s[14-15],  s1: %6401:scc = s_andn2_b64 %3454:s[10-11], %3453:vcc
	 v1: %3459:v[2] = v_cndmask_b32 %3448:v[5], 0, %3458:s[14-15]
	 s1: %6403:scc = s_cmp_lt_i32 %3451:s[0], 1
	 s2: %3460:s[20-21] = s_cselect_b64 -1, 0, %6403:scc
	 s2: %3462:s[22-23],  s1: %6405:scc = s_andn2_b64 %3453:vcc, %3460:s[20-21]
	 v1: %3463:v[3] = v_cndmask_b32 %3449:v[4], 0, %3462:s[22-23]
	 s2: %3464:s[24-25],  s1: %6407:scc = s_and_b64 %3453:vcc, %3460:s[20-21]
	 v1: %3465:v[7] = v_cndmask_b32 %3450:v[1], 0, %3464:s[24-25]
	 s1: %3468:s[1],  s1: %6409:scc = s_and_b32 %3574:s[19], 63
	 s1: %6410:scc = s_cmp_lg_i32 %3468:s[1], 0
	p_logical_end
	p_cbranch_z %6410:scc BB201, BB196
BB196
/* logical preds: BB195, / linear preds: BB195, / kind: uniform, loop-preheader, */
	p_logical_start
	 s1: %3470:s[3],  s1: %6413:scc = s_lshl_b32 %3451:s[0], 2
	 v1: %6414:v[8] = p_parallelcopy %3470:s[3]
	 v1: %6415:v[8] = ds_read_b32 %6414:v[8] storage:shared
	 v1: %3472:v[3] = v_cndmask_b32 %6415:v[8], %3463:v[3], %3460:s[20-21]
	 v1: %3473:v[7] = v_cndmask_b32 %3465:v[7], %6415:v[8], %3460:s[20-21]
	 v1: %3474:v[0] = v_cndmask_b32 %6415:v[8], %3456:v[0], %3454:s[10-11]
	 v1: %3475:v[2] = v_cndmask_b32 %3459:v[2], %6415:v[8], %3454:s[10-11]
	 v1: %3476:v[6] = v_cndmask_b32 %3474:v[0], %3447:v[6], %3453:vcc
	 v1: %3477:v[5] = v_cndmask_b32 %3475:v[2], %3448:v[5], %3453:vcc
	 v1: %3478:v[4] = v_cndmask_b32 %3449:v[4], %3472:v[3], %3453:vcc
	 v1: %3479:v[1] = v_cndmask_b32 %3450:v[1], %3473:v[7], %3453:vcc
	p_logical_end
	p_branch BB197
BB197
/* logical preds: BB196, BB199, / linear preds: BB196, BB199, / kind: uniform, loop-header, */
	 s1: %3484:s[3] = p_linear_phi 1, %3491:s[3]
	 v1: %3483:v[1] = p_phi %3479:v[1], %3490:v[1]
	 v1: %3482:v[4] = p_phi %3478:v[4], %3489:v[4]
	 v1: %3481:v[5] = p_phi %3477:v[5], %3488:v[5]
	 v1: %3480:v[6] = p_phi %3476:v[6], %3487:v[6]
	p_logical_start
	 s1: %6420:scc = s_cmp_ge_u32 %3484:s[3], %3468:s[1]
	p_logical_end
	p_cbranch_z %6420:scc BB199, BB198
BB198
/* logical preds: BB197, / linear preds: BB197, / kind: uniform, break, */
	p_logical_start
	p_logical_end
	p_branch BB200
BB199
/* logical preds: BB197, / linear preds: BB197, / kind: uniform, */
	p_logical_start
	 v1: %6423:v[0] = p_parallelcopy 0x7fc00000
	 v1: %3487:v[6] = v_cndmask_b32 %6423:v[0], %3480:v[6], %3455:s[12-13]
	 v1: %3488:v[5] = v_cndmask_b32 %3481:v[5], %6423:v[0], %3458:s[14-15]
	 v1: %3489:v[4] = v_cndmask_b32 %3482:v[4], %6423:v[0], %3462:s[22-23]
	 v1: %3490:v[1] = v_cndmask_b32 %3483:v[1], %6423:v[0], %3464:s[24-25]
	 s1: %3491:s[3],  s1: %6427:scc = s_add_u32 %3484:s[3], 1
	p_logical_end
	p_branch BB197
BB200
/* logical preds: BB198, / linear preds: BB198, / kind: uniform, loop-exit, */
	 v1: %3495:v[1] = p_phi %3483:v[1]
	 v1: %3494:v[4] = p_phi %3482:v[4]
	 v1: %3493:v[5] = p_phi %3481:v[5]
	 v1: %3492:v[6] = p_phi %3480:v[6]
	p_logical_start
	p_logical_end
	p_branch BB202
BB201
/* logical preds: BB195, / linear preds: BB195, / kind: uniform, */
	p_logical_start
	p_logical_end
	p_branch BB202
BB202
/* logical preds: BB200, BB201, / linear preds: BB200, BB201, / kind: uniform, */
	 v1: %3499:v[1] = p_phi %3495:v[1], %3465:v[7]
	 v1: %3498:v[4] = p_phi %3494:v[4], %3463:v[3]
	 v1: %3497:v[5] = p_phi %3493:v[5], %3459:v[2]
	 v1: %3496:v[6] = p_phi %3492:v[6], %3456:v[0]
	p_logical_start
	 s1: %6428:scc = s_bitcmp1_b32 %3564:s[8], 0
	p_logical_end
	p_cbranch_z %6428:scc BB204, BB203
BB203
/* logical preds: BB202, / linear preds: BB202, / kind: uniform, */
	p_logical_start
	 s2: %3507:s[26-27] = p_create_vector %3558:s[2], 0xffff8000
	 s4: %3508:s[28-31] = s_load_dwordx4 %3507:s[26-27], 48 storage:buffer semantics:private,reorder
	 s1: %3502:s[1] = s_mul_i32 %3563:s[7], %1723:s[17]
	 s1: %3503:s[1],  s1: %6431:scc = s_add_u32 %3502:s[1], %12:s[16]
	 s1: %3504:s[1],  s1: %6432:scc = s_add_u32 %3503:s[1], %3451:s[0]
	 s1: %3509:s[1],  s1: %6437:scc = s_lshl_b32 %3504:s[1], 2
	 s1: %3510:s[1] = s_buffer_load_dword %3508:s[28-31], %3509:s[1] storage:buffer semantics:private,reorder
	 v1: %3511:v[0] = v_cndmask_b32 %3498:v[4], %3499:v[1], %3460:s[20-21]
	 v1: %3512:v[2] = v_cndmask_b32 %3496:v[6], %3497:v[5], %3454:s[10-11]
	 v1: %3513:v[2] = v_cndmask_b32 %3512:v[2], %3511:v[0], %3453:vcc
	 v1: %3514:v[2] = v_add_f32 %3510:s[1], %3513:v[2]
	 v1: %3515:v[6] = v_cndmask_b32 %3514:v[2], %3496:v[6], %3455:s[12-13]
	 v1: %3516:v[5] = v_cndmask_b32 %3497:v[5], %3514:v[2], %3458:s[14-15]
	 v1: %3517:v[4] = v_cndmask_b32 %3498:v[4], %3514:v[2], %3462:s[22-23]
	 v1: %3518:v[1] = v_cndmask_b32 %3499:v[1], %3514:v[2], %3464:s[24-25]
	p_logical_end
	p_branch BB205
BB204
/* logical preds: BB202, / linear preds: BB202, / kind: uniform, */
	p_logical_start
	p_logical_end
	p_branch BB205
BB205
/* logical preds: BB203, BB204, / linear preds: BB203, BB204, / kind: uniform, */
	 v1: %3522:v[1] = p_phi %3518:v[1], %3499:v[1]
	 v1: %3521:v[4] = p_phi %3517:v[4], %3498:v[4]
	 v1: %3520:v[5] = p_phi %3516:v[5], %3497:v[5]
	 v1: %3519:v[6] = p_phi %3515:v[6], %3496:v[6]
	p_logical_start
	 s1: %6438:scc = s_bitcmp1_b32 %3564:s[8], 1
	p_logical_end
	p_cbranch_z %6438:scc BB207, BB206
BB206
/* logical preds: BB205, / linear preds: BB205, / kind: uniform, */
	p_logical_start
	 s2: %3529:s[26-27] = p_create_vector %3558:s[2], 0xffff8000
	 s4: %3530:s[28-31] = s_load_dwordx4 %3529:s[26-27], 64 storage:buffer semantics:private,reorder
	 s1: %3524:s[1] = s_mul_i32 %3563:s[7], %1723:s[17]
	 s1: %3525:s[1],  s1: %6441:scc = s_add_u32 %3524:s[1], %12:s[16]
	 s1: %3526:s[1],  s1: %6442:scc = s_add_u32 %3525:s[1], %3451:s[0]
	 s1: %3531:s[1],  s1: %6447:scc = s_lshl_b32 %3526:s[1], 2
	 s1: %3532:s[1] = s_buffer_load_dword %3530:s[28-31], %3531:s[1] storage:buffer semantics:private,reorder
	 v1: %3533:v[0] = v_cndmask_b32 %3521:v[4], %3522:v[1], %3460:s[20-21]
	 v1: %3534:v[2] = v_cndmask_b32 %3519:v[6], %3520:v[5], %3454:s[10-11]
	 v1: %3535:v[2] = v_cndmask_b32 %3534:v[2], %3533:v[0], %3453:vcc
	 v1: %3536:v[2] = v_add_f32 %3532:s[1], %3535:v[2]
	 v1: %3537:v[6] = v_cndmask_b32 %3536:v[2], %3519:v[6], %3455:s[12-13]
	 v1: %3538:v[5] = v_cndmask_b32 %3520:v[5], %3536:v[2], %3458:s[14-15]
	 v1: %3539:v[4] = v_cndmask_b32 %3521:v[4], %3536:v[2], %3462:s[22-23]
	 v1: %3540:v[1] = v_cndmask_b32 %3522:v[1], %3536:v[2], %3464:s[24-25]
	p_logical_end
	p_branch BB208
BB207
/* logical preds: BB205, / linear preds: BB205, / kind: uniform, */
	p_logical_start
	p_logical_end
	p_branch BB208
BB208
/* logical preds: BB206, BB207, / linear preds: BB206, BB207, / kind: uniform, */
	 v1: %3544:v[1] = p_phi %3540:v[1], %3522:v[1]
	 v1: %3543:v[4] = p_phi %3539:v[4], %3521:v[4]
	 v1: %3542:v[5] = p_phi %3538:v[5], %3520:v[5]
	 v1: %3541:v[6] = p_phi %3537:v[6], %3519:v[6]
	p_logical_start
	 s2: %3553:s[12-13] = p_create_vector %3558:s[2], 0xffff8000
	 s4: %3554:s[12-15] = s_load_dwordx4 %3553:s[12-13], 32 storage:buffer semantics:private,reorder
	 s1: %3545:s[1] = s_mul_i32 %3563:s[7], %1723:s[17]
	 s1: %3546:s[1],  s1: %6448:scc = s_add_u32 %3545:s[1], %12:s[16]
	 s1: %3547:s[1],  s1: %6449:scc = s_add_u32 %3546:s[1], %3451:s[0]
	 v1: %3548:v[0] = v_cndmask_b32 %3543:v[4], %3544:v[1], %3460:s[20-21]
	 v1: %3549:v[2] = v_cndmask_b32 %3541:v[6], %3542:v[5], %3454:s[10-11]
	 v1: %3550:v[2] = v_cndmask_b32 %3549:v[2], %3548:v[0], %3453:vcc
	 s1: %3555:s[1],  s1: %6454:scc = s_lshl_b32 %3547:s[1], 2
	buffer_store_dword %3554:s[12-15],  v1: undef, %3555:s[1], %3550:v[2] storage:buffer
	 s1: %3556:s[0],  s1: %6455:scc = s_add_u32 %3451:s[0], 1
	p_logical_end
	p_branch BB193
BB209
/* logical preds: BB194, / linear preds: BB194, / kind: uniform, loop-exit, */
	p_logical_start
	p_logical_end
	p_branch BB211
BB210
/* logical preds: / linear preds: BB191, / kind: uniform, */
	p_branch BB211
BB211
/* logical preds: / linear preds: BB209, BB210, / kind: invert, */
	 s2: %0:exec,  s1: %6495:scc = s_andn2_b64 -1, %0:exec
	p_cbranch_z %0:exec BB213, BB212
BB212
/* logical preds: BB191, / linear preds: BB211, / kind: uniform, */
	p_logical_start
	p_logical_end
	p_branch BB214
BB213
/* logical preds: / linear preds: BB211, / kind: uniform, */
	p_branch BB214
BB214
/* logical preds: BB209, BB212, / linear preds: BB212, BB213, / kind: uniform, merge, */
	 s2: %0:exec = p_parallelcopy -1
	p_logical_start
	p_logical_end
	p_branch BB216
BB215
/* logical preds: BB55, / linear preds: BB55, / kind: uniform, */
	p_logical_start
	p_logical_end
	p_branch BB216
BB216
/* logical preds: BB214, BB215, / linear preds: BB214, BB215, / kind: uniform, */
	p_logical_start
	p_logical_end
	p_branch BB217
BB217
/* logical preds: BB54, BB216, / linear preds: BB54, BB216, / kind: uniform, top-level, */
	p_end_linear_vgpr %6461:v[39]
	p_logical_start
	p_logical_end
	s_endpgm

Compute Shader
disasm:
BB0:
	s_load_dword s0, s[14:15], 0x0                              ; c0020007 00000000
	s_waitcnt lgkmcnt(0)                                        ; bf8cc07f
	s_mul_i32 s0, s0, s18                                       ; 92001200
	s_add_u32 s16, s16, s0                                      ; 80100010
	s_lshl_b32 s16, s16, 2                                      ; 8e108210
	s_add_u32 s1, s16, 4                                        ; 80018410
	s_cmp_ge_u32 s4, s1                                         ; bf090104
	s_cbranch_scc0 BB55                                         ; bf840701
BB1:
	s_add_u32 s17, s17, s9                                      ; 80110911
	s_cmp_lg_i32 s17, 0                                         ; bf018011
	s_cbranch_scc0 BB3                                          ; bf840043
BB2:
	v_cvt_f32_u32_e32 v1, s11                                   ; 7e020c0b
	v_rcp_f32_e32 v1, v1                                        ; 7e024501
	v_mul_f32_e32 v1, 0x4f7ffffe, v1                            ; 0a0202ff 4f7ffffe
	v_cvt_u32_f32_e32 v1, v1                                    ; 7e020f01
	v_readfirstlane_b32 s0, v1                                  ; 7e000501
	s_mul_i32 s1, s11, s0                                       ; 9201000b
	s_sub_i32 s1, 0, s1                                         ; 81810180
	s_mul_hi_u32 s1, s0, s1                                     ; 96010100
	v_cvt_f32_u32_e32 v2, s13                                   ; 7e040c0d
	s_add_u32 s0, s0, s1                                        ; 80000100
	v_rcp_f32_e32 v2, v2                                        ; 7e044502
	s_mul_hi_u32 s0, s17, s0                                    ; 96000011
	s_mul_i32 s4, s0, s11                                       ; 92040b00
	v_mul_f32_e32 v2, 0x4f7ffffe, v2                            ; 0a0404ff 4f7ffffe
	s_sub_i32 s4, s17, s4                                       ; 81840411
	v_cvt_u32_f32_e32 v2, v2                                    ; 7e040f02
	s_cmp_ge_u32 s4, s11                                        ; bf090b04
	v_readfirstlane_b32 s18, v2                                 ; 7e240502
	s_add_u32 s0, s0, src_scc                                   ; 8000fd00
	s_sub_i32 s14, s4, s11                                      ; 818e0b04
	s_cmp_ge_u32 s4, s11                                        ; bf090b04
	s_mul_i32 s20, s13, s18                                     ; 9214120d
	s_cselect_b32 s14, s14, s4                                  ; 850e040e
	s_cmp_ge_u32 s14, s11                                       ; bf090b0e
	s_mov_b32 s15, src_scc                                      ; be8f00fd
	s_add_u32 s0, s0, src_scc                                   ; 8000fd00
	s_sub_i32 s11, s14, s11                                     ; 818b0b0e
	s_cmp_lg_i32 s15, 0                                         ; bf01800f
	v_cvt_f32_u32_e32 v3, s12                                   ; 7e060c0c
	s_cselect_b32 s11, s11, s14                                 ; 850b0e0b
	s_sub_i32 s20, 0, s20                                       ; 81941480
	v_rcp_f32_e32 v3, v3                                        ; 7e064503
	s_mul_hi_u32 s20, s18, s20                                  ; 96141412
	s_add_u32 s18, s18, s20                                     ; 80121412
	v_mul_f32_e32 v3, 0x4f7ffffe, v3                            ; 0a0606ff 4f7ffffe
	s_mul_hi_u32 s18, s0, s18                                   ; 96121200
	v_cvt_u32_f32_e32 v3, v3                                    ; 7e060f03
	s_mul_i32 s21, s18, s13                                     ; 92150d12
	v_readfirstlane_b32 s24, v3                                 ; 7e300503
	s_sub_i32 s0, s0, s21                                       ; 81801500
	s_mul_i32 s25, s12, s24                                     ; 9219180c
	s_cmp_ge_u32 s0, s13                                        ; bf090d00
	s_add_u32 s18, s18, src_scc                                 ; 8012fd12
	s_sub_i32 s23, s0, s13                                      ; 81970d00
	s_cmp_ge_u32 s0, s13                                        ; bf090d00
	s_cselect_b32 s23, s23, s0                                  ; 85170017
	s_cmp_ge_u32 s23, s13                                       ; bf090d17
	s_add_u32 s18, s18, src_scc                                 ; 8012fd12
	s_sub_i32 s25, 0, s25                                       ; 81991980
	s_mul_i32 s18, s18, s10                                     ; 92120a12
	s_mul_hi_u32 s25, s24, s25                                  ; 96191918
	s_add_u32 s24, s24, s25                                     ; 80181918
	s_mul_hi_u32 s24, s11, s24                                  ; 9618180b
	s_mul_i32 s26, s24, s12                                     ; 921a0c18
	s_sub_i32 s11, s11, s26                                     ; 818b1a0b
	s_cmp_ge_u32 s11, s12                                       ; bf090c0b
	s_add_u32 s24, s24, src_scc                                 ; 8018fd18
	s_sub_i32 s28, s11, s12                                     ; 819c0c0b
	s_cmp_ge_u32 s11, s12                                       ; bf090c0b
	s_cselect_b32 s28, s28, s11                                 ; 851c0b1c
	s_cmp_ge_u32 s28, s12                                       ; bf090c1c
	s_add_u32 s24, s24, src_scc                                 ; 8018fd18
	s_add_u32 s18, s18, s24                                     ; 80121812
	s_branch BB4                                                ; bf820001
BB3:
	s_mov_b32 s18, 0                                            ; be920080
BB4:
	s_lshr_b32 s5, s5, 5                                        ; 8f058505
	v_lshlrev_b32_e32 v0, 3, v0                                 ; 24000083
	s_and_b32 s0, s3, 0xfffffe00                                ; 8600ff03 fffffe00
	s_lshr_b32 s1, s3, 9                                        ; 8f018903
	v_mov_b32_e32 v4, 0                                         ; 7e080280
	v_mov_b32_e32 v5, 0                                         ; 7e0a0280
	v_mov_b32_e32 v6, 0                                         ; 7e0c0280
	s_mul_i32 s18, s18, s5                                      ; 92120512
	v_add_u32_e32 v1, s0, v0                                    ; 68020000
	s_mov_b32 s0, 0                                             ; be800080
	v_cmp_gt_u32_e32 vcc, s3, v1                                ; 7d980203
	v_mov_b32_e32 v1, 0                                         ; 7e020280
	v_cndmask_b32_e64 v2, 0, 1, vcc                             ; d1000002 01a90280
	v_add_u32_e32 v2, s1, v2                                    ; 68040401
	v_and_b32_e32 v3, -4, v2                                    ; 260604c4
	s_branch BB5                                                ; bf82032d
BB10:
	s_mov_b64 exec, s[4:5]                                      ; befe0104
	s_mov_b32 s4, s2                                            ; be840002
	s_movk_i32 s5, 0x8000                                       ; b0058000
	s_load_dwordx8 s[24:31], s[4:5], 0x0                        ; c00e0602 00000000
	s_lshl_b32 s1, s0, 9                                        ; 8e018900
	s_mul_i32 s4, s6, s17                                       ; 92041106
	v_add_u32_e32 v7, s1, v0                                    ; 680e0001
	v_and_b32_e32 v8, 31, v7                                    ; 26100e9f
	v_sub_u32_e32 v9, v7, v8                                    ; 6a121107
	v_add3_u32 v9, v8, s4, v9                                   ; d1ff0009 04240908
	v_lshrrev_b32_e32 v9, 2, v9                                 ; 20121282
	v_lshlrev_b32_e32 v9, 4, v9                                 ; 24121284
	s_waitcnt lgkmcnt(0)                                        ; bf8cc07f
	buffer_load_dwordx4 v[12:15], v9, s[28:31], 0 offen         ; e05c1000 80070c09
	buffer_load_dwordx4 v[16:19], v9, s[28:31], 0 offen offset:16 ; e05c1010 80071009
	s_mul_i32 s5, s16, s3                                       ; 92050310
	s_add_u32 s9, s5, s3                                        ; 80090305
	v_add_u32_e32 v10, s5, v7                                   ; 68140e05
	v_add_u32_e32 v22, s9, v7                                   ; 682c0e09
	v_lshrrev_b32_e32 v10, 5, v10                               ; 20141485
	s_add_u32 s10, s9, s3                                       ; 800a0309
	v_lshrrev_b32_e32 v22, 5, v22                               ; 202c2c85
	v_add_u32_e32 v10, s18, v10                                 ; 68141412
	v_add_u32_e32 v26, s10, v7                                  ; 68340e0a
	v_add_u32_e32 v22, s18, v22                                 ; 682c2c12
	v_lshlrev_b32_e32 v11, 1, v10                               ; 24161481
	v_lshrrev_b32_e32 v26, 5, v26                               ; 20343485
	v_lshlrev_b32_e32 v23, 1, v22                               ; 242e2c81
	v_lshl_add_u32 v10, v10, 5, v11                             ; d1fd000a 042d0b0a
	v_add_u32_e32 v26, s18, v26                                 ; 68343412
	v_lshl_add_u32 v22, v22, 5, v23                             ; d1fd0016 045d0b16
	v_add_u32_e32 v20, 2, v10                                   ; 68281482
	v_lshlrev_b32_e32 v27, 1, v26                               ; 24363481
	v_add_u32_e32 v24, 2, v22                                   ; 68302c82
	v_add_u32_e32 v21, v20, v8                                  ; 682a1114
	v_and_b32_e32 v20, -4, v20                                  ; 262828c4
	v_lshl_add_u32 v26, v26, 5, v27                             ; d1fd001a 046d0b1a
	v_add_u32_e32 v25, v24, v8                                  ; 68321118
	v_and_b32_e32 v24, -4, v24                                  ; 263030c4
	v_add_u32_e32 v20, v20, v8                                  ; 68281114
	v_add_u32_e32 v28, 2, v26                                   ; 68383482
	v_add_u32_e32 v24, v24, v8                                  ; 68301118
	v_add_u32_e32 v29, v28, v8                                  ; 683a111c
	v_and_b32_e32 v28, -4, v28                                  ; 263838c4
	v_add_u32_e32 v28, v28, v8                                  ; 6838111c
	buffer_load_dwordx3 v[30:32], v20, s[24:27], 0 offen        ; e0581000 80061e14
	buffer_load_short_d16 v33, v10, s[24:27], 0 offen           ; e0901000 8006210a
	buffer_load_dwordx3 v[34:36], v24, s[24:27], 0 offen        ; e0581000 80062218
	buffer_load_short_d16 v37, v22, s[24:27], 0 offen           ; e0901000 80062516
	buffer_load_dwordx3 v[9:11], v28, s[24:27], 0 offen         ; e0581000 8006091c
	buffer_load_short_d16 v20, v26, s[24:27], 0 offen           ; e0901000 8006141a
	s_add_u32 s11, s10, s3                                      ; 800b030a
	v_add_u32_e32 v7, s11, v7                                   ; 680e0e0b
	v_lshrrev_b32_e32 v7, 5, v7                                 ; 200e0e85
	v_add_u32_e32 v7, s18, v7                                   ; 680e0e12
	v_lshlrev_b32_e32 v22, 1, v7                                ; 242c0e81
	v_lshl_add_u32 v7, v7, 5, v22                               ; d1fd0007 04590b07
	v_add_u32_e32 v23, 2, v7                                    ; 682e0e82
	v_add_u32_e32 v24, v23, v8                                  ; 68301117
	v_and_b32_e32 v23, -4, v23                                  ; 262e2ec4
	v_add_u32_e32 v23, v23, v8                                  ; 682e1117
	s_waitcnt vmcnt(5)                                          ; bf8c3f75
	v_alignbyte_b32 v30, v31, v30, v21                          ; d1cf001e 04563d1f
	v_alignbyte_b32 v32, v32, v31, v21                          ; d1cf0020 04563f20
	v_cvt_f32_i32_sdwa v31, sext(v32) dst_sel:DWORD dst_unused:UNUSED_PAD src0_sel:BYTE_3 ; 7e3e0af9 000b0620
	v_cvt_f32_i32_sdwa v38, sext(v32) dst_sel:DWORD dst_unused:UNUSED_PAD src0_sel:BYTE_2 ; 7e4c0af9 000a0620
	v_mul_f32_e32 v31, v19, v31                                 ; 0a3e3f13
	v_mac_f32_e32 v31, v18, v38                                 ; 2c3e4d12
	v_cvt_f32_i32_sdwa v38, sext(v32) dst_sel:DWORD dst_unused:UNUSED_PAD src0_sel:BYTE_1 ; 7e4c0af9 00090620
	v_mac_f32_e32 v31, v17, v38                                 ; 2c3e4d11
	buffer_load_dwordx3 v[21:23], v23, s[24:27], 0 offen        ; e0581000 80061517
	buffer_load_short_d16 v38, v7, s[24:27], 0 offen            ; e0901000 80062607
	v_cvt_f32_i32_sdwa v27, sext(v30) dst_sel:DWORD dst_unused:UNUSED_PAD src0_sel:BYTE_2 ; 7e360af9 000a061e
	v_cvt_f32_i32_sdwa v26, sext(v30) dst_sel:DWORD dst_unused:UNUSED_PAD src0_sel:BYTE_3 ; 7e340af9 000b061e
	v_cvt_f32_i32_sdwa v28, sext(v30) dst_sel:DWORD dst_unused:UNUSED_PAD src0_sel:BYTE_1 ; 7e380af9 0009061e
	v_cvt_f32_i32_sdwa v30, sext(v30) dst_sel:DWORD dst_unused:UNUSED_PAD src0_sel:BYTE_0 ; 7e3c0af9 0008061e
	v_cvt_f32_i32_sdwa v32, sext(v32) dst_sel:DWORD dst_unused:UNUSED_PAD src0_sel:BYTE_0 ; 7e400af9 00080620
	s_add_u32 s12, s1, 0x200                                    ; 800cff01 00000200
	s_waitcnt vmcnt(5)                                          ; bf8c3f75
	v_alignbyte_b32 v34, v35, v34, v25                          ; d1cf0022 04664523
	v_alignbyte_b32 v36, v36, v35, v25                          ; d1cf0024 04664724
	v_mac_f32_e32 v31, v16, v32                                 ; 2c3e4110
	v_cvt_f32_i32_sdwa v32, sext(v34) dst_sel:DWORD dst_unused:UNUSED_PAD src0_sel:BYTE_2 ; 7e400af9 000a0622
	v_mac_f32_e32 v31, v14, v27                                 ; 2c3e370e
	v_cvt_f32_i32_sdwa v35, sext(v36) dst_sel:DWORD dst_unused:UNUSED_PAD src0_sel:BYTE_3 ; 7e460af9 000b0624
	v_cvt_f32_i32_sdwa v7, sext(v36) dst_sel:DWORD dst_unused:UNUSED_PAD src0_sel:BYTE_2 ; 7e0e0af9 000a0624
	v_mac_f32_e32 v31, v15, v26                                 ; 2c3e350f
	v_add_u32_e32 v26, s12, v0                                  ; 6834000c
	v_mul_f32_e32 v35, v19, v35                                 ; 0a464713
	v_cvt_f32_i32_sdwa v8, sext(v36) dst_sel:DWORD dst_unused:UNUSED_PAD src0_sel:BYTE_1 ; 7e100af9 00090624
	v_mac_f32_e32 v31, v13, v28                                 ; 2c3e390d
	v_cvt_f32_i32_sdwa v36, sext(v36) dst_sel:DWORD dst_unused:UNUSED_PAD src0_sel:BYTE_0 ; 7e480af9 00080624
	v_and_b32_e32 v27, 31, v26                                  ; 2636349f
	v_mac_f32_e32 v35, v18, v7                                  ; 2c460f12
	v_mov_b32_e32 v25, v5                                       ; 7e320305
	v_mac_f32_e32 v31, v12, v30                                 ; 2c3e3d0c
	v_cvt_f32_f16_e32 v30, v33                                  ; 7e3c1721
	v_sub_u32_e32 v28, v26, v27                                 ; 6a38371a
	v_mac_f32_e32 v35, v17, v8                                  ; 2c461111
	v_mac_f32_e32 v1, v31, v30                                  ; 2c023d1f
	v_mov_b32_e32 v30, v6                                       ; 7e3c0306
	v_add3_u32 v28, v27, s4, v28                                ; d1ff001c 0470091b
	v_lshrrev_b32_e32 v28, 2, v28                               ; 20383882
	v_lshlrev_b32_e32 v28, 4, v28                               ; 24383884
	buffer_load_dwordx4 v[5:8], v28, s[28:31], 0 offen          ; e05c1000 8007051c
	v_cvt_f32_i32_sdwa v31, sext(v34) dst_sel:DWORD dst_unused:UNUSED_PAD src0_sel:BYTE_3 ; 7e3e0af9 000b0622
	v_cvt_f32_i32_sdwa v33, sext(v34) dst_sel:DWORD dst_unused:UNUSED_PAD src0_sel:BYTE_1 ; 7e420af9 00090622
	v_cvt_f32_i32_sdwa v34, sext(v34) dst_sel:DWORD dst_unused:UNUSED_PAD src0_sel:BYTE_0 ; 7e440af9 00080622
	v_mac_f32_e32 v35, v16, v36                                 ; 2c464910
	s_waitcnt vmcnt(4)                                          ; bf8c3f74
	v_alignbyte_b32 v9, v10, v9, v29                            ; d1cf0009 0476130a
	v_alignbyte_b32 v11, v11, v10, v29                          ; d1cf000b 0476150b
	v_mac_f32_e32 v35, v14, v32                                 ; 2c46410e
	v_cvt_f32_i32_sdwa v32, sext(v9) dst_sel:DWORD dst_unused:UNUSED_PAD src0_sel:BYTE_3 ; 7e400af9 000b0609
	v_cvt_f32_i32_sdwa v36, sext(v11) dst_sel:DWORD dst_unused:UNUSED_PAD src0_sel:BYTE_2 ; 7e480af9 000a060b
	v_mov_b32_e32 v10, v30                                      ; 7e14031e
	v_mac_f32_e32 v35, v15, v31                                 ; 2c463f0f
	v_cvt_f32_f16_e32 v31, v37                                  ; 7e3e1725
	v_mac_f32_e32 v35, v13, v33                                 ; 2c46430d
	v_mac_f32_e32 v35, v12, v34                                 ; 2c46450c
	v_mac_f32_e32 v4, v35, v31                                  ; 2c083f23
	buffer_load_dwordx4 v[28:31], v28, s[28:31], 0 offen offset:16 ; e05c1010 80071c1c
	v_cvt_f32_i32_sdwa v34, sext(v9) dst_sel:DWORD dst_unused:UNUSED_PAD src0_sel:BYTE_1 ; 7e440af9 00090609
	v_cvt_f32_i32_sdwa v33, sext(v9) dst_sel:DWORD dst_unused:UNUSED_PAD src0_sel:BYTE_2 ; 7e420af9 000a0609
	v_cvt_f32_i32_sdwa v9, sext(v9) dst_sel:DWORD dst_unused:UNUSED_PAD src0_sel:BYTE_0 ; 7e120af9 00080609
	v_cvt_f32_i32_sdwa v35, sext(v11) dst_sel:DWORD dst_unused:UNUSED_PAD src0_sel:BYTE_3 ; 7e460af9 000b060b
	v_cvt_f32_i32_sdwa v37, sext(v11) dst_sel:DWORD dst_unused:UNUSED_PAD src0_sel:BYTE_1 ; 7e4a0af9 0009060b
	v_cvt_f32_i32_sdwa v11, sext(v11) dst_sel:DWORD dst_unused:UNUSED_PAD src0_sel:BYTE_0 ; 7e160af9 0008060b
	v_mul_f32_e32 v35, v19, v35                                 ; 0a464713
	v_mac_f32_e32 v35, v18, v36                                 ; 2c464912
	v_mac_f32_e32 v35, v17, v37                                 ; 2c464b11
	v_mac_f32_e32 v35, v16, v11                                 ; 2c461710
	v_add_u32_e32 v11, s5, v26                                  ; 68163405
	v_mac_f32_e32 v35, v14, v33                                 ; 2c46430e
	v_lshrrev_b32_e32 v11, 5, v11                               ; 20161685
	v_mac_f32_e32 v35, v15, v32                                 ; 2c46410f
	v_add_u32_e32 v11, s18, v11                                 ; 68161612
	v_mac_f32_e32 v35, v13, v34                                 ; 2c46450d
	v_lshlrev_b32_e32 v32, 1, v11                               ; 24401681
	v_mac_f32_e32 v35, v12, v9                                  ; 2c46130c
	v_lshl_add_u32 v11, v11, 5, v32                             ; d1fd000b 04810b0b
	v_add_u32_e32 v33, 2, v11                                   ; 68421682
	v_add_u32_e32 v34, v33, v27                                 ; 68443721
	v_and_b32_e32 v33, -4, v33                                  ; 264242c4
	v_mov_b32_e32 v9, v34                                       ; 7e120322
	v_add_u32_e32 v33, v33, v27                                 ; 68423721
	buffer_load_dwordx3 v[32:34], v33, s[24:27], 0 offen        ; e0581000 80062021
	buffer_load_short_d16 v11, v11, s[24:27], 0 offen           ; e0901000 80060b0b
	s_waitcnt vmcnt(6)                                          ; bf8c3f76
	v_cvt_f32_f16_e32 v20, v20                                  ; 7e281714
	s_waitcnt vmcnt(5)                                          ; bf8c3f75
	v_alignbyte_b32 v23, v23, v22, v24                          ; d1cf0017 04622d17
	v_alignbyte_b32 v21, v22, v21, v24                          ; d1cf0015 04622b16
	v_mac_f32_e32 v25, v35, v20                                 ; 2c322923
	v_add_u32_e32 v20, s9, v26                                  ; 68283409
	v_cvt_f32_i32_sdwa v36, sext(v23) dst_sel:DWORD dst_unused:UNUSED_PAD src0_sel:BYTE_3 ; 7e480af9 000b0617
	v_cvt_f32_i32_sdwa v37, sext(v23) dst_sel:DWORD dst_unused:UNUSED_PAD src0_sel:BYTE_2 ; 7e4a0af9 000a0617
	v_cvt_f32_i32_sdwa v22, sext(v21) dst_sel:DWORD dst_unused:UNUSED_PAD src0_sel:BYTE_3 ; 7e2c0af9 000b0615
	v_cvt_f32_i32_sdwa v24, sext(v21) dst_sel:DWORD dst_unused:UNUSED_PAD src0_sel:BYTE_2 ; 7e300af9 000a0615
	v_cvt_f32_i32_sdwa v35, sext(v21) dst_sel:DWORD dst_unused:UNUSED_PAD src0_sel:BYTE_1 ; 7e460af9 00090615
	v_cvt_f32_i32_sdwa v21, sext(v21) dst_sel:DWORD dst_unused:UNUSED_PAD src0_sel:BYTE_0 ; 7e2a0af9 00080615
	v_lshrrev_b32_e32 v20, 5, v20                               ; 20282885
	v_mul_f32_e32 v19, v19, v36                                 ; 0a264913
	v_add_u32_e32 v20, s18, v20                                 ; 68282812
	v_mac_f32_e32 v19, v18, v37                                 ; 2c264b12
	v_cvt_f32_i32_sdwa v18, sext(v23) dst_sel:DWORD dst_unused:UNUSED_PAD src0_sel:BYTE_1 ; 7e240af9 00090617
	v_cvt_f32_i32_sdwa v23, sext(v23) dst_sel:DWORD dst_unused:UNUSED_PAD src0_sel:BYTE_0 ; 7e2e0af9 00080617
	v_mac_f32_e32 v19, v17, v18                                 ; 2c262511
	v_mac_f32_e32 v19, v16, v23                                 ; 2c262f10
	v_lshlrev_b32_e32 v23, 1, v20                               ; 242e2881
	v_lshl_add_u32 v20, v20, 5, v23                             ; d1fd0014 045d0b14
	v_add_u32_e32 v36, 2, v20                                   ; 68482882
	v_add_u32_e32 v37, v36, v27                                 ; 684a3724
	v_and_b32_e32 v36, -4, v36                                  ; 264848c4
	v_mac_f32_e32 v19, v14, v24                                 ; 2c26310e
	v_add_u32_e32 v36, v36, v27                                 ; 68483724
	v_mac_f32_e32 v19, v15, v22                                 ; 2c262d0f
	v_add_u32_e32 v22, s10, v26                                 ; 682c340a
	v_mac_f32_e32 v19, v13, v35                                 ; 2c26470d
	v_lshrrev_b32_e32 v22, 5, v22                               ; 202c2c85
	v_add_u32_e32 v22, s18, v22                                 ; 682c2c12
	v_lshlrev_b32_e32 v23, 1, v22                               ; 242e2c81
	v_lshl_add_u32 v22, v22, 5, v23                             ; d1fd0016 045d0b16
	v_add_u32_e32 v24, 2, v22                                   ; 68302c82
	v_add_u32_e32 v35, v24, v27                                 ; 68463718
	v_and_b32_e32 v24, -4, v24                                  ; 263030c4
	v_add_u32_e32 v24, v24, v27                                 ; 68303718
	buffer_load_dwordx3 v[16:18], v36, s[24:27], 0 offen        ; e0581000 80061024
	buffer_load_short_d16 v20, v20, s[24:27], 0 offen           ; e0901000 80061414
	buffer_load_dwordx3 v[13:15], v24, s[24:27], 0 offen        ; e0581000 80060d18
	buffer_load_short_d16 v22, v22, s[24:27], 0 offen           ; e0901000 80061616
	v_add_u32_e32 v26, s11, v26                                 ; 6834340b
	v_mac_f32_e32 v19, v12, v21                                 ; 2c262b0c
	s_waitcnt vmcnt(8)                                          ; bf8c3f78
	v_cvt_f32_f16_e32 v38, v38                                  ; 7e4c1726
	v_lshrrev_b32_e32 v26, 5, v26                               ; 20343485
	v_mac_f32_e32 v10, v19, v38                                 ; 2c144d13
	v_add_u32_e32 v26, s18, v26                                 ; 68343412
	v_lshlrev_b32_e32 v23, 1, v26                               ; 242e3481
	v_lshl_add_u32 v26, v26, 5, v23                             ; d1fd001a 045d0b1a
	v_add_u32_e32 v24, 2, v26                                   ; 68303482
	v_add_u32_e32 v36, v24, v27                                 ; 68483718
	v_and_b32_e32 v24, -4, v24                                  ; 263030c4
	v_add_u32_e32 v24, v24, v27                                 ; 68303718
	s_waitcnt vmcnt(5)                                          ; bf8c3f75
	v_alignbyte_b32 v34, v34, v33, v9                           ; d1cf0022 04264322
	v_cvt_f32_i32_sdwa v19, sext(v34) dst_sel:DWORD dst_unused:UNUSED_PAD src0_sel:BYTE_3 ; 7e260af9 000b0622
	v_cvt_f32_i32_sdwa v23, sext(v34) dst_sel:DWORD dst_unused:UNUSED_PAD src0_sel:BYTE_1 ; 7e2e0af9 00090622
	v_cvt_f32_i32_sdwa v21, sext(v34) dst_sel:DWORD dst_unused:UNUSED_PAD src0_sel:BYTE_2 ; 7e2a0af9 000a0622
	v_mul_f32_e32 v19, v31, v19                                 ; 0a26271f
	v_mac_f32_e32 v19, v30, v21                                 ; 2c262b1e
	v_mac_f32_e32 v19, v29, v23                                 ; 2c262f1d
	s_waitcnt vmcnt(0)                                          ; bf8c3f70
	v_mov_b32_sdwa v11, v22 dst_sel:WORD_1 dst_unused:UNUSED_PRESERVE src0_sel:WORD_0 ; 7e1602f9 00041516
	buffer_load_dwordx3 v[21:23], v24, s[24:27], 0 offen        ; e0581000 80061518
	buffer_load_short_d16 v24, v26, s[24:27], 0 offen           ; e0901000 8006181a
	v_alignbyte_b32 v32, v33, v32, v9                           ; d1cf0020 04264121
	v_cvt_f32_i32_sdwa v34, sext(v34) dst_sel:DWORD dst_unused:UNUSED_PAD src0_sel:BYTE_0 ; 7e440af9 00080622
	s_add_u32 s13, 0x400, s1                                    ; 800d01ff 00000400
	v_cvt_f32_i32_sdwa v38, sext(v32) dst_sel:DWORD dst_unused:UNUSED_PAD src0_sel:BYTE_3 ; 7e4c0af9 000b0620
	v_cvt_f32_i32_sdwa v9, sext(v32) dst_sel:DWORD dst_unused:UNUSED_PAD src0_sel:BYTE_2 ; 7e120af9 000a0620
	v_cvt_f32_i32_sdwa v12, sext(v32) dst_sel:DWORD dst_unused:UNUSED_PAD src0_sel:BYTE_1 ; 7e180af9 00090620
	v_cvt_f32_i32_sdwa v32, sext(v32) dst_sel:DWORD dst_unused:UNUSED_PAD src0_sel:BYTE_0 ; 7e400af9 00080620
	v_mac_f32_e32 v19, v28, v34                                 ; 2c26451c
	v_cvt_f32_f16_e32 v33, v11                                  ; 7e42170b
	v_add_u32_e32 v26, s13, v0                                  ; 6834000d
	v_alignbyte_b32 v16, v17, v16, v37                          ; d1cf0010 04962111
	v_alignbyte_b32 v18, v18, v17, v37                          ; d1cf0012 04962312
	v_mac_f32_e32 v19, v7, v9                                   ; 2c261307
	v_and_b32_e32 v27, 31, v26                                  ; 2636349f
	v_cvt_f32_i32_sdwa v37, sext(v16) dst_sel:DWORD dst_unused:UNUSED_PAD src0_sel:BYTE_2 ; 7e4a0af9 000a0610
	v_cvt_f32_i32_sdwa v34, sext(v16) dst_sel:DWORD dst_unused:UNUSED_PAD src0_sel:BYTE_3 ; 7e440af9 000b0610
	v_cvt_f32_i32_sdwa v9, sext(v18) dst_sel:DWORD dst_unused:UNUSED_PAD src0_sel:BYTE_3 ; 7e120af9 000b0612
	v_mac_f32_e32 v19, v8, v38                                  ; 2c264d08
	v_cvt_f32_i32_sdwa v38, sext(v16) dst_sel:DWORD dst_unused:UNUSED_PAD src0_sel:BYTE_1 ; 7e4c0af9 00090610
	v_cvt_f32_i32_sdwa v16, sext(v16) dst_sel:DWORD dst_unused:UNUSED_PAD src0_sel:BYTE_0 ; 7e200af9 00080610
	v_cvt_f32_i32_sdwa v17, sext(v18) dst_sel:DWORD dst_unused:UNUSED_PAD src0_sel:BYTE_1 ; 7e220af9 00090612
	v_mul_f32_e32 v9, v31, v9                                   ; 0a12131f
	v_mac_f32_e32 v19, v6, v12                                  ; 2c261906
	v_cvt_f32_i32_sdwa v12, sext(v18) dst_sel:DWORD dst_unused:UNUSED_PAD src0_sel:BYTE_2 ; 7e180af9 000a0612
	v_cvt_f32_i32_sdwa v18, sext(v18) dst_sel:DWORD dst_unused:UNUSED_PAD src0_sel:BYTE_0 ; 7e240af9 00080612
	v_mac_f32_e32 v19, v5, v32                                  ; 2c264105
	v_sub_u32_e32 v32, v26, v27                                 ; 6a40371a
	v_mac_f32_e32 v9, v30, v12                                  ; 2c12191e
	v_mov_b32_e32 v12, v16                                      ; 7e180310
	v_mac_f32_e32 v1, v19, v33                                  ; 2c024313
	v_add3_u32 v32, v27, s4, v32                                ; d1ff0020 0480091b
	v_mac_f32_e32 v9, v29, v17                                  ; 2c12231d
	v_lshrrev_b32_e32 v32, 2, v32                               ; 20404082
	v_mac_f32_e32 v9, v28, v18                                  ; 2c12251c
	v_lshlrev_b32_e32 v32, 4, v32                               ; 24404084
	buffer_load_dwordx4 v[16:19], v32, s[28:31], 0 offen        ; e05c1000 80071020
	v_cvt_f32_f16_e32 v20, v20                                  ; 7e281714
	v_alignbyte_b32 v13, v14, v13, v35                          ; d1cf000d 048e1b0e
	v_alignbyte_b32 v15, v15, v14, v35                          ; d1cf000f 048e1d0f
	v_mac_f32_e32 v9, v7, v37                                   ; 2c124b07
	v_cvt_f32_i32_sdwa v35, sext(v13) dst_sel:DWORD dst_unused:UNUSED_PAD src0_sel:BYTE_1 ; 7e460af9 0009060d
	v_cvt_f32_i32_sdwa v33, sext(v13) dst_sel:DWORD dst_unused:UNUSED_PAD src0_sel:BYTE_3 ; 7e420af9 000b060d
	v_cvt_f32_i32_sdwa v37, sext(v15) dst_sel:DWORD dst_unused:UNUSED_PAD src0_sel:BYTE_3 ; 7e4a0af9 000b060f
	v_mac_f32_e32 v9, v8, v34                                   ; 2c124508
	v_cvt_f32_i32_sdwa v34, sext(v13) dst_sel:DWORD dst_unused:UNUSED_PAD src0_sel:BYTE_2 ; 7e440af9 000a060d
	v_cvt_f32_i32_sdwa v13, sext(v13) dst_sel:DWORD dst_unused:UNUSED_PAD src0_sel:BYTE_0 ; 7e1a0af9 0008060d
	v_mul_f32_e32 v37, v31, v37                                 ; 0a4a4b1f
	v_mac_f32_e32 v9, v6, v38                                   ; 2c124d06
	v_cvt_f32_i32_sdwa v38, sext(v15) dst_sel:DWORD dst_unused:UNUSED_PAD src0_sel:BYTE_2 ; 7e4c0af9 000a060f
	v_mac_f32_e32 v9, v5, v12                                   ; 2c121905
	v_mac_f32_e32 v37, v30, v38                                 ; 2c4a4d1e
	v_cvt_f32_i32_sdwa v38, sext(v15) dst_sel:DWORD dst_unused:UNUSED_PAD src0_sel:BYTE_1 ; 7e4c0af9 0009060f
	v_mac_f32_e32 v4, v9, v20                                   ; 2c082909
	v_mov_b32_e32 v20, v15                                      ; 7e28030f
	v_mov_b32_e32 v9, v13                                       ; 7e12030d
	buffer_load_dwordx4 v[12:15], v32, s[28:31], 0 offen offset:16 ; e05c1010 80070c20
	v_add_u32_e32 v32, s5, v26                                  ; 68403405
	v_mac_f32_e32 v37, v29, v38                                 ; 2c4a4d1d
	v_cvt_f32_i32_sdwa v20, sext(v20) dst_sel:DWORD dst_unused:UNUSED_PAD src0_sel:BYTE_0 ; 7e280af9 00080614
	v_lshrrev_b32_e32 v32, 5, v32                               ; 20404085
	v_mac_f32_e32 v37, v28, v20                                 ; 2c4a291c
	v_add_u32_e32 v32, s18, v32                                 ; 68404012
	v_mac_f32_e32 v37, v7, v34                                  ; 2c4a4507
	v_mac_f32_e32 v37, v8, v33                                  ; 2c4a4308
	v_lshlrev_b32_e32 v33, 1, v32                               ; 24424081
	v_mac_f32_e32 v37, v6, v35                                  ; 2c4a4706
	v_lshl_add_u32 v32, v32, 5, v33                             ; d1fd0020 04850b20
	v_mac_f32_e32 v37, v5, v9                                   ; 2c4a1305
	v_add_u32_e32 v34, 2, v32                                   ; 68444082
	v_mov_b32_e32 v9, v32                                       ; 7e120320
	v_add_u32_e32 v35, v34, v27                                 ; 68463722
	v_and_b32_e32 v34, -4, v34                                  ; 264444c4
	v_add_u32_e32 v34, v34, v27                                 ; 68443722
	buffer_load_dwordx3 v[32:34], v34, s[24:27], 0 offen        ; e0581000 80062022
	buffer_load_short_d16 v20, v9, s[24:27], 0 offen            ; e0901000 80061409
	v_cvt_f32_f16_sdwa v38, v11 dst_sel:DWORD dst_unused:UNUSED_PAD src0_sel:WORD_1 ; 7e4c16f9 0005060b
	s_waitcnt vmcnt(5)                                          ; bf8c3f75
	v_alignbyte_b32 v21, v22, v21, v36                          ; d1cf0015 04922b16
	v_alignbyte_b32 v23, v23, v22, v36                          ; d1cf0017 04922d17
	v_mac_f32_e32 v25, v37, v38                                 ; 2c324d25
	v_cvt_f32_i32_sdwa v22, sext(v21) dst_sel:DWORD dst_unused:UNUSED_PAD src0_sel:BYTE_3 ; 7e2c0af9 000b0615
	v_cvt_f32_i32_sdwa v36, sext(v21) dst_sel:DWORD dst_unused:UNUSED_PAD src0_sel:BYTE_2 ; 7e480af9 000a0615
	v_cvt_f32_i32_sdwa v37, sext(v21) dst_sel:DWORD dst_unused:UNUSED_PAD src0_sel:BYTE_1 ; 7e4a0af9 00090615
	v_cvt_f32_i32_sdwa v21, sext(v21) dst_sel:DWORD dst_unused:UNUSED_PAD src0_sel:BYTE_0 ; 7e2a0af9 00080615
	v_cvt_f32_i32_sdwa v38, sext(v23) dst_sel:DWORD dst_unused:UNUSED_PAD src0_sel:BYTE_3 ; 7e4c0af9 000b0617
	v_mul_f32_e32 v31, v31, v38                                 ; 0a3e4d1f
	v_cvt_f32_i32_sdwa v38, sext(v23) dst_sel:DWORD dst_unused:UNUSED_PAD src0_sel:BYTE_2 ; 7e4c0af9 000a0617
	v_mac_f32_e32 v31, v30, v38                                 ; 2c3e4d1e
	v_cvt_f32_i32_sdwa v38, sext(v23) dst_sel:DWORD dst_unused:UNUSED_PAD src0_sel:BYTE_1 ; 7e4c0af9 00090617
	v_cvt_f32_i32_sdwa v23, sext(v23) dst_sel:DWORD dst_unused:UNUSED_PAD src0_sel:BYTE_0 ; 7e2e0af9 00080617
	v_mac_f32_e32 v31, v29, v38                                 ; 2c3e4d1d
	v_add_u32_e32 v38, s9, v26                                  ; 684c3409
	v_mac_f32_e32 v31, v28, v23                                 ; 2c3e2f1c
	v_lshrrev_b32_e32 v38, 5, v38                               ; 204c4c85
	v_add_u32_e32 v38, s18, v38                                 ; 684c4c12
	v_lshlrev_b32_e32 v9, 1, v38                                ; 24124c81
	v_lshl_add_u32 v38, v38, 5, v9                              ; d1fd0026 04250b26
	v_add_u32_e32 v11, 2, v38                                   ; 68164c82
	v_add_u32_e32 v23, v11, v27                                 ; 682e370b
	v_and_b32_e32 v11, -4, v11                                  ; 261616c4
	v_add_u32_e32 v11, v11, v27                                 ; 6816370b
	v_mac_f32_e32 v31, v7, v36                                  ; 2c3e4907
	v_add_u32_e32 v36, s10, v26                                 ; 6848340a
	v_mac_f32_e32 v31, v8, v22                                  ; 2c3e2d08
	v_lshrrev_b32_e32 v36, 5, v36                               ; 20484885
	v_mac_f32_e32 v31, v6, v37                                  ; 2c3e4b06
	v_add_u32_e32 v36, s18, v36                                 ; 68484812
	v_lshlrev_b32_e32 v37, 1, v36                               ; 244a4881
	v_lshl_add_u32 v36, v36, 5, v37                             ; d1fd0024 04950b24
	v_add_u32_e32 v6, 2, v36                                    ; 680c4882
	v_add_u32_e32 v7, v6, v27                                   ; 680e3706
	v_and_b32_e32 v6, -4, v6                                    ; 260c0cc4
	v_mov_b32_e32 v9, v7                                        ; 7e120307
	v_add_u32_e32 v6, v6, v27                                   ; 680c3706
	buffer_load_dwordx3 v[28:30], v11, s[24:27], 0 offen        ; e0581000 80061c0b
	buffer_load_short_d16 v38, v38, s[24:27], 0 offen           ; e0901000 80062626
	buffer_load_dwordx3 v[6:8], v6, s[24:27], 0 offen           ; e0581000 80060606
	buffer_load_short_d16 v11, v36, s[24:27], 0 offen           ; e0901000 80060b24
	v_add_u32_e32 v26, s11, v26                                 ; 6834340b
	v_mac_f32_e32 v31, v5, v21                                  ; 2c3e2b05
	s_waitcnt vmcnt(8)                                          ; bf8c3f78
	v_cvt_f32_f16_e32 v37, v24                                  ; 7e4a1718
	v_lshrrev_b32_e32 v26, 5, v26                               ; 20343485
	v_mac_f32_e32 v10, v31, v37                                 ; 2c144b1f
	v_add_u32_e32 v26, s18, v26                                 ; 68343412
	v_lshlrev_b32_e32 v21, 1, v26                               ; 242a3481
	v_lshl_add_u32 v26, v26, 5, v21                             ; d1fd001a 04550b1a
	v_add_u32_e32 v22, 2, v26                                   ; 682c3482
	v_add_u32_e32 v36, v22, v27                                 ; 68483716
	v_and_b32_e32 v22, -4, v22                                  ; 262c2cc4
	v_add_u32_e32 v22, v22, v27                                 ; 682c3716
	s_waitcnt vmcnt(5)                                          ; bf8c3f75
	v_alignbyte_b32 v32, v33, v32, v35                          ; d1cf0020 048e4121
	v_alignbyte_b32 v34, v34, v33, v35                          ; d1cf0022 048e4322
	v_cvt_f32_i32_sdwa v21, sext(v32) dst_sel:DWORD dst_unused:UNUSED_PAD src0_sel:BYTE_2 ; 7e2a0af9 000a0620
	v_cvt_f32_i32_sdwa v24, sext(v32) dst_sel:DWORD dst_unused:UNUSED_PAD src0_sel:BYTE_1 ; 7e300af9 00090620
	v_cvt_f32_i32_sdwa v5, sext(v32) dst_sel:DWORD dst_unused:UNUSED_PAD src0_sel:BYTE_3 ; 7e0a0af9 000b0620
	v_cvt_f32_i32_sdwa v32, sext(v32) dst_sel:DWORD dst_unused:UNUSED_PAD src0_sel:BYTE_0 ; 7e400af9 00080620
	v_cvt_f32_i32_sdwa v27, sext(v34) dst_sel:DWORD dst_unused:UNUSED_PAD src0_sel:BYTE_3 ; 7e360af9 000b0622
	v_cvt_f32_i32_sdwa v33, sext(v34) dst_sel:DWORD dst_unused:UNUSED_PAD src0_sel:BYTE_1 ; 7e420af9 00090622
	v_cvt_f32_i32_sdwa v31, sext(v34) dst_sel:DWORD dst_unused:UNUSED_PAD src0_sel:BYTE_2 ; 7e3e0af9 000a0622
	v_mov_b32_e32 v35, v32                                      ; 7e460320
	v_mul_f32_e32 v27, v15, v27                                 ; 0a36370f
	v_mac_f32_e32 v27, v14, v31                                 ; 2c363f0e
	v_mac_f32_e32 v27, v13, v33                                 ; 2c36430d
	buffer_load_dwordx3 v[31:33], v22, s[24:27], 0 offen        ; e0581000 80061f16
	buffer_load_short_d16 v37, v26, s[24:27], 0 offen           ; e0901000 8006251a
	v_cvt_f32_i32_sdwa v34, sext(v34) dst_sel:DWORD dst_unused:UNUSED_PAD src0_sel:BYTE_0 ; 7e440af9 00080622
	s_addk_i32 s1, 0x600                                        ; b7010600
	v_mac_f32_e32 v27, v12, v34                                 ; 2c36450c
	v_mac_f32_e32 v27, v18, v21                                 ; 2c362b12
	v_mac_f32_e32 v27, v19, v5                                  ; 2c360b13
	v_add_u32_e32 v5, s1, v0                                    ; 680a0001
	v_mac_f32_e32 v27, v17, v24                                 ; 2c363111
	s_waitcnt vmcnt(6)                                          ; bf8c3f76
	v_cvt_f32_f16_e32 v24, v20                                  ; 7e301714
	v_and_b32_e32 v21, 31, v5                                   ; 262a0a9f
	v_mac_f32_e32 v27, v16, v35                                 ; 2c364710
	v_sub_u32_e32 v22, v5, v21                                  ; 6a2c2b05
	v_mac_f32_e32 v1, v27, v24                                  ; 2c02311b
	v_add3_u32 v22, v21, s4, v22                                ; d1ff0016 04580915
	v_lshrrev_b32_e32 v22, 2, v22                               ; 202c2c82
	v_lshlrev_b32_e32 v22, 4, v22                               ; 242c2c84
	v_mov_b32_e32 v24, v21                                      ; 7e300315
	s_waitcnt vmcnt(5)                                          ; bf8c3f75
	v_alignbyte_b32 v28, v29, v28, v23                          ; d1cf001c 045e391d
	v_alignbyte_b32 v30, v30, v29, v23                          ; d1cf001e 045e3b1e
	v_cvt_f32_i32_sdwa v27, sext(v28) dst_sel:DWORD dst_unused:UNUSED_PAD src0_sel:BYTE_2 ; 7e360af9 000a061c
	v_cvt_f32_i32_sdwa v34, sext(v30) dst_sel:DWORD dst_unused:UNUSED_PAD src0_sel:BYTE_3 ; 7e440af9 000b061e
	v_cvt_f32_i32_sdwa v35, sext(v30) dst_sel:DWORD dst_unused:UNUSED_PAD src0_sel:BYTE_2 ; 7e460af9 000a061e
	v_cvt_f32_i32_sdwa v20, sext(v30) dst_sel:DWORD dst_unused:UNUSED_PAD src0_sel:BYTE_1 ; 7e280af9 0009061e
	v_cvt_f32_i32_sdwa v30, sext(v30) dst_sel:DWORD dst_unused:UNUSED_PAD src0_sel:BYTE_0 ; 7e3c0af9 0008061e
	v_mul_f32_e32 v34, v15, v34                                 ; 0a44450f
	v_mac_f32_e32 v34, v14, v35                                 ; 2c44470e
	v_mac_f32_e32 v34, v13, v20                                 ; 2c44290d
	v_mac_f32_e32 v34, v12, v30                                 ; 2c443d0c
	v_mac_f32_e32 v34, v18, v27                                 ; 2c443712
	v_mov_b32_e32 v27, v22                                      ; 7e360316
	buffer_load_dwordx4 v[20:23], v22, s[28:31], 0 offen        ; e05c1000 80071416
	v_cvt_f32_i32_sdwa v26, sext(v28) dst_sel:DWORD dst_unused:UNUSED_PAD src0_sel:BYTE_3 ; 7e340af9 000b061c
	v_cvt_f32_i32_sdwa v29, sext(v28) dst_sel:DWORD dst_unused:UNUSED_PAD src0_sel:BYTE_1 ; 7e3a0af9 0009061c
	v_cvt_f32_i32_sdwa v28, sext(v28) dst_sel:DWORD dst_unused:UNUSED_PAD src0_sel:BYTE_0 ; 7e380af9 0008061c
	s_waitcnt vmcnt(4)                                          ; bf8c3f74
	v_alignbyte_b32 v6, v7, v6, v9                              ; d1cf0006 04260d07
	v_alignbyte_b32 v8, v8, v7, v9                              ; d1cf0008 04260f08
	v_mac_f32_e32 v34, v19, v26                                 ; 2c443513
	v_cvt_f32_i32_sdwa v30, sext(v6) dst_sel:DWORD dst_unused:UNUSED_PAD src0_sel:BYTE_2 ; 7e3c0af9 000a0606
	v_mov_b32_e32 v7, v25                                       ; 7e0e0319
	v_mac_f32_e32 v34, v17, v29                                 ; 2c443b11
	v_mac_f32_e32 v34, v16, v28                                 ; 2c443910
	v_cvt_f32_f16_e32 v28, v38                                  ; 7e381726
	v_mac_f32_e32 v4, v34, v28                                  ; 2c083922
	buffer_load_dwordx4 v[25:28], v27, s[28:31], 0 offen offset:16 ; e05c1010 8007191b
	v_cvt_f32_i32_sdwa v29, sext(v6) dst_sel:DWORD dst_unused:UNUSED_PAD src0_sel:BYTE_3 ; 7e3a0af9 000b0606
	v_cvt_f32_i32_sdwa v34, sext(v6) dst_sel:DWORD dst_unused:UNUSED_PAD src0_sel:BYTE_1 ; 7e440af9 00090606
	v_cvt_f32_i32_sdwa v6, sext(v6) dst_sel:DWORD dst_unused:UNUSED_PAD src0_sel:BYTE_0 ; 7e0c0af9 00080606
	v_cvt_f32_i32_sdwa v38, sext(v8) dst_sel:DWORD dst_unused:UNUSED_PAD src0_sel:BYTE_2 ; 7e4c0af9 000a0608
	v_cvt_f32_i32_sdwa v35, sext(v8) dst_sel:DWORD dst_unused:UNUSED_PAD src0_sel:BYTE_3 ; 7e460af9 000b0608
	v_mul_f32_e32 v35, v15, v35                                 ; 0a46470f
	v_mac_f32_e32 v35, v14, v38                                 ; 2c464d0e
	v_cvt_f32_i32_sdwa v38, sext(v8) dst_sel:DWORD dst_unused:UNUSED_PAD src0_sel:BYTE_1 ; 7e4c0af9 00090608
	v_cvt_f32_i32_sdwa v8, sext(v8) dst_sel:DWORD dst_unused:UNUSED_PAD src0_sel:BYTE_0 ; 7e100af9 00080608
	v_mac_f32_e32 v35, v13, v38                                 ; 2c464d0d
	v_mov_b32_e32 v38, v5                                       ; 7e4c0305
	v_mac_f32_e32 v35, v12, v8                                  ; 2c46110c
	v_add_u32_e32 v8, s5, v5                                    ; 68100a05
	v_mac_f32_e32 v35, v18, v30                                 ; 2c463d12
	v_lshrrev_b32_e32 v8, 5, v8                                 ; 20101085
	v_mac_f32_e32 v35, v19, v29                                 ; 2c463b13
	v_add_u32_e32 v8, s18, v8                                   ; 68101012
	v_mac_f32_e32 v35, v17, v34                                 ; 2c464511
	v_mov_b32_e32 v34, v4                                       ; 7e440304
	v_lshlrev_b32_e32 v9, 1, v8                                 ; 24121081
	v_mac_f32_e32 v35, v16, v6                                  ; 2c460d10
	v_lshl_add_u32 v8, v8, 5, v9                                ; d1fd0008 04250b08
	v_add_u32_e32 v29, 2, v8                                    ; 683a1082
	v_add_u32_e32 v30, v29, v24                                 ; 683c311d
	v_and_b32_e32 v29, -4, v29                                  ; 263a3ac4
	v_add_u32_e32 v29, v29, v24                                 ; 683a311d
	buffer_load_dwordx3 v[4:6], v29, s[24:27], 0 offen          ; e0581000 8006041d
	buffer_load_short_d16_hi v37, v8, s[24:27], 0 offen         ; e0941000 80062508
	s_waitcnt vmcnt(6)                                          ; bf8c3f76
	v_cvt_f32_f16_e32 v8, v11                                   ; 7e10170b
	s_waitcnt vmcnt(5)                                          ; bf8c3f75
	v_alignbyte_b32 v31, v32, v31, v36                          ; d1cf001f 04923f20
	v_alignbyte_b32 v33, v33, v32, v36                          ; d1cf0021 04924121
	v_mac_f32_e32 v7, v35, v8                                   ; 2c0e1123
	v_add_u32_e32 v8, s9, v38                                   ; 68104c09
	v_cvt_f32_i32_sdwa v29, sext(v31) dst_sel:DWORD dst_unused:UNUSED_PAD src0_sel:BYTE_1 ; 7e3a0af9 0009061f
	v_cvt_f32_i32_sdwa v11, sext(v31) dst_sel:DWORD dst_unused:UNUSED_PAD src0_sel:BYTE_2 ; 7e160af9 000a061f
	v_cvt_f32_i32_sdwa v9, sext(v31) dst_sel:DWORD dst_unused:UNUSED_PAD src0_sel:BYTE_3 ; 7e120af9 000b061f
	v_cvt_f32_i32_sdwa v31, sext(v31) dst_sel:DWORD dst_unused:UNUSED_PAD src0_sel:BYTE_0 ; 7e3e0af9 0008061f
	v_cvt_f32_i32_sdwa v35, sext(v33) dst_sel:DWORD dst_unused:UNUSED_PAD src0_sel:BYTE_2 ; 7e460af9 000a0621
	v_cvt_f32_i32_sdwa v32, sext(v33) dst_sel:DWORD dst_unused:UNUSED_PAD src0_sel:BYTE_3 ; 7e400af9 000b0621
	v_cvt_f32_i32_sdwa v36, sext(v33) dst_sel:DWORD dst_unused:UNUSED_PAD src0_sel:BYTE_1 ; 7e480af9 00090621
	v_cvt_f32_i32_sdwa v33, sext(v33) dst_sel:DWORD dst_unused:UNUSED_PAD src0_sel:BYTE_0 ; 7e420af9 00080621
	v_lshrrev_b32_e32 v8, 5, v8                                 ; 20101085
	v_mul_f32_e32 v15, v15, v32                                 ; 0a1e410f
	v_mov_b32_e32 v32, v11                                      ; 7e40030b
	v_add_u32_e32 v8, s18, v8                                   ; 68101012
	v_mac_f32_e32 v15, v14, v35                                 ; 2c1e470e
	v_mac_f32_e32 v15, v13, v36                                 ; 2c1e490d
	v_mac_f32_e32 v15, v12, v33                                 ; 2c1e430c
	v_lshlrev_b32_e32 v12, 1, v8                                ; 24181081
	v_lshl_add_u32 v8, v8, 5, v12                               ; d1fd0008 04310b08
	v_add_u32_e32 v13, 2, v8                                    ; 681a1082
	v_add_u32_e32 v14, v13, v24                                 ; 681c310d
	v_and_b32_e32 v13, -4, v13                                  ; 261a1ac4
	v_add_u32_e32 v13, v13, v24                                 ; 681a310d
	buffer_load_dwordx3 v[11:13], v13, s[24:27], 0 offen        ; e0581000 80060b0d
	buffer_load_short_d16 v33, v8, s[24:27], 0 offen            ; e0901000 80062108
	v_add_u32_e32 v35, s10, v38                                 ; 68464c0a
	v_mac_f32_e32 v15, v18, v32                                 ; 2c1e4112
	v_lshrrev_b32_e32 v35, 5, v35                               ; 20464685
	v_mac_f32_e32 v15, v19, v9                                  ; 2c1e1313
	v_add_u32_e32 v35, s18, v35                                 ; 68464612
	v_mac_f32_e32 v15, v17, v29                                 ; 2c1e3b11
	v_lshlrev_b32_e32 v36, 1, v35                               ; 24484681
	v_lshl_add_u32 v35, v35, 5, v36                             ; d1fd0023 04910b23
	v_add_u32_e32 v8, 2, v35                                    ; 68104682
	v_add_u32_e32 v9, v8, v24                                   ; 68123108
	v_and_b32_e32 v8, -4, v8                                    ; 261010c4
	v_add_u32_e32 v8, v8, v24                                   ; 68103108
	buffer_load_dwordx3 v[17:19], v8, s[24:27], 0 offen         ; e0581000 80061108
	buffer_load_short_d16 v29, v35, s[24:27], 0 offen           ; e0901000 80061d23
	v_add_u32_e32 v38, s11, v38                                 ; 684c4c0b
	v_mac_f32_e32 v15, v16, v31                                 ; 2c1e3f10
	v_lshrrev_b32_e32 v38, 5, v38                               ; 204c4c85
	v_add_u32_e32 v38, s18, v38                                 ; 684c4c12
	v_lshlrev_b32_e32 v31, 1, v38                               ; 243e4c81
	v_lshl_add_u32 v38, v38, 5, v31                             ; d1fd0026 047d0b26
	v_add_u32_e32 v32, 2, v38                                   ; 68404c82
	v_add_u32_e32 v35, v32, v24                                 ; 68463120
	v_and_b32_e32 v32, -4, v32                                  ; 264040c4
	v_add_u32_e32 v32, v32, v24                                 ; 68403120
	s_waitcnt vmcnt(5)                                          ; bf8c3f75
	v_alignbyte_b32 v4, v5, v4, v30                             ; d1cf0004 047a0905
	v_alignbyte_b32 v6, v6, v5, v30                             ; d1cf0006 047a0b06
	s_waitcnt vmcnt(4)                                          ; bf8c3f74
	v_cvt_f32_f16_e32 v36, v37                                  ; 7e481725
	v_cvt_f32_i32_sdwa v30, sext(v6) dst_sel:DWORD dst_unused:UNUSED_PAD src0_sel:BYTE_1 ; 7e3c0af9 00090606
	v_cvt_f32_i32_sdwa v24, sext(v6) dst_sel:DWORD dst_unused:UNUSED_PAD src0_sel:BYTE_2 ; 7e300af9 000a0606
	v_cvt_f32_i32_sdwa v16, sext(v6) dst_sel:DWORD dst_unused:UNUSED_PAD src0_sel:BYTE_3 ; 7e200af9 000b0606
	v_mac_f32_e32 v10, v15, v36                                 ; 2c14490f
	v_mul_f32_e32 v16, v28, v16                                 ; 0a20211c
	v_mac_f32_e32 v16, v27, v24                                 ; 2c20311b
	v_mac_f32_e32 v16, v26, v30                                 ; 2c203d1a
	buffer_load_dwordx3 v[30:32], v32, s[24:27], 0 offen        ; e0581000 80061e20
	buffer_load_short_d16 v36, v38, s[24:27], 0 offen           ; e0901000 80062426
	v_cvt_f32_i32_sdwa v5, sext(v4) dst_sel:DWORD dst_unused:UNUSED_PAD src0_sel:BYTE_3 ; 7e0a0af9 000b0604
	v_cvt_f32_i32_sdwa v15, sext(v4) dst_sel:DWORD dst_unused:UNUSED_PAD src0_sel:BYTE_1 ; 7e1e0af9 00090604
	v_cvt_f32_i32_sdwa v8, sext(v4) dst_sel:DWORD dst_unused:UNUSED_PAD src0_sel:BYTE_2 ; 7e100af9 000a0604
	v_cvt_f32_i32_sdwa v4, sext(v4) dst_sel:DWORD dst_unused:UNUSED_PAD src0_sel:BYTE_0 ; 7e080af9 00080604
	v_cvt_f32_i32_sdwa v6, sext(v6) dst_sel:DWORD dst_unused:UNUSED_PAD src0_sel:BYTE_0 ; 7e0c0af9 00080606
	s_add_u32 s0, 4, s0                                         ; 80000084
	v_cvt_f32_f16_sdwa v37, v37 dst_sel:DWORD dst_unused:UNUSED_PAD src0_sel:WORD_1 ; 7e4a16f9 00050625
	v_mac_f32_e32 v16, v25, v6                                  ; 2c200d19
	v_mac_f32_e32 v16, v22, v8                                  ; 2c201116
	v_mac_f32_e32 v16, v23, v5                                  ; 2c200b17
	v_mac_f32_e32 v16, v21, v15                                 ; 2c201f15
	v_mac_f32_e32 v16, v20, v4                                  ; 2c200914
	v_mac_f32_e32 v1, v16, v37                                  ; 2c024b10
	s_waitcnt vmcnt(5)                                          ; bf8c3f75
	v_alignbyte_b32 v11, v12, v11, v14                          ; d1cf000b 043a170c
	v_alignbyte_b32 v13, v13, v12, v14                          ; d1cf000d 043a190d
	v_cvt_f32_i32_sdwa v4, sext(v11) dst_sel:DWORD dst_unused:UNUSED_PAD src0_sel:BYTE_2 ; 7e080af9 000a060b
	v_cvt_f32_i32_sdwa v38, sext(v11) dst_sel:DWORD dst_unused:UNUSED_PAD src0_sel:BYTE_3 ; 7e4c0af9 000b060b
	v_cvt_f32_i32_sdwa v5, sext(v11) dst_sel:DWORD dst_unused:UNUSED_PAD src0_sel:BYTE_1 ; 7e0a0af9 0009060b
	v_cvt_f32_i32_sdwa v11, sext(v11) dst_sel:DWORD dst_unused:UNUSED_PAD src0_sel:BYTE_0 ; 7e160af9 0008060b
	v_cvt_f32_i32_sdwa v8, sext(v13) dst_sel:DWORD dst_unused:UNUSED_PAD src0_sel:BYTE_2 ; 7e100af9 000a060d
	v_cvt_f32_i32_sdwa v12, sext(v13) dst_sel:DWORD dst_unused:UNUSED_PAD src0_sel:BYTE_1 ; 7e180af9 0009060d
	v_cvt_f32_i32_sdwa v6, sext(v13) dst_sel:DWORD dst_unused:UNUSED_PAD src0_sel:BYTE_3 ; 7e0c0af9 000b060d
	v_cvt_f32_i32_sdwa v13, sext(v13) dst_sel:DWORD dst_unused:UNUSED_PAD src0_sel:BYTE_0 ; 7e1a0af9 0008060d
	v_mul_f32_e32 v6, v28, v6                                   ; 0a0c0d1c
	v_mac_f32_e32 v6, v27, v8                                   ; 2c0c111b
	v_mac_f32_e32 v6, v26, v12                                  ; 2c0c191a
	v_mac_f32_e32 v6, v25, v13                                  ; 2c0c1b19
	s_waitcnt vmcnt(4)                                          ; bf8c3f74
	v_cvt_f32_f16_e32 v13, v33                                  ; 7e1a1721
	v_mac_f32_e32 v6, v22, v4                                   ; 2c0c0916
	s_waitcnt vmcnt(3)                                          ; bf8c3f73
	v_alignbyte_b32 v17, v18, v17, v9                           ; d1cf0011 04262312
	v_alignbyte_b32 v19, v19, v18, v9                           ; d1cf0013 04262513
	v_mac_f32_e32 v6, v23, v38                                  ; 2c0c4d17
	v_cvt_f32_i32_sdwa v14, sext(v17) dst_sel:DWORD dst_unused:UNUSED_PAD src0_sel:BYTE_3 ; 7e1c0af9 000b0611
	v_cvt_f32_i32_sdwa v15, sext(v17) dst_sel:DWORD dst_unused:UNUSED_PAD src0_sel:BYTE_2 ; 7e1e0af9 000a0611
	v_cvt_f32_i32_sdwa v16, sext(v17) dst_sel:DWORD dst_unused:UNUSED_PAD src0_sel:BYTE_1 ; 7e200af9 00090611
	v_cvt_f32_i32_sdwa v17, sext(v17) dst_sel:DWORD dst_unused:UNUSED_PAD src0_sel:BYTE_0 ; 7e220af9 00080611
	v_cvt_f32_i32_sdwa v24, sext(v19) dst_sel:DWORD dst_unused:UNUSED_PAD src0_sel:BYTE_2 ; 7e300af9 000a0613
	v_cvt_f32_i32_sdwa v18, sext(v19) dst_sel:DWORD dst_unused:UNUSED_PAD src0_sel:BYTE_3 ; 7e240af9 000b0613
	v_cvt_f32_i32_sdwa v33, sext(v19) dst_sel:DWORD dst_unused:UNUSED_PAD src0_sel:BYTE_1 ; 7e420af9 00090613
	v_cvt_f32_i32_sdwa v19, sext(v19) dst_sel:DWORD dst_unused:UNUSED_PAD src0_sel:BYTE_0 ; 7e260af9 00080613
	v_mac_f32_e32 v6, v21, v5                                   ; 2c0c0b15
	v_mul_f32_e32 v18, v28, v18                                 ; 0a24251c
	v_mac_f32_e32 v6, v20, v11                                  ; 2c0c1714
	v_mac_f32_e32 v18, v27, v24                                 ; 2c24311b
	v_mad_f32 v4, v6, v13, v34                                  ; d1c10004 048a1b06
	s_waitcnt vmcnt(2)                                          ; bf8c3f72
	v_cvt_f32_f16_e32 v34, v29                                  ; 7e44171d
	v_mac_f32_e32 v18, v26, v33                                 ; 2c24431a
	v_mac_f32_e32 v18, v25, v19                                 ; 2c242719
	v_mac_f32_e32 v18, v22, v15                                 ; 2c241f16
	v_mac_f32_e32 v18, v23, v14                                 ; 2c241d17
	v_mac_f32_e32 v18, v21, v16                                 ; 2c242115
	v_mac_f32_e32 v18, v20, v17                                 ; 2c242314
	v_mad_f32 v5, v18, v34, v7                                  ; d1c10005 041e4512
	s_waitcnt vmcnt(1)                                          ; bf8c3f71
	v_alignbyte_b32 v30, v31, v30, v35                          ; d1cf001e 048e3d1f
	v_alignbyte_b32 v32, v32, v31, v35                          ; d1cf0020 048e3f20
	v_cvt_f32_i32_sdwa v37, sext(v30) dst_sel:DWORD dst_unused:UNUSED_PAD src0_sel:BYTE_2 ; 7e4a0af9 000a061e
	v_cvt_f32_i32_sdwa v38, sext(v30) dst_sel:DWORD dst_unused:UNUSED_PAD src0_sel:BYTE_1 ; 7e4c0af9 0009061e
	v_cvt_f32_i32_sdwa v35, sext(v30) dst_sel:DWORD dst_unused:UNUSED_PAD src0_sel:BYTE_3 ; 7e460af9 000b061e
	v_cvt_f32_i32_sdwa v30, sext(v30) dst_sel:DWORD dst_unused:UNUSED_PAD src0_sel:BYTE_0 ; 7e3c0af9 0008061e
	v_cvt_f32_i32_sdwa v7, sext(v32) dst_sel:DWORD dst_unused:UNUSED_PAD src0_sel:BYTE_2 ; 7e0e0af9 000a0620
	s_waitcnt vmcnt(0)                                          ; bf8c3f70
	v_cvt_f32_f16_e32 v9, v36                                   ; 7e121724
	v_cvt_f32_i32_sdwa v6, sext(v32) dst_sel:DWORD dst_unused:UNUSED_PAD src0_sel:BYTE_3 ; 7e0c0af9 000b0620
	v_cvt_f32_i32_sdwa v8, sext(v32) dst_sel:DWORD dst_unused:UNUSED_PAD src0_sel:BYTE_1 ; 7e100af9 00090620
	v_cvt_f32_i32_sdwa v32, sext(v32) dst_sel:DWORD dst_unused:UNUSED_PAD src0_sel:BYTE_0 ; 7e400af9 00080620
	v_mul_f32_e32 v28, v28, v6                                  ; 0a380d1c
	v_mac_f32_e32 v28, v27, v7                                  ; 2c380f1b
	v_mac_f32_e32 v28, v26, v8                                  ; 2c38111a
	v_mac_f32_e32 v28, v25, v32                                 ; 2c384119
	v_mac_f32_e32 v28, v22, v37                                 ; 2c384b16
	v_mac_f32_e32 v28, v23, v35                                 ; 2c384717
	v_mac_f32_e32 v28, v21, v38                                 ; 2c384d15
	v_mac_f32_e32 v28, v20, v30                                 ; 2c383d14
	v_mad_f32 v6, v28, v9, v10                                  ; d1c10006 042a131c
BB5:
	s_mov_b64 s[4:5], exec                                      ; be84017e
	v_cmpx_ge_u32_e32 vcc, s0, v3                               ; 7dbc0600
BB6:
	v_mov_b32_e32 v3, s0                                        ; 7e060200
	s_andn2_b64 s[4:5], s[4:5], exec                            ; 89847e04
	s_cbranch_scc1 BB10                                         ; bf85fcce
BB11:
	s_mov_b64 exec, -1                                          ; befe01c1
	v_and_b32_e32 v7, -2, v2                                    ; 260e04c2
	s_branch BB12                                               ; bf82019d
BB17:
	s_mov_b64 exec, s[0:1]                                      ; befe0100
	s_mov_b32 s0, s2                                            ; be800002
	s_movk_i32 s1, 0x8000                                       ; b0018000
	s_load_dwordx8 s[24:31], s[0:1], 0x0                        ; c00e0600 00000000
	s_mul_i32 s0, s6, s17                                       ; 92001106
	v_lshl_add_u32 v8, v3, 9, v0                                ; d1fd0008 04011303
	v_and_b32_e32 v9, 31, v8                                    ; 2612109f
	v_sub_u32_e32 v10, v8, v9                                   ; 6a141308
	v_add3_u32 v10, v9, s0, v10                                 ; d1ff000a 04280109
	v_lshrrev_b32_e32 v10, 2, v10                               ; 20141482
	v_lshlrev_b32_e32 v10, 4, v10                               ; 24141484
	s_waitcnt lgkmcnt(0)                                        ; bf8cc07f
	buffer_load_dwordx4 v[12:15], v10, s[28:31], 0 offen        ; e05c1000 80070c0a
	buffer_load_dwordx4 v[16:19], v10, s[28:31], 0 offen offset:16 ; e05c1010 8007100a
	s_mul_i32 s1, s16, s3                                       ; 92010310
	s_add_u32 s4, s1, s3                                        ; 80040301
	v_add_u32_e32 v11, s1, v8                                   ; 68161001
	v_add_u32_e32 v23, s4, v8                                   ; 682e1004
	v_lshrrev_b32_e32 v11, 5, v11                               ; 20161685
	v_lshrrev_b32_e32 v23, 5, v23                               ; 202e2e85
	s_add_u32 s5, s4, s3                                        ; 80050304
	v_add_u32_e32 v11, s18, v11                                 ; 68161612
	v_add_u32_e32 v23, s18, v23                                 ; 682e2e12
	v_add_u32_e32 v27, s5, v8                                   ; 68361005
	v_lshlrev_b32_e32 v20, 1, v11                               ; 24281681
	v_lshlrev_b32_e32 v24, 1, v23                               ; 24302e81
	v_lshrrev_b32_e32 v27, 5, v27                               ; 20363685
	v_lshl_add_u32 v11, v11, 5, v20                             ; d1fd000b 04510b0b
	v_lshl_add_u32 v23, v23, 5, v24                             ; d1fd0017 04610b17
	v_add_u32_e32 v27, s18, v27                                 ; 68363612
	v_add_u32_e32 v21, 2, v11                                   ; 682a1682
	v_add_u32_e32 v25, 2, v23                                   ; 68322e82
	v_lshlrev_b32_e32 v28, 1, v27                               ; 24383681
	v_add_u32_e32 v22, v21, v9                                  ; 682c1315
	v_and_b32_e32 v21, -4, v21                                  ; 262a2ac4
	v_add_u32_e32 v26, v25, v9                                  ; 68341319
	v_and_b32_e32 v25, -4, v25                                  ; 263232c4
	v_lshl_add_u32 v27, v27, 5, v28                             ; d1fd001b 04710b1b
	v_add_u32_e32 v21, v21, v9                                  ; 682a1315
	v_add_u32_e32 v25, v25, v9                                  ; 68321319
	v_add_u32_e32 v29, 2, v27                                   ; 683a3682
	v_add_u32_e32 v30, v29, v9                                  ; 683c131d
	v_and_b32_e32 v29, -4, v29                                  ; 263a3ac4
	v_add_u32_e32 v29, v29, v9                                  ; 683a131d
	buffer_load_dwordx3 v[31:33], v21, s[24:27], 0 offen        ; e0581000 80061f15
	buffer_load_short_d16 v34, v11, s[24:27], 0 offen           ; e0901000 8006220b
	buffer_load_dwordx3 v[35:37], v25, s[24:27], 0 offen        ; e0581000 80062319
	buffer_load_short_d16 v38, v23, s[24:27], 0 offen           ; e0901000 80062617
	buffer_load_dwordx3 v[23:25], v29, s[24:27], 0 offen        ; e0581000 8006171d
	buffer_load_short_d16 v27, v27, s[24:27], 0 offen           ; e0901000 80061b1b
	s_add_u32 s9, s5, s3                                        ; 80090305
	v_add_u32_e32 v8, s9, v8                                    ; 68101009
	v_lshrrev_b32_e32 v8, 5, v8                                 ; 20101085
	v_add_u32_e32 v8, s18, v8                                   ; 68101012
	v_lshlrev_b32_e32 v28, 1, v8                                ; 24381081
	v_lshl_add_u32 v8, v8, 5, v28                               ; d1fd0008 04710b08
	v_add_u32_e32 v29, 2, v8                                    ; 683a1082
	v_add_u32_e32 v28, v29, v9                                  ; 6838131d
	v_and_b32_e32 v29, -4, v29                                  ; 263a3ac4
	v_add_u32_e32 v29, v29, v9                                  ; 683a131d
	s_waitcnt vmcnt(5)                                          ; bf8c3f75
	v_alignbyte_b32 v31, v32, v31, v22                          ; d1cf001f 045a3f20
	v_alignbyte_b32 v33, v33, v32, v22                          ; d1cf0021 045a4121
	v_cvt_f32_i32_sdwa v22, sext(v33) dst_sel:DWORD dst_unused:UNUSED_PAD src0_sel:BYTE_1 ; 7e2c0af9 00090621
	v_cvt_f32_i32_sdwa v21, sext(v33) dst_sel:DWORD dst_unused:UNUSED_PAD src0_sel:BYTE_2 ; 7e2a0af9 000a0621
	v_cvt_f32_i32_sdwa v20, sext(v33) dst_sel:DWORD dst_unused:UNUSED_PAD src0_sel:BYTE_3 ; 7e280af9 000b0621
	v_cvt_f32_i32_sdwa v33, sext(v33) dst_sel:DWORD dst_unused:UNUSED_PAD src0_sel:BYTE_0 ; 7e420af9 00080621
	v_mul_f32_e32 v20, v19, v20                                 ; 0a282913
	v_mac_f32_e32 v20, v18, v21                                 ; 2c282b12
	v_mac_f32_e32 v20, v17, v22                                 ; 2c282d11
	v_mac_f32_e32 v20, v16, v33                                 ; 2c284310
	v_mov_b32_e32 v9, v20                                       ; 7e120314
	buffer_load_dwordx3 v[20:22], v29, s[24:27], 0 offen        ; e0581000 8006141d
	buffer_load_short_d16 v29, v8, s[24:27], 0 offen            ; e0901000 80061d08
	v_cvt_f32_i32_sdwa v11, sext(v31) dst_sel:DWORD dst_unused:UNUSED_PAD src0_sel:BYTE_1 ; 7e160af9 0009061f
	v_cvt_f32_i32_sdwa v32, sext(v31) dst_sel:DWORD dst_unused:UNUSED_PAD src0_sel:BYTE_3 ; 7e400af9 000b061f
	v_cvt_f32_i32_sdwa v10, sext(v31) dst_sel:DWORD dst_unused:UNUSED_PAD src0_sel:BYTE_2 ; 7e140af9 000a061f
	v_cvt_f32_i32_sdwa v31, sext(v31) dst_sel:DWORD dst_unused:UNUSED_PAD src0_sel:BYTE_0 ; 7e3e0af9 0008061f
	s_movk_i32 s10, 0x200                                       ; b00a0200
	s_waitcnt vmcnt(6)                                          ; bf8c3f76
	v_cvt_f32_f16_e32 v34, v34                                  ; 7e441722
	s_waitcnt vmcnt(5)                                          ; bf8c3f75
	v_alignbyte_b32 v35, v36, v35, v26                          ; d1cf0023 046a4724
	v_alignbyte_b32 v37, v37, v36, v26                          ; d1cf0025 046a4925
	v_mac_f32_e32 v9, v14, v10                                  ; 2c12150e
	v_cvt_f32_i32_sdwa v8, sext(v35) dst_sel:DWORD dst_unused:UNUSED_PAD src0_sel:BYTE_2 ; 7e100af9 000a0623
	v_cvt_f32_i32_sdwa v36, sext(v35) dst_sel:DWORD dst_unused:UNUSED_PAD src0_sel:BYTE_3 ; 7e480af9 000b0623
	v_cvt_f32_i32_sdwa v10, sext(v37) dst_sel:DWORD dst_unused:UNUSED_PAD src0_sel:BYTE_3 ; 7e140af9 000b0625
	v_mac_f32_e32 v9, v15, v32                                  ; 2c12410f
	v_mul_f32_e32 v10, v19, v10                                 ; 0a141513
	v_cvt_f32_i32_sdwa v26, sext(v37) dst_sel:DWORD dst_unused:UNUSED_PAD src0_sel:BYTE_1 ; 7e340af9 00090625
	v_mac_f32_e32 v9, v13, v11                                  ; 2c12170d
	v_cvt_f32_i32_sdwa v11, sext(v37) dst_sel:DWORD dst_unused:UNUSED_PAD src0_sel:BYTE_2 ; 7e160af9 000a0625
	v_cvt_f32_i32_sdwa v37, sext(v37) dst_sel:DWORD dst_unused:UNUSED_PAD src0_sel:BYTE_0 ; 7e4a0af9 00080625
	v_mac_f32_e32 v9, v12, v31                                  ; 2c123f0c
	v_lshl_add_u32 v31, v3, 9, s10                              ; d1fd001f 00291303
	v_mac_f32_e32 v10, v18, v11                                 ; 2c141712
	v_mac_f32_e32 v1, v9, v34                                   ; 2c024509
	v_cvt_f32_i32_sdwa v9, sext(v35) dst_sel:DWORD dst_unused:UNUSED_PAD src0_sel:BYTE_1 ; 7e120af9 00090623
	v_cvt_f32_i32_sdwa v35, sext(v35) dst_sel:DWORD dst_unused:UNUSED_PAD src0_sel:BYTE_0 ; 7e460af9 00080623
	v_add_u32_e32 v31, v31, v0                                  ; 683e011f
	v_mac_f32_e32 v10, v17, v26                                 ; 2c143511
	v_and_b32_e32 v32, 31, v31                                  ; 26403e9f
	v_mac_f32_e32 v10, v16, v37                                 ; 2c144b10
	v_sub_u32_e32 v33, v31, v32                                 ; 6a42411f
	v_mac_f32_e32 v10, v14, v8                                  ; 2c14110e
	v_mov_b32_e32 v8, v35                                       ; 7e100323
	v_add3_u32 v33, v32, s0, v33                                ; d1ff0021 04840120
	v_mac_f32_e32 v10, v15, v36                                 ; 2c14490f
	v_lshrrev_b32_e32 v33, 2, v33                               ; 20424282
	v_lshlrev_b32_e32 v33, 4, v33                               ; 24424284
	buffer_load_dwordx4 v[34:37], v33, s[28:31], 0 offen        ; e05c1000 80072221
	s_waitcnt vmcnt(4)                                          ; bf8c3f74
	v_alignbyte_b32 v23, v24, v23, v30                          ; d1cf0017 047a2f18
	v_alignbyte_b32 v25, v25, v24, v30                          ; d1cf0019 047a3119
	v_mac_f32_e32 v10, v13, v9                                  ; 2c14130d
	v_cvt_f32_f16_e32 v9, v38                                   ; 7e121726
	v_cvt_f32_i32_sdwa v24, sext(v23) dst_sel:DWORD dst_unused:UNUSED_PAD src0_sel:BYTE_1 ; 7e300af9 00090617
	v_cvt_f32_i32_sdwa v11, sext(v23) dst_sel:DWORD dst_unused:UNUSED_PAD src0_sel:BYTE_2 ; 7e160af9 000a0617
	v_cvt_f32_i32_sdwa v30, sext(v25) dst_sel:DWORD dst_unused:UNUSED_PAD src0_sel:BYTE_2 ; 7e3c0af9 000a0619
	v_cvt_f32_i32_sdwa v38, sext(v25) dst_sel:DWORD dst_unused:UNUSED_PAD src0_sel:BYTE_1 ; 7e4c0af9 00090619
	v_cvt_f32_i32_sdwa v26, sext(v25) dst_sel:DWORD dst_unused:UNUSED_PAD src0_sel:BYTE_3 ; 7e340af9 000b0619
	v_cvt_f32_i32_sdwa v25, sext(v25) dst_sel:DWORD dst_unused:UNUSED_PAD src0_sel:BYTE_0 ; 7e320af9 00080619
	v_mac_f32_e32 v10, v12, v8                                  ; 2c14110c
	v_mul_f32_e32 v26, v19, v26                                 ; 0a343513
	v_mac_f32_e32 v4, v10, v9                                   ; 2c08130a
	v_cvt_f32_i32_sdwa v10, sext(v23) dst_sel:DWORD dst_unused:UNUSED_PAD src0_sel:BYTE_3 ; 7e140af9 000b0617
	v_mac_f32_e32 v26, v18, v30                                 ; 2c343d12
	v_mac_f32_e32 v26, v17, v38                                 ; 2c344d11
	v_mov_b32_e32 v38, v10                                      ; 7e4c030a
	v_mac_f32_e32 v26, v16, v25                                 ; 2c343310
	v_mov_b32_e32 v25, v11                                      ; 7e32030b
	buffer_load_dwordx4 v[8:11], v33, s[28:31], 0 offen offset:16 ; e05c1010 80070821
	v_cvt_f32_i32_sdwa v23, sext(v23) dst_sel:DWORD dst_unused:UNUSED_PAD src0_sel:BYTE_0 ; 7e2e0af9 00080617
	v_add_u32_e32 v30, s1, v31                                  ; 683c3e01
	v_mac_f32_e32 v26, v14, v25                                 ; 2c34330e
	v_lshrrev_b32_e32 v30, 5, v30                               ; 203c3c85
	v_mac_f32_e32 v26, v15, v38                                 ; 2c344d0f
	v_add_u32_e32 v30, s18, v30                                 ; 683c3c12
	v_mac_f32_e32 v26, v13, v24                                 ; 2c34310d
	s_waitcnt vmcnt(4)                                          ; bf8c3f74
	v_cvt_f32_f16_e32 v24, v27                                  ; 7e30171b
	v_lshlrev_b32_e32 v33, 1, v30                               ; 24423c81
	v_mac_f32_e32 v26, v12, v23                                 ; 2c342f0c
	v_lshl_add_u32 v30, v30, 5, v33                             ; d1fd001e 04850b1e
	v_mac_f32_e32 v5, v26, v24                                  ; 2c0a311a
	v_mov_b32_e32 v24, v17                                      ; 7e300311
	v_add_u32_e32 v38, 2, v30                                   ; 684c3c82
	v_add_u32_e32 v23, v38, v32                                 ; 682e4126
	v_and_b32_e32 v38, -4, v38                                  ; 264c4cc4
	v_add_u32_e32 v38, v38, v32                                 ; 684c4126
	s_waitcnt vmcnt(3)                                          ; bf8c3f73
	v_alignbyte_b32 v22, v22, v21, v28                          ; d1cf0016 04722b16
	v_alignbyte_b32 v20, v21, v20, v28                          ; d1cf0014 04722915
	v_mov_b32_e32 v21, v16                                      ; 7e2a0310
	v_cvt_f32_i32_sdwa v33, sext(v22) dst_sel:DWORD dst_unused:UNUSED_PAD src0_sel:BYTE_2 ; 7e420af9 000a0616
	v_cvt_f32_i32_sdwa v28, sext(v22) dst_sel:DWORD dst_unused:UNUSED_PAD src0_sel:BYTE_3 ; 7e380af9 000b0616
	v_mul_f32_e32 v19, v19, v28                                 ; 0a263913
	v_mac_f32_e32 v19, v18, v33                                 ; 2c264312
	buffer_load_dwordx3 v[16:18], v38, s[24:27], 0 offen        ; e0581000 80061026
	buffer_load_short_d16 v28, v30, s[24:27], 0 offen           ; e0901000 80061c1e
	v_cvt_f32_i32_sdwa v30, sext(v22) dst_sel:DWORD dst_unused:UNUSED_PAD src0_sel:BYTE_1 ; 7e3c0af9 00090616
	v_cvt_f32_i32_sdwa v22, sext(v22) dst_sel:DWORD dst_unused:UNUSED_PAD src0_sel:BYTE_0 ; 7e2c0af9 00080616
	v_cvt_f32_i32_sdwa v26, sext(v20) dst_sel:DWORD dst_unused:UNUSED_PAD src0_sel:BYTE_2 ; 7e340af9 000a0614
	v_cvt_f32_i32_sdwa v27, sext(v20) dst_sel:DWORD dst_unused:UNUSED_PAD src0_sel:BYTE_1 ; 7e360af9 00090614
	v_cvt_f32_i32_sdwa v25, sext(v20) dst_sel:DWORD dst_unused:UNUSED_PAD src0_sel:BYTE_3 ; 7e320af9 000b0614
	v_cvt_f32_i32_sdwa v20, sext(v20) dst_sel:DWORD dst_unused:UNUSED_PAD src0_sel:BYTE_0 ; 7e280af9 00080614
	v_add_u32_e32 v33, s4, v31                                  ; 68423e04
	v_mac_f32_e32 v19, v24, v30                                 ; 2c263d18
	v_lshrrev_b32_e32 v33, 5, v33                               ; 20424285
	v_mac_f32_e32 v19, v21, v22                                 ; 2c262d15
	v_add_u32_e32 v33, s18, v33                                 ; 68424212
	v_mac_f32_e32 v19, v14, v26                                 ; 2c26350e
	v_lshlrev_b32_e32 v38, 1, v33                               ; 244c4281
	v_mac_f32_e32 v19, v15, v25                                 ; 2c26330f
	v_add_u32_e32 v15, s5, v31                                  ; 681e3e05
	v_lshl_add_u32 v33, v33, 5, v38                             ; d1fd0021 04990b21
	v_mac_f32_e32 v19, v13, v27                                 ; 2c26370d
	v_lshrrev_b32_e32 v15, 5, v15                               ; 201e1e85
	v_mov_b32_e32 v13, v20                                      ; 7e1a0314
	v_add_u32_e32 v38, 2, v33                                   ; 684c4282
	v_add_u32_e32 v15, s18, v15                                 ; 681e1e12
	v_add_u32_e32 v14, v38, v32                                 ; 681c4126
	v_and_b32_e32 v38, -4, v38                                  ; 264c4cc4
	v_lshlrev_b32_e32 v21, 1, v15                               ; 242a1e81
	v_add_u32_e32 v38, v38, v32                                 ; 684c4126
	v_lshl_add_u32 v15, v15, 5, v21                             ; d1fd000f 04550b0f
	v_add_u32_e32 v22, 2, v15                                   ; 682c1e82
	v_add_u32_e32 v24, v22, v32                                 ; 68304116
	v_and_b32_e32 v22, -4, v22                                  ; 262c2cc4
	v_add_u32_e32 v22, v22, v32                                 ; 682c4116
	buffer_load_dwordx3 v[25:27], v38, s[24:27], 0 offen        ; e0581000 80061926
	buffer_load_short_d16 v30, v33, s[24:27], 0 offen           ; e0901000 80061e21
	buffer_load_dwordx3 v[20:22], v22, s[24:27], 0 offen        ; e0581000 80061416
	buffer_load_short_d16 v15, v15, s[24:27], 0 offen           ; e0901000 80060f0f
	v_add_u32_e32 v31, s9, v31                                  ; 683e3e09
	v_mac_f32_e32 v19, v12, v13                                 ; 2c261b0c
	s_waitcnt vmcnt(8)                                          ; bf8c3f78
	v_cvt_f32_f16_e32 v12, v29                                  ; 7e18171d
	v_lshrrev_b32_e32 v31, 5, v31                               ; 203e3e85
	v_mac_f32_e32 v6, v19, v12                                  ; 2c0c1913
	v_add_u32_e32 v31, s18, v31                                 ; 683e3e12
	v_lshlrev_b32_e32 v33, 1, v31                               ; 24423e81
	v_lshl_add_u32 v31, v31, 5, v33                             ; d1fd001f 04850b1f
	v_add_u32_e32 v38, 2, v31                                   ; 684c3e82
	v_add_u32_e32 v12, v38, v32                                 ; 68184126
	v_and_b32_e32 v38, -4, v38                                  ; 264c4cc4
	v_add_u32_e32 v38, v38, v32                                 ; 684c4126
	s_waitcnt vmcnt(5)                                          ; bf8c3f75
	v_alignbyte_b32 v18, v18, v17, v23                          ; d1cf0012 045e2312
	v_alignbyte_b32 v16, v17, v16, v23                          ; d1cf0010 045e2111
	v_cvt_f32_i32_sdwa v23, sext(v18) dst_sel:DWORD dst_unused:UNUSED_PAD src0_sel:BYTE_3 ; 7e2e0af9 000b0612
	v_cvt_f32_i32_sdwa v29, sext(v18) dst_sel:DWORD dst_unused:UNUSED_PAD src0_sel:BYTE_2 ; 7e3a0af9 000a0612
	v_cvt_f32_i32_sdwa v33, sext(v18) dst_sel:DWORD dst_unused:UNUSED_PAD src0_sel:BYTE_1 ; 7e420af9 00090612
	v_cvt_f32_i32_sdwa v18, sext(v18) dst_sel:DWORD dst_unused:UNUSED_PAD src0_sel:BYTE_0 ; 7e240af9 00080612
	v_mul_f32_e32 v23, v11, v23                                 ; 0a2e2f0b
	v_mac_f32_e32 v23, v10, v29                                 ; 2c2e3b0a
	v_mac_f32_e32 v23, v9, v33                                  ; 2c2e4309
	v_mac_f32_e32 v23, v8, v18                                  ; 2c2e2508
	v_mov_b32_e32 v18, v31                                      ; 7e24031f
	buffer_load_dwordx3 v[31:33], v38, s[24:27], 0 offen        ; e0581000 80061f26
	buffer_load_short_d16 v29, v18, s[24:27], 0 offen           ; e0901000 80061d12
	v_cvt_f32_i32_sdwa v17, sext(v16) dst_sel:DWORD dst_unused:UNUSED_PAD src0_sel:BYTE_2 ; 7e220af9 000a0610
	v_cvt_f32_i32_sdwa v19, sext(v16) dst_sel:DWORD dst_unused:UNUSED_PAD src0_sel:BYTE_1 ; 7e260af9 00090610
	v_cvt_f32_i32_sdwa v13, sext(v16) dst_sel:DWORD dst_unused:UNUSED_PAD src0_sel:BYTE_3 ; 7e1a0af9 000b0610
	v_cvt_f32_i32_sdwa v16, sext(v16) dst_sel:DWORD dst_unused:UNUSED_PAD src0_sel:BYTE_0 ; 7e200af9 00080610
	v_add_u32_e32 v3, 2, v3                                     ; 68060682
	s_waitcnt vmcnt(6)                                          ; bf8c3f76
	v_cvt_f32_f16_e32 v38, v28                                  ; 7e4c171c
	v_mac_f32_e32 v23, v36, v17                                 ; 2c2e2324
	v_mac_f32_e32 v23, v37, v13                                 ; 2c2e1b25
	v_mac_f32_e32 v23, v35, v19                                 ; 2c2e2723
	v_mac_f32_e32 v23, v34, v16                                 ; 2c2e2122
	v_mac_f32_e32 v1, v23, v38                                  ; 2c024d17
	s_waitcnt vmcnt(5)                                          ; bf8c3f75
	v_alignbyte_b32 v25, v26, v25, v14                          ; d1cf0019 043a331a
	v_alignbyte_b32 v27, v27, v26, v14                          ; d1cf001b 043a351b
	v_cvt_f32_i32_sdwa v38, sext(v25) dst_sel:DWORD dst_unused:UNUSED_PAD src0_sel:BYTE_3 ; 7e4c0af9 000b0619
	v_cvt_f32_i32_sdwa v14, sext(v25) dst_sel:DWORD dst_unused:UNUSED_PAD src0_sel:BYTE_1 ; 7e1c0af9 00090619
	v_cvt_f32_i32_sdwa v13, sext(v25) dst_sel:DWORD dst_unused:UNUSED_PAD src0_sel:BYTE_2 ; 7e1a0af9 000a0619
	v_cvt_f32_i32_sdwa v25, sext(v25) dst_sel:DWORD dst_unused:UNUSED_PAD src0_sel:BYTE_0 ; 7e320af9 00080619
	s_waitcnt vmcnt(4)                                          ; bf8c3f74
	v_cvt_f32_f16_e32 v19, v30                                  ; 7e26171e
	v_cvt_f32_i32_sdwa v18, sext(v27) dst_sel:DWORD dst_unused:UNUSED_PAD src0_sel:BYTE_1 ; 7e240af9 0009061b
	v_cvt_f32_i32_sdwa v17, sext(v27) dst_sel:DWORD dst_unused:UNUSED_PAD src0_sel:BYTE_2 ; 7e220af9 000a061b
	v_cvt_f32_i32_sdwa v16, sext(v27) dst_sel:DWORD dst_unused:UNUSED_PAD src0_sel:BYTE_3 ; 7e200af9 000b061b
	v_cvt_f32_i32_sdwa v27, sext(v27) dst_sel:DWORD dst_unused:UNUSED_PAD src0_sel:BYTE_0 ; 7e360af9 0008061b
	s_waitcnt vmcnt(3)                                          ; bf8c3f73
	v_alignbyte_b32 v20, v21, v20, v24                          ; d1cf0014 04622915
	v_alignbyte_b32 v22, v22, v21, v24                          ; d1cf0016 04622b16
	v_mul_f32_e32 v16, v11, v16                                 ; 0a20210b
	v_cvt_f32_i32_sdwa v21, sext(v20) dst_sel:DWORD dst_unused:UNUSED_PAD src0_sel:BYTE_3 ; 7e2a0af9 000b0614
	v_cvt_f32_i32_sdwa v23, sext(v20) dst_sel:DWORD dst_unused:UNUSED_PAD src0_sel:BYTE_2 ; 7e2e0af9 000a0614
	v_cvt_f32_i32_sdwa v24, sext(v20) dst_sel:DWORD dst_unused:UNUSED_PAD src0_sel:BYTE_1 ; 7e300af9 00090614
	v_cvt_f32_i32_sdwa v20, sext(v20) dst_sel:DWORD dst_unused:UNUSED_PAD src0_sel:BYTE_0 ; 7e280af9 00080614
	v_cvt_f32_i32_sdwa v26, sext(v22) dst_sel:DWORD dst_unused:UNUSED_PAD src0_sel:BYTE_2 ; 7e340af9 000a0616
	v_mac_f32_e32 v16, v10, v17                                 ; 2c20230a
	v_mac_f32_e32 v16, v9, v18                                  ; 2c202509
	v_mac_f32_e32 v16, v8, v27                                  ; 2c203708
	v_cvt_f32_i32_sdwa v27, sext(v22) dst_sel:DWORD dst_unused:UNUSED_PAD src0_sel:BYTE_1 ; 7e360af9 00090616
	s_waitcnt vmcnt(2)                                          ; bf8c3f72
	v_cvt_f32_f16_e32 v28, v15                                  ; 7e38170f
	v_mac_f32_e32 v16, v36, v13                                 ; 2c201b24
	v_mac_f32_e32 v16, v37, v38                                 ; 2c204d25
	v_mac_f32_e32 v16, v35, v14                                 ; 2c201d23
	v_mac_f32_e32 v16, v34, v25                                 ; 2c203322
	v_cvt_f32_i32_sdwa v25, sext(v22) dst_sel:DWORD dst_unused:UNUSED_PAD src0_sel:BYTE_3 ; 7e320af9 000b0616
	v_cvt_f32_i32_sdwa v22, sext(v22) dst_sel:DWORD dst_unused:UNUSED_PAD src0_sel:BYTE_0 ; 7e2c0af9 00080616
	v_mac_f32_e32 v4, v16, v19                                  ; 2c082710
	v_mul_f32_e32 v25, v11, v25                                 ; 0a32330b
	v_mac_f32_e32 v25, v10, v26                                 ; 2c32350a
	v_mac_f32_e32 v25, v9, v27                                  ; 2c323709
	v_mac_f32_e32 v25, v8, v22                                  ; 2c322d08
	v_mac_f32_e32 v25, v36, v23                                 ; 2c322f24
	v_mac_f32_e32 v25, v37, v21                                 ; 2c322b25
	v_mac_f32_e32 v25, v35, v24                                 ; 2c323123
	v_mac_f32_e32 v25, v34, v20                                 ; 2c322922
	v_mac_f32_e32 v5, v25, v28                                  ; 2c0a3919
	s_waitcnt vmcnt(1)                                          ; bf8c3f71
	v_alignbyte_b32 v33, v33, v32, v12                          ; d1cf0021 04324121
	v_alignbyte_b32 v31, v32, v31, v12                          ; d1cf001f 04323f20
	v_cvt_f32_i32_sdwa v14, sext(v33) dst_sel:DWORD dst_unused:UNUSED_PAD src0_sel:BYTE_1 ; 7e1c0af9 00090621
	v_cvt_f32_i32_sdwa v12, sext(v33) dst_sel:DWORD dst_unused:UNUSED_PAD src0_sel:BYTE_3 ; 7e180af9 000b0621
	v_cvt_f32_i32_sdwa v13, sext(v33) dst_sel:DWORD dst_unused:UNUSED_PAD src0_sel:BYTE_2 ; 7e1a0af9 000a0621
	v_cvt_f32_i32_sdwa v33, sext(v33) dst_sel:DWORD dst_unused:UNUSED_PAD src0_sel:BYTE_0 ; 7e420af9 00080621
	v_cvt_f32_i32_sdwa v38, sext(v31) dst_sel:DWORD dst_unused:UNUSED_PAD src0_sel:BYTE_1 ; 7e4c0af9 0009061f
	v_cvt_f32_i32_sdwa v30, sext(v31) dst_sel:DWORD dst_unused:UNUSED_PAD src0_sel:BYTE_3 ; 7e3c0af9 000b061f
	s_waitcnt vmcnt(0)                                          ; bf8c3f70
	v_cvt_f32_f16_e32 v15, v29                                  ; 7e1e171d
	v_cvt_f32_i32_sdwa v32, sext(v31) dst_sel:DWORD dst_unused:UNUSED_PAD src0_sel:BYTE_2 ; 7e400af9 000a061f
	v_cvt_f32_i32_sdwa v31, sext(v31) dst_sel:DWORD dst_unused:UNUSED_PAD src0_sel:BYTE_0 ; 7e3e0af9 0008061f
	v_mul_f32_e32 v11, v11, v12                                 ; 0a16190b
	v_mac_f32_e32 v11, v10, v13                                 ; 2c161b0a
	v_mac_f32_e32 v11, v9, v14                                  ; 2c161d09
	v_mac_f32_e32 v11, v8, v33                                  ; 2c164308
	v_mac_f32_e32 v11, v36, v32                                 ; 2c164124
	v_mac_f32_e32 v11, v37, v30                                 ; 2c163d25
	v_mac_f32_e32 v11, v35, v38                                 ; 2c164d23
	v_mac_f32_e32 v11, v34, v31                                 ; 2c163f22
	v_mac_f32_e32 v6, v11, v15                                  ; 2c0c1f0b
BB12:
	s_mov_b64 s[0:1], exec                                      ; be80017e
	v_cmpx_ge_u32_e32 vcc, v3, v7                               ; 7dbc0f03
BB13:
	s_andn2_b64 s[0:1], s[0:1], exec                            ; 89807e00
	s_cbranch_scc1 BB17                                         ; bf85fe5f
BB18:
	s_mov_b64 exec, -1                                          ; befe01c1
	s_branch BB19                                               ; bf8200ce
BB24:
	s_mov_b64 exec, s[0:1]                                      ; befe0100
	s_mov_b32 s0, s2                                            ; be800002
	s_movk_i32 s1, 0x8000                                       ; b0018000
	s_load_dwordx8 s[24:31], s[0:1], 0x0                        ; c00e0600 00000000
	s_mul_i32 s0, s6, s17                                       ; 92001106
	v_lshl_add_u32 v7, v3, 9, v0                                ; d1fd0007 04011303
	v_and_b32_e32 v8, 31, v7                                    ; 26100e9f
	v_sub_u32_e32 v9, v7, v8                                    ; 6a121107
	v_add3_u32 v9, v8, s0, v9                                   ; d1ff0009 04240108
	v_lshrrev_b32_e32 v9, 2, v9                                 ; 20121282
	v_lshlrev_b32_e32 v9, 4, v9                                 ; 24121284
	s_waitcnt lgkmcnt(0)                                        ; bf8cc07f
	buffer_load_dwordx4 v[12:15], v9, s[28:31], 0 offen         ; e05c1000 80070c09
	buffer_load_dwordx4 v[16:19], v9, s[28:31], 0 offen offset:16 ; e05c1010 80071009
	s_mul_i32 s1, s16, s3                                       ; 92010310
	v_add_u32_e32 v10, s1, v7                                   ; 68140e01
	s_add_u32 s1, s1, s3                                        ; 80010301
	v_lshrrev_b32_e32 v10, 5, v10                               ; 20141485
	v_add_u32_e32 v22, s1, v7                                   ; 682c0e01
	v_add_u32_e32 v10, s18, v10                                 ; 68141412
	s_add_u32 s1, s1, s3                                        ; 80010301
	v_lshrrev_b32_e32 v22, 5, v22                               ; 202c2c85
	v_lshlrev_b32_e32 v11, 1, v10                               ; 24161481
	v_add_u32_e32 v26, s1, v7                                   ; 68340e01
	v_add_u32_e32 v22, s18, v22                                 ; 682c2c12
	v_lshl_add_u32 v10, v10, 5, v11                             ; d1fd000a 042d0b0a
	v_lshrrev_b32_e32 v26, 5, v26                               ; 20343485
	v_lshlrev_b32_e32 v23, 1, v22                               ; 242e2c81
	v_add_u32_e32 v20, 2, v10                                   ; 68281482
	v_add_u32_e32 v26, s18, v26                                 ; 68343412
	v_lshl_add_u32 v22, v22, 5, v23                             ; d1fd0016 045d0b16
	v_add_u32_e32 v21, v20, v8                                  ; 682a1114
	v_and_b32_e32 v20, -4, v20                                  ; 262828c4
	v_lshlrev_b32_e32 v27, 1, v26                               ; 24363481
	v_add_u32_e32 v24, 2, v22                                   ; 68302c82
	v_add_u32_e32 v20, v20, v8                                  ; 68281114
	v_lshl_add_u32 v26, v26, 5, v27                             ; d1fd001a 046d0b1a
	v_add_u32_e32 v25, v24, v8                                  ; 68321118
	v_and_b32_e32 v24, -4, v24                                  ; 263030c4
	v_add_u32_e32 v28, 2, v26                                   ; 68383482
	v_add_u32_e32 v24, v24, v8                                  ; 68301118
	v_add_u32_e32 v29, v28, v8                                  ; 683a111c
	v_and_b32_e32 v28, -4, v28                                  ; 263838c4
	v_add_u32_e32 v28, v28, v8                                  ; 6838111c
	buffer_load_dwordx3 v[30:32], v20, s[24:27], 0 offen        ; e0581000 80061e14
	buffer_load_short_d16 v33, v10, s[24:27], 0 offen           ; e0901000 8006210a
	buffer_load_dwordx3 v[34:36], v24, s[24:27], 0 offen        ; e0581000 80062218
	buffer_load_short_d16 v37, v22, s[24:27], 0 offen           ; e0901000 80062516
	buffer_load_dwordx3 v[9:11], v28, s[24:27], 0 offen         ; e0581000 8006091c
	buffer_load_short_d16 v20, v26, s[24:27], 0 offen           ; e0901000 8006141a
	s_add_u32 s1, s1, s3                                        ; 80010301
	v_add_u32_e32 v7, s1, v7                                    ; 680e0e01
	v_lshrrev_b32_e32 v7, 5, v7                                 ; 200e0e85
	v_add_u32_e32 v7, s18, v7                                   ; 680e0e12
	v_lshlrev_b32_e32 v22, 1, v7                                ; 242c0e81
	v_lshl_add_u32 v7, v7, 5, v22                               ; d1fd0007 04590b07
	v_add_u32_e32 v23, 2, v7                                    ; 682e0e82
	v_add_u32_e32 v24, v23, v8                                  ; 68301117
	v_and_b32_e32 v23, -4, v23                                  ; 262e2ec4
	v_add_u32_e32 v23, v23, v8                                  ; 682e1117
	s_waitcnt vmcnt(5)                                          ; bf8c3f75
	v_alignbyte_b32 v30, v31, v30, v21                          ; d1cf001e 04563d1f
	v_alignbyte_b32 v32, v32, v31, v21                          ; d1cf0020 04563f20
	v_cvt_f32_i32_sdwa v38, sext(v32) dst_sel:DWORD dst_unused:UNUSED_PAD src0_sel:BYTE_2 ; 7e4c0af9 000a0620
	v_cvt_f32_i32_sdwa v31, sext(v32) dst_sel:DWORD dst_unused:UNUSED_PAD src0_sel:BYTE_3 ; 7e3e0af9 000b0620
	v_mul_f32_e32 v31, v19, v31                                 ; 0a3e3f13
	v_mac_f32_e32 v31, v18, v38                                 ; 2c3e4d12
	v_cvt_f32_i32_sdwa v38, sext(v32) dst_sel:DWORD dst_unused:UNUSED_PAD src0_sel:BYTE_1 ; 7e4c0af9 00090620
	v_mac_f32_e32 v31, v17, v38                                 ; 2c3e4d11
	buffer_load_dwordx3 v[21:23], v23, s[24:27], 0 offen        ; e0581000 80061517
	buffer_load_short_d16 v38, v7, s[24:27], 0 offen            ; e0901000 80062607
	v_cvt_f32_i32_sdwa v28, sext(v30) dst_sel:DWORD dst_unused:UNUSED_PAD src0_sel:BYTE_1 ; 7e380af9 0009061e
	v_cvt_f32_i32_sdwa v27, sext(v30) dst_sel:DWORD dst_unused:UNUSED_PAD src0_sel:BYTE_2 ; 7e360af9 000a061e
	v_cvt_f32_i32_sdwa v26, sext(v30) dst_sel:DWORD dst_unused:UNUSED_PAD src0_sel:BYTE_3 ; 7e340af9 000b061e
	v_cvt_f32_i32_sdwa v30, sext(v30) dst_sel:DWORD dst_unused:UNUSED_PAD src0_sel:BYTE_0 ; 7e3c0af9 0008061e
	v_cvt_f32_i32_sdwa v32, sext(v32) dst_sel:DWORD dst_unused:UNUSED_PAD src0_sel:BYTE_0 ; 7e400af9 00080620
	v_add_u32_e32 v3, 1, v3                                     ; 68060681
	s_waitcnt vmcnt(5)                                          ; bf8c3f75
	v_alignbyte_b32 v34, v35, v34, v25                          ; d1cf0022 04664523
	v_alignbyte_b32 v36, v36, v35, v25                          ; d1cf0024 04664724
	v_mac_f32_e32 v31, v16, v32                                 ; 2c3e4110
	v_cvt_f32_i32_sdwa v32, sext(v36) dst_sel:DWORD dst_unused:UNUSED_PAD src0_sel:BYTE_2 ; 7e400af9 000a0624
	v_mac_f32_e32 v31, v14, v27                                 ; 2c3e370e
	v_cvt_f32_i32_sdwa v27, sext(v34) dst_sel:DWORD dst_unused:UNUSED_PAD src0_sel:BYTE_3 ; 7e360af9 000b0622
	v_mac_f32_e32 v31, v15, v26                                 ; 2c3e350f
	v_cvt_f32_f16_e32 v26, v33                                  ; 7e341721
	v_cvt_f32_i32_sdwa v33, sext(v36) dst_sel:DWORD dst_unused:UNUSED_PAD src0_sel:BYTE_1 ; 7e420af9 00090624
	v_mac_f32_e32 v31, v13, v28                                 ; 2c3e390d
	v_cvt_f32_i32_sdwa v28, sext(v34) dst_sel:DWORD dst_unused:UNUSED_PAD src0_sel:BYTE_2 ; 7e380af9 000a0622
	v_mac_f32_e32 v31, v12, v30                                 ; 2c3e3d0c
	v_cvt_f32_i32_sdwa v30, sext(v34) dst_sel:DWORD dst_unused:UNUSED_PAD src0_sel:BYTE_1 ; 7e3c0af9 00090622
	v_cvt_f32_i32_sdwa v34, sext(v34) dst_sel:DWORD dst_unused:UNUSED_PAD src0_sel:BYTE_0 ; 7e440af9 00080622
	s_waitcnt vmcnt(3)                                          ; bf8c3f73
	v_alignbyte_b32 v9, v10, v9, v29                            ; d1cf0009 0476130a
	v_mac_f32_e32 v1, v31, v26                                  ; 2c02351f
	v_cvt_f32_i32_sdwa v31, sext(v36) dst_sel:DWORD dst_unused:UNUSED_PAD src0_sel:BYTE_3 ; 7e3e0af9 000b0624
	v_cvt_f32_i32_sdwa v36, sext(v36) dst_sel:DWORD dst_unused:UNUSED_PAD src0_sel:BYTE_0 ; 7e480af9 00080624
	v_alignbyte_b32 v11, v11, v10, v29                          ; d1cf000b 0476150b
	v_cvt_f32_i32_sdwa v35, sext(v9) dst_sel:DWORD dst_unused:UNUSED_PAD src0_sel:BYTE_3 ; 7e460af9 000b0609
	v_mul_f32_e32 v31, v19, v31                                 ; 0a3e3f13
	v_cvt_f32_i32_sdwa v7, sext(v11) dst_sel:DWORD dst_unused:UNUSED_PAD src0_sel:BYTE_3 ; 7e0e0af9 000b060b
	v_cvt_f32_i32_sdwa v8, sext(v11) dst_sel:DWORD dst_unused:UNUSED_PAD src0_sel:BYTE_2 ; 7e100af9 000a060b
	v_cvt_f32_i32_sdwa v10, sext(v11) dst_sel:DWORD dst_unused:UNUSED_PAD src0_sel:BYTE_1 ; 7e140af9 0009060b
	v_mac_f32_e32 v31, v18, v32                                 ; 2c3e4112
	v_mul_f32_e32 v7, v19, v7                                   ; 0a0e0f13
	v_cvt_f32_i32_sdwa v11, sext(v11) dst_sel:DWORD dst_unused:UNUSED_PAD src0_sel:BYTE_0 ; 7e160af9 0008060b
	v_mac_f32_e32 v31, v17, v33                                 ; 2c3e4311
	v_mac_f32_e32 v7, v18, v8                                   ; 2c0e1112
	v_mac_f32_e32 v31, v16, v36                                 ; 2c3e4910
	v_cvt_f32_i32_sdwa v36, sext(v9) dst_sel:DWORD dst_unused:UNUSED_PAD src0_sel:BYTE_2 ; 7e480af9 000a0609
	v_mac_f32_e32 v7, v17, v10                                  ; 2c0e1511
	v_mac_f32_e32 v31, v14, v28                                 ; 2c3e390e
	v_mac_f32_e32 v7, v16, v11                                  ; 2c0e1710
	s_waitcnt vmcnt(2)                                          ; bf8c3f72
	v_cvt_f32_f16_e32 v11, v20                                  ; 7e161714
	v_mac_f32_e32 v31, v15, v27                                 ; 2c3e370f
	v_mac_f32_e32 v7, v14, v36                                  ; 2c0e490e
	v_mac_f32_e32 v31, v13, v30                                 ; 2c3e3d0d
	v_mac_f32_e32 v7, v15, v35                                  ; 2c0e470f
	v_mac_f32_e32 v31, v12, v34                                 ; 2c3e450c
	v_cvt_f32_f16_e32 v34, v37                                  ; 7e441725
	v_cvt_f32_i32_sdwa v37, sext(v9) dst_sel:DWORD dst_unused:UNUSED_PAD src0_sel:BYTE_1 ; 7e4a0af9 00090609
	v_cvt_f32_i32_sdwa v9, sext(v9) dst_sel:DWORD dst_unused:UNUSED_PAD src0_sel:BYTE_0 ; 7e120af9 00080609
	v_mac_f32_e32 v4, v31, v34                                  ; 2c08451f
	v_mac_f32_e32 v7, v13, v37                                  ; 2c0e4b0d
	v_mac_f32_e32 v7, v12, v9                                   ; 2c0e130c
	v_mac_f32_e32 v5, v7, v11                                   ; 2c0a1707
	s_waitcnt vmcnt(1)                                          ; bf8c3f71
	v_alignbyte_b32 v23, v23, v22, v24                          ; d1cf0017 04622d17
	v_alignbyte_b32 v21, v22, v21, v24                          ; d1cf0015 04622b16
	v_cvt_f32_i32_sdwa v27, sext(v23) dst_sel:DWORD dst_unused:UNUSED_PAD src0_sel:BYTE_1 ; 7e360af9 00090617
	v_cvt_f32_i32_sdwa v25, sext(v23) dst_sel:DWORD dst_unused:UNUSED_PAD src0_sel:BYTE_3 ; 7e320af9 000b0617
	v_cvt_f32_i32_sdwa v26, sext(v23) dst_sel:DWORD dst_unused:UNUSED_PAD src0_sel:BYTE_2 ; 7e340af9 000a0617
	v_cvt_f32_i32_sdwa v23, sext(v23) dst_sel:DWORD dst_unused:UNUSED_PAD src0_sel:BYTE_0 ; 7e2e0af9 00080617
	v_cvt_f32_i32_sdwa v22, sext(v21) dst_sel:DWORD dst_unused:UNUSED_PAD src0_sel:BYTE_2 ; 7e2c0af9 000a0615
	s_waitcnt vmcnt(0)                                          ; bf8c3f70
	v_cvt_f32_f16_e32 v28, v38                                  ; 7e381726
	v_cvt_f32_i32_sdwa v24, sext(v21) dst_sel:DWORD dst_unused:UNUSED_PAD src0_sel:BYTE_1 ; 7e300af9 00090615
	v_cvt_f32_i32_sdwa v20, sext(v21) dst_sel:DWORD dst_unused:UNUSED_PAD src0_sel:BYTE_3 ; 7e280af9 000b0615
	v_cvt_f32_i32_sdwa v21, sext(v21) dst_sel:DWORD dst_unused:UNUSED_PAD src0_sel:BYTE_0 ; 7e2a0af9 00080615
	v_mul_f32_e32 v19, v19, v25                                 ; 0a263313
	v_mac_f32_e32 v19, v18, v26                                 ; 2c263512
	v_mac_f32_e32 v19, v17, v27                                 ; 2c263711
	v_mac_f32_e32 v19, v16, v23                                 ; 2c262f10
	v_mac_f32_e32 v19, v14, v22                                 ; 2c262d0e
	v_mac_f32_e32 v19, v15, v20                                 ; 2c26290f
	v_mac_f32_e32 v19, v13, v24                                 ; 2c26310d
	v_mac_f32_e32 v19, v12, v21                                 ; 2c262b0c
	v_mac_f32_e32 v6, v19, v28                                  ; 2c0c3913
BB19:
	s_mov_b64 s[0:1], exec                                      ; be80017e
	v_cmpx_ge_u32_e32 vcc, v3, v2                               ; 7dbc0503
BB20:
	s_andn2_b64 s[0:1], s[0:1], exec                            ; 89807e00
	s_cbranch_scc1 BB24                                         ; bf85ff2e
BB25:
	s_mov_b64 exec, -1                                          ; befe01c1
	s_or_saveexec_b64 s[4:5], -1                                ; be8421c1
	v_cndmask_b32_e64 v39, 0, v1, s[4:5]                        ; d1000027 00120280
	s_nop 1                                                     ; bf800001
	v_add_f32_dpp v39, v39, v39 quad_perm:[1,0,3,2] row_mask:0xf bank_mask:0xf ; 024e4efa ff00b127
	s_nop 1                                                     ; bf800001
	v_add_f32_dpp v39, v39, v39 quad_perm:[2,3,0,1] row_mask:0xf bank_mask:0xf ; 024e4efa ff004e27
	s_nop 1                                                     ; bf800001
	v_add_f32_dpp v39, v39, v39 row_half_mirror row_mask:0xf bank_mask:0xf ; 024e4efa ff014127
	s_nop 1                                                     ; bf800001
	v_add_f32_dpp v39, v39, v39 row_mirror row_mask:0xf bank_mask:0xf ; 024e4efa ff014027
	s_nop 1                                                     ; bf800001
	v_add_f32_dpp v39, v39, v39 row_bcast:15 row_mask:0xa bank_mask:0xf ; 024e4efa af014227
	s_nop 1                                                     ; bf800001
	v_add_f32_dpp v39, v39, v39 row_bcast:31 row_mask:0xc bank_mask:0xf ; 024e4efa cf014327
	s_mov_b64 exec, s[4:5]                                      ; befe0104
	v_readlane_b32 s0, v39, 63                                  ; d2890000 00017f27
	s_or_saveexec_b64 s[4:5], -1                                ; be8421c1
	v_cndmask_b32_e64 v39, 0, v4, s[4:5]                        ; d1000027 00120880
	s_nop 1                                                     ; bf800001
	v_add_f32_dpp v39, v39, v39 quad_perm:[1,0,3,2] row_mask:0xf bank_mask:0xf ; 024e4efa ff00b127
	s_nop 1                                                     ; bf800001
	v_add_f32_dpp v39, v39, v39 quad_perm:[2,3,0,1] row_mask:0xf bank_mask:0xf ; 024e4efa ff004e27
	s_nop 1                                                     ; bf800001
	v_add_f32_dpp v39, v39, v39 row_half_mirror row_mask:0xf bank_mask:0xf ; 024e4efa ff014127
	s_nop 1                                                     ; bf800001
	v_add_f32_dpp v39, v39, v39 row_mirror row_mask:0xf bank_mask:0xf ; 024e4efa ff014027
	s_nop 1                                                     ; bf800001
	v_add_f32_dpp v39, v39, v39 row_bcast:15 row_mask:0xa bank_mask:0xf ; 024e4efa af014227
	s_nop 1                                                     ; bf800001
	v_add_f32_dpp v39, v39, v39 row_bcast:31 row_mask:0xc bank_mask:0xf ; 024e4efa cf014327
	s_mov_b64 exec, s[4:5]                                      ; befe0104
	v_readlane_b32 s1, v39, 63                                  ; d2890001 00017f27
	s_or_saveexec_b64 s[4:5], -1                                ; be8421c1
	v_cndmask_b32_e64 v39, 0, v5, s[4:5]                        ; d1000027 00120a80
	s_nop 1                                                     ; bf800001
	v_add_f32_dpp v39, v39, v39 quad_perm:[1,0,3,2] row_mask:0xf bank_mask:0xf ; 024e4efa ff00b127
	s_nop 1                                                     ; bf800001
	v_add_f32_dpp v39, v39, v39 quad_perm:[2,3,0,1] row_mask:0xf bank_mask:0xf ; 024e4efa ff004e27
	s_nop 1                                                     ; bf800001
	v_add_f32_dpp v39, v39, v39 row_half_mirror row_mask:0xf bank_mask:0xf ; 024e4efa ff014127
	s_nop 1                                                     ; bf800001
	v_add_f32_dpp v39, v39, v39 row_mirror row_mask:0xf bank_mask:0xf ; 024e4efa ff014027
	s_nop 1                                                     ; bf800001
	v_add_f32_dpp v39, v39, v39 row_bcast:15 row_mask:0xa bank_mask:0xf ; 024e4efa af014227
	s_nop 1                                                     ; bf800001
	v_add_f32_dpp v39, v39, v39 row_bcast:31 row_mask:0xc bank_mask:0xf ; 024e4efa cf014327
	s_mov_b64 exec, s[4:5]                                      ; befe0104
	v_readlane_b32 s3, v39, 63                                  ; d2890003 00017f27
	s_or_saveexec_b64 s[10:11], -1                              ; be8a21c1
	v_cndmask_b32_e64 v39, 0, v6, s[10:11]                      ; d1000027 002a0c80
	s_nop 1                                                     ; bf800001
	v_add_f32_dpp v39, v39, v39 quad_perm:[1,0,3,2] row_mask:0xf bank_mask:0xf ; 024e4efa ff00b127
	s_nop 1                                                     ; bf800001
	v_add_f32_dpp v39, v39, v39 quad_perm:[2,3,0,1] row_mask:0xf bank_mask:0xf ; 024e4efa ff004e27
	s_nop 1                                                     ; bf800001
	v_add_f32_dpp v39, v39, v39 row_half_mirror row_mask:0xf bank_mask:0xf ; 024e4efa ff014127
	s_nop 1                                                     ; bf800001
	v_add_f32_dpp v39, v39, v39 row_mirror row_mask:0xf bank_mask:0xf ; 024e4efa ff014027
	s_nop 1                                                     ; bf800001
	v_add_f32_dpp v39, v39, v39 row_bcast:15 row_mask:0xa bank_mask:0xf ; 024e4efa af014227
	s_nop 1                                                     ; bf800001
	v_add_f32_dpp v39, v39, v39 row_bcast:31 row_mask:0xc bank_mask:0xf ; 024e4efa cf014327
	s_mov_b64 exec, 1                                           ; befe0181
	v_readlane_b32 s4, v39, 63                                  ; d2890004 00017f27
	s_mov_b64 s[10:11], exec                                    ; be8a017e
BB26:
	v_mov_b32_e32 v0, s0                                        ; 7e000200
	v_mov_b32_e32 v1, s1                                        ; 7e020201
	v_mov_b32_e32 v2, s3                                        ; 7e040203
	v_mov_b32_e32 v3, s4                                        ; 7e060204
	v_mov_b32_e32 v4, 0                                         ; 7e080280
	ds_write_b128 v4, v[0:3]                                    ; d9be0000 00000004
BB31:
	s_mov_b64 exec, s[10:11]                                    ; befe010a
	s_cbranch_execz BB217                                       ; bf8807f6
BB32:
	s_mov_b32 s5, s3                                            ; be850003
	s_movk_i32 s3, 0x8000                                       ; b0038000
	s_load_dwordx4 s[12:15], s[2:3], 0x20                       ; c00a0301 00000020
	s_mul_i32 s7, s7, s17                                       ; 92071107
	v_mov_b32_e32 v0, s0                                        ; 7e000200
	s_mov_b32 s0, 0                                             ; be800080
	v_mov_b32_e32 v1, s1                                        ; 7e020201
	v_mov_b32_e32 v3, s4                                        ; 7e060204
	v_mov_b32_e32 v2, s5                                        ; 7e040205
	s_add_u32 s7, s7, s16                                       ; 80071007
	s_and_b32 s19, s19, 63                                      ; 8613bf13
	s_bitcmp1_b32 s8, 1                                         ; bf0d8108
	s_mov_b32 s6, src_scc                                       ; be8600fd
	s_cmp_lg_i32 s19, 0                                         ; bf018013
	s_mov_b32 s9, src_scc                                       ; be8900fd
	s_bitcmp1_b32 s8, 0                                         ; bf0d8008
BB33:
	s_mov_b32 s4, src_scc                                       ; be8400fd
	s_cmp_lt_i32 s0, 2                                          ; bf048200
	s_cselect_b64 vcc, -1, 0                                    ; 85ea80c1
	s_cmp_lt_i32 s0, 3                                          ; bf048300
	s_cselect_b64 s[10:11], -1, 0                               ; 858a80c1
	s_or_b64 s[16:17], vcc, s[10:11]                            ; 87900a6a
	s_andn2_b64 s[20:21], s[10:11], vcc                         ; 89946a0a
	s_cmp_lt_i32 s0, 1                                          ; bf048100
	v_cndmask_b32_e64 v4, 0, v3, s[16:17]                       ; d1000004 00420680
	v_cndmask_b32_e64 v5, v2, 0, s[20:21]                       ; d1000005 00510102
	s_cselect_b64 s[22:23], -1, 0                               ; 859680c1
	s_andn2_b64 s[24:25], vcc, s[22:23]                         ; 8998166a
	s_and_b64 s[26:27], vcc, s[22:23]                           ; 869a166a
	s_cmp_lg_i32 s9, 0                                          ; bf018009
	v_cndmask_b32_e64 v6, v1, 0, s[24:25]                       ; d1000006 00610101
	v_cndmask_b32_e64 v7, v0, 0, s[26:27]                       ; d1000007 00690100
	s_cbranch_scc0 BB39                                         ; bf840021
BB34:
	s_mov_b32 s1, src_scc                                       ; be8100fd
	s_lshl_b32 s5, s0, 2                                        ; 8e058200
	v_mov_b32_e32 v8, s5                                        ; 7e100205
	ds_read_b32 v8, v8                                          ; d86c0000 08000008
	s_mov_b32 s5, 1                                             ; be850081
	s_waitcnt lgkmcnt(0)                                        ; bf8cc07f
	v_cndmask_b32_e64 v6, v8, v6, s[22:23]                      ; d1000006 005a0d08
	v_cndmask_b32_e64 v7, v7, v8, s[22:23]                      ; d1000007 005a1107
	v_cndmask_b32_e64 v4, v8, v4, s[10:11]                      ; d1000004 002a0908
	v_cndmask_b32_e64 v5, v5, v8, s[10:11]                      ; d1000005 002a1105
	v_cndmask_b32_e32 v1, v1, v6, vcc                           ; 00020d01
	v_cndmask_b32_e32 v0, v0, v7, vcc                           ; 00000f00
	v_cndmask_b32_e32 v3, v4, v3, vcc                           ; 00060704
	v_cndmask_b32_e32 v2, v5, v2, vcc                           ; 00040505
BB35:
	s_cmp_ge_u32 s5, s19                                        ; bf091305
	s_cbranch_scc1 BB40                                         ; bf850011
BB37:
	v_mov_b32_e32 v4, 0x7fc00000                                ; 7e0802ff 7fc00000
	s_add_u32 s5, s5, 1                                         ; 80058105
	v_cndmask_b32_e64 v3, v4, v3, s[16:17]                      ; d1000003 00420704
	v_cndmask_b32_e64 v2, v2, v4, s[20:21]                      ; d1000002 00520902
	v_cndmask_b32_e64 v1, v1, v4, s[24:25]                      ; d1000001 00620901
	v_cndmask_b32_e64 v0, v0, v4, s[26:27]                      ; d1000000 006a0900
	s_branch BB35                                               ; bf82fff2
BB39:
	s_mov_b32 s1, src_scc                                       ; be8100fd
	v_mov_b32_e32 v0, v7                                        ; 7e000307
	v_mov_b32_e32 v1, v6                                        ; 7e020306
	v_mov_b32_e32 v2, v5                                        ; 7e040305
	v_mov_b32_e32 v3, v4                                        ; 7e060304
BB40:
	s_cmp_lg_i32 s4, 0                                          ; bf018004
	s_cbranch_scc0 BB42                                         ; bf840018
BB41:
	s_load_dwordx4 s[28:31], s[2:3], 0x30                       ; c00a0701 00000030
	s_mov_b32 s4, src_scc                                       ; be8400fd
	s_add_u32 s5, s7, s0                                        ; 80050007
	s_lshl_b32 s5, s5, 2                                        ; 8e058205
	s_waitcnt lgkmcnt(0)                                        ; bf8cc07f
	s_buffer_load_dword s5, s[28:31], s5                        ; c020014e 00000005
	v_cndmask_b32_e64 v4, v1, v0, s[22:23]                      ; d1000004 005a0101
	v_cndmask_b32_e64 v5, v3, v2, s[10:11]                      ; d1000005 002a0503
	v_cndmask_b32_e32 v5, v5, v4, vcc                           ; 000a0905
	s_waitcnt lgkmcnt(0)                                        ; bf8cc07f
	v_add_f32_e32 v5, s5, v5                                    ; 020a0a05
	v_cndmask_b32_e64 v3, v5, v3, s[16:17]                      ; d1000003 00420705
	v_cndmask_b32_e64 v2, v2, v5, s[20:21]                      ; d1000002 00520b02
	v_cndmask_b32_e64 v1, v1, v5, s[24:25]                      ; d1000001 00620b01
	v_cndmask_b32_e64 v0, v0, v5, s[26:27]                      ; d1000000 006a0b00
	s_branch BB43                                               ; bf820001
BB42:
	s_mov_b32 s4, src_scc                                       ; be8400fd
BB43:
	s_cmp_lg_i32 s6, 0                                          ; bf018006
	s_cbranch_scc0 BB45                                         ; bf840018
BB44:
	s_load_dwordx4 s[28:31], s[2:3], 0x40                       ; c00a0701 00000040
	s_mov_b32 s5, src_scc                                       ; be8500fd
	s_add_u32 s6, s7, s0                                        ; 80060007
	s_lshl_b32 s6, s6, 2                                        ; 8e068206
	s_waitcnt lgkmcnt(0)                                        ; bf8cc07f
	s_buffer_load_dword s6, s[28:31], s6                        ; c020018e 00000006
	v_cndmask_b32_e64 v4, v1, v0, s[22:23]                      ; d1000004 005a0101
	v_cndmask_b32_e64 v5, v3, v2, s[10:11]                      ; d1000005 002a0503
	v_cndmask_b32_e32 v5, v5, v4, vcc                           ; 000a0905
	s_waitcnt lgkmcnt(0)                                        ; bf8cc07f
	v_add_f32_e32 v5, s6, v5                                    ; 020a0a06
	v_cndmask_b32_e64 v3, v5, v3, s[16:17]                      ; d1000003 00420705
	v_cndmask_b32_e64 v2, v2, v5, s[20:21]                      ; d1000002 00520b02
	v_cndmask_b32_e64 v1, v1, v5, s[24:25]                      ; d1000001 00620b01
	v_cndmask_b32_e64 v0, v0, v5, s[26:27]                      ; d1000000 006a0b00
	s_branch BB46                                               ; bf820001
BB45:
	s_mov_b32 s5, src_scc                                       ; be8500fd
BB46:
	s_add_u32 s6, s7, s0                                        ; 80060007
	v_cndmask_b32_e64 v4, v1, v0, s[22:23]                      ; d1000004 005a0101
	v_cndmask_b32_e64 v5, v3, v2, s[10:11]                      ; d1000005 002a0503
	s_lshl_b32 s6, s6, 2                                        ; 8e068206
	v_cndmask_b32_e32 v5, v5, v4, vcc                           ; 000a0905
	s_waitcnt lgkmcnt(0)                                        ; bf8cc07f
	buffer_store_dword v5, off, s[12:15], s6                    ; e0700000 06030580
	s_add_u32 s0, s0, 1                                         ; 80008100
	s_cmp_ge_u32 s0, 4                                          ; bf098400
	s_cbranch_scc1 BB217                                        ; bf850767
BB48:
	s_mov_b32 s6, s5                                            ; be860005
	s_mov_b32 s9, s1                                            ; be890001
	s_cmp_lg_i32 s4, 0                                          ; bf018004
	s_branch BB33                                               ; bf82ff7e
BB55:
	s_cmp_lt_u32 s16, s4                                        ; bf0a0410
	s_cbranch_scc0 BB217                                        ; bf840761
BB56:
	s_sub_i32 s4, s4, s16                                       ; 81841004
	s_add_u32 s17, s17, s9                                      ; 80110911
	s_cmp_lg_i32 s17, 0                                         ; bf018011
	s_cbranch_scc0 BB58                                         ; bf840043
BB57:
	v_cvt_f32_u32_e32 v1, s11                                   ; 7e020c0b
	v_rcp_f32_e32 v1, v1                                        ; 7e024501
	v_mul_f32_e32 v1, 0x4f7ffffe, v1                            ; 0a0202ff 4f7ffffe
	v_cvt_u32_f32_e32 v1, v1                                    ; 7e020f01
	v_readfirstlane_b32 s0, v1                                  ; 7e000501
	s_mul_i32 s1, s11, s0                                       ; 9201000b
	s_sub_i32 s1, 0, s1                                         ; 81810180
	s_mul_hi_u32 s1, s0, s1                                     ; 96010100
	v_cvt_f32_u32_e32 v2, s13                                   ; 7e040c0d
	s_add_u32 s0, s0, s1                                        ; 80000100
	v_rcp_f32_e32 v2, v2                                        ; 7e044502
	s_mul_hi_u32 s0, s17, s0                                    ; 96000011
	s_mul_i32 s9, s0, s11                                       ; 92090b00
	v_mul_f32_e32 v2, 0x4f7ffffe, v2                            ; 0a0404ff 4f7ffffe
	s_sub_i32 s9, s17, s9                                       ; 81890911
	v_cvt_u32_f32_e32 v2, v2                                    ; 7e040f02
	s_cmp_ge_u32 s9, s11                                        ; bf090b09
	v_readfirstlane_b32 s20, v2                                 ; 7e280502
	s_add_u32 s0, s0, src_scc                                   ; 8000fd00
	s_sub_i32 s15, s9, s11                                      ; 818f0b09
	s_cmp_ge_u32 s9, s11                                        ; bf090b09
	s_mul_i32 s21, s13, s20                                     ; 9215140d
	s_cselect_b32 s15, s15, s9                                  ; 850f090f
	s_cmp_ge_u32 s15, s11                                       ; bf090b0f
	s_mov_b32 s18, src_scc                                      ; be9200fd
	s_add_u32 s0, s0, src_scc                                   ; 8000fd00
	s_sub_i32 s11, s15, s11                                     ; 818b0b0f
	s_cmp_lg_i32 s18, 0                                         ; bf018012
	v_cvt_f32_u32_e32 v3, s12                                   ; 7e060c0c
	s_cselect_b32 s11, s11, s15                                 ; 850b0f0b
	s_sub_i32 s21, 0, s21                                       ; 81951580
	v_rcp_f32_e32 v3, v3                                        ; 7e064503
	s_mul_hi_u32 s21, s20, s21                                  ; 96151514
	s_add_u32 s20, s20, s21                                     ; 80141514
	v_mul_f32_e32 v3, 0x4f7ffffe, v3                            ; 0a0606ff 4f7ffffe
	s_mul_hi_u32 s20, s0, s20                                   ; 96141400
	v_cvt_u32_f32_e32 v3, v3                                    ; 7e060f03
	s_mul_i32 s22, s20, s13                                     ; 92160d14
	v_readfirstlane_b32 s25, v3                                 ; 7e320503
	s_sub_i32 s0, s0, s22                                       ; 81801600
	s_mul_i32 s26, s12, s25                                     ; 921a190c
	s_cmp_ge_u32 s0, s13                                        ; bf090d00
	s_add_u32 s20, s20, src_scc                                 ; 8014fd14
	s_sub_i32 s24, s0, s13                                      ; 81980d00
	s_cmp_ge_u32 s0, s13                                        ; bf090d00
	s_cselect_b32 s24, s24, s0                                  ; 85180018
	s_cmp_ge_u32 s24, s13                                       ; bf090d18
	s_add_u32 s20, s20, src_scc                                 ; 8014fd14
	s_sub_i32 s26, 0, s26                                       ; 819a1a80
	s_mul_i32 s20, s20, s10                                     ; 92140a14
	s_mul_hi_u32 s26, s25, s26                                  ; 961a1a19
	s_add_u32 s25, s25, s26                                     ; 80191a19
	s_mul_hi_u32 s25, s11, s25                                  ; 9619190b
	s_mul_i32 s27, s25, s12                                     ; 921b0c19
	s_sub_i32 s11, s11, s27                                     ; 818b1b0b
	s_cmp_ge_u32 s11, s12                                       ; bf090c0b
	s_add_u32 s25, s25, src_scc                                 ; 8019fd19
	s_sub_i32 s29, s11, s12                                     ; 819d0c0b
	s_cmp_ge_u32 s11, s12                                       ; bf090c0b
	s_cselect_b32 s29, s29, s11                                 ; 851d0b1d
	s_cmp_ge_u32 s29, s12                                       ; bf090c1d
	s_add_u32 s25, s25, src_scc                                 ; 8019fd19
	s_add_u32 s20, s20, s25                                     ; 80141914
	s_branch BB59                                               ; bf820001
BB58:
	s_mov_b32 s20, 0                                            ; be940080
BB59:
	s_lshr_b32 s5, s5, 5                                        ; 8f058505
	v_lshlrev_b32_e32 v0, 3, v0                                 ; 24000083
	s_and_b32 s0, s3, 0xfffffe00                                ; 8600ff03 fffffe00
	s_lshr_b32 s1, s3, 9                                        ; 8f018903
	v_mov_b32_e32 v4, 0                                         ; 7e080280
	v_mov_b32_e32 v5, 0                                         ; 7e0a0280
	v_mov_b32_e32 v6, 0                                         ; 7e0c0280
	s_mul_i32 s20, s20, s5                                      ; 92140514
	v_add_u32_e32 v1, s0, v0                                    ; 68020000
	s_mov_b32 s0, 0                                             ; be800080
	v_cmp_gt_u32_e32 vcc, s3, v1                                ; 7d980203
	v_mov_b32_e32 v1, 0                                         ; 7e020280
	v_cndmask_b32_e64 v2, 0, 1, vcc                             ; d1000002 01a90280
	v_add_u32_e32 v2, s1, v2                                    ; 68040401
	v_and_b32_e32 v3, -4, v2                                    ; 260604c4
BB60:
	s_mov_b64 s[10:11], exec                                    ; be8a017e
	v_cmpx_ge_u32_e32 vcc, s0, v3                               ; 7dbc0600
BB61:
	v_mov_b32_e32 v3, s0                                        ; 7e060200
	s_andn2_b64 s[10:11], s[10:11], exec                        ; 898a7e0a
	s_cbranch_scc0 BB114                                        ; bf84035d
BB65:
	s_mov_b64 exec, s[10:11]                                    ; befe010a
	s_mov_b32 s10, s2                                           ; be8a0002
	s_movk_i32 s11, 0x8000                                      ; b00b8000
	s_waitcnt lgkmcnt(0)                                        ; bf8cc07f
	s_load_dwordx4 s[12:15], s[10:11], 0x10                     ; c00a0305 00000010
	s_lshl_b32 s1, s0, 9                                        ; 8e018900
	s_mul_i32 s5, s6, s17                                       ; 92051106
	s_mul_i32 s9, s16, s3                                       ; 92090310
	s_cmp_lg_i32 s4, 0                                          ; bf018004
	v_add_u32_e32 v7, s1, v0                                    ; 680e0001
	v_and_b32_e32 v8, 31, v7                                    ; 26100e9f
	v_sub_u32_e32 v9, v7, v8                                    ; 6a121107
	v_add3_u32 v9, v8, s5, v9                                   ; d1ff0009 04240b08
	s_cbranch_scc0 BB76                                         ; bf8400cc
BB66:
	s_load_dwordx4 s[24:27], s[10:11], 0x0                      ; c00a0605 00000000
	v_lshrrev_b32_e32 v9, 2, v9                                 ; 20121282
	v_lshlrev_b32_e32 v9, 4, v9                                 ; 24121284
	s_waitcnt lgkmcnt(0)                                        ; bf8cc07f
	buffer_load_dwordx4 v[12:15], v9, s[12:15], 0 offen         ; e05c1000 80030c09
	buffer_load_dwordx4 v[16:19], v9, s[12:15], 0 offen offset:16 ; e05c1010 80031009
	v_add_u32_e32 v9, s9, v7                                    ; 68120e09
	v_lshrrev_b32_e32 v9, 5, v9                                 ; 20121285
	v_add_u32_e32 v9, s20, v9                                   ; 68121214
	v_lshlrev_b32_e32 v10, 1, v9                                ; 24141281
	v_lshl_add_u32 v9, v9, 5, v10                               ; d1fd0009 04290b09
	v_add_u32_e32 v11, 2, v9                                    ; 68161282
	v_add_u32_e32 v20, v11, v8                                  ; 6828110b
	v_and_b32_e32 v11, -4, v11                                  ; 261616c4
	v_add_u32_e32 v11, v11, v8                                  ; 6816110b
	buffer_load_dwordx3 v[21:23], v11, s[24:27], 0 offen        ; e0581000 8006150b
	buffer_load_short_d16 v24, v9, s[24:27], 0 offen            ; e0901000 80061809
	s_mov_b32 s18, src_scc                                      ; be9200fd
	s_add_u32 s21, s9, s3                                       ; 80150309
	s_cmp_lt_u32 1, s4                                          ; bf0a0481
	s_waitcnt vmcnt(1)                                          ; bf8c3f71
	v_alignbyte_b32 v21, v22, v21, v20                          ; d1cf0015 04522b16
	v_alignbyte_b32 v23, v23, v22, v20                          ; d1cf0017 04522d17
	v_cvt_f32_i32_sdwa v25, sext(v21) dst_sel:DWORD dst_unused:UNUSED_PAD src0_sel:BYTE_3 ; 7e320af9 000b0615
	v_cvt_f32_i32_sdwa v26, sext(v21) dst_sel:DWORD dst_unused:UNUSED_PAD src0_sel:BYTE_2 ; 7e340af9 000a0615
	v_cvt_f32_i32_sdwa v27, sext(v21) dst_sel:DWORD dst_unused:UNUSED_PAD src0_sel:BYTE_1 ; 7e360af9 00090615
	v_cvt_f32_i32_sdwa v21, sext(v21) dst_sel:DWORD dst_unused:UNUSED_PAD src0_sel:BYTE_0 ; 7e2a0af9 00080615
	s_waitcnt vmcnt(0)                                          ; bf8c3f70
	v_cvt_f32_f16_e32 v31, v24                                  ; 7e3e1718
	v_cvt_f32_i32_sdwa v28, sext(v23) dst_sel:DWORD dst_unused:UNUSED_PAD src0_sel:BYTE_3 ; 7e380af9 000b0617
	v_cvt_f32_i32_sdwa v29, sext(v23) dst_sel:DWORD dst_unused:UNUSED_PAD src0_sel:BYTE_2 ; 7e3a0af9 000a0617
	v_cvt_f32_i32_sdwa v30, sext(v23) dst_sel:DWORD dst_unused:UNUSED_PAD src0_sel:BYTE_1 ; 7e3c0af9 00090617
	v_cvt_f32_i32_sdwa v23, sext(v23) dst_sel:DWORD dst_unused:UNUSED_PAD src0_sel:BYTE_0 ; 7e2e0af9 00080617
	v_mul_f32_e32 v28, v19, v28                                 ; 0a383913
	v_mac_f32_e32 v28, v18, v29                                 ; 2c383b12
	v_mac_f32_e32 v28, v17, v30                                 ; 2c383d11
	v_mac_f32_e32 v28, v16, v23                                 ; 2c382f10
	v_mac_f32_e32 v28, v14, v26                                 ; 2c38350e
	v_mac_f32_e32 v28, v15, v25                                 ; 2c38330f
	v_mac_f32_e32 v28, v13, v27                                 ; 2c38370d
	v_mac_f32_e32 v28, v12, v21                                 ; 2c382b0c
	v_mac_f32_e32 v1, v28, v31                                  ; 2c023f1c
	s_cbranch_scc0 BB77                                         ; bf840092
BB67:
	v_add_u32_e32 v9, s21, v7                                   ; 68120e15
	v_lshrrev_b32_e32 v9, 5, v9                                 ; 20121285
	v_add_u32_e32 v9, s20, v9                                   ; 68121214
	v_lshlrev_b32_e32 v10, 1, v9                                ; 24141281
	v_lshl_add_u32 v9, v9, 5, v10                               ; d1fd0009 04290b09
	v_add_u32_e32 v11, 2, v9                                    ; 68161282
	v_add_u32_e32 v20, v11, v8                                  ; 6828110b
	v_and_b32_e32 v11, -4, v11                                  ; 261616c4
	v_add_u32_e32 v11, v11, v8                                  ; 6816110b
	buffer_load_dwordx3 v[21:23], v11, s[24:27], 0 offen        ; e0581000 8006150b
	buffer_load_short_d16 v24, v9, s[24:27], 0 offen            ; e0901000 80061809
	s_add_u32 s21, s21, s3                                      ; 80150315
	s_cmp_lt_u32 2, s4                                          ; bf0a0482
	s_waitcnt vmcnt(1)                                          ; bf8c3f71
	v_alignbyte_b32 v21, v22, v21, v20                          ; d1cf0015 04522b16
	v_alignbyte_b32 v23, v23, v22, v20                          ; d1cf0017 04522d17
	v_cvt_f32_i32_sdwa v26, sext(v21) dst_sel:DWORD dst_unused:UNUSED_PAD src0_sel:BYTE_2 ; 7e340af9 000a0615
	v_cvt_f32_i32_sdwa v27, sext(v21) dst_sel:DWORD dst_unused:UNUSED_PAD src0_sel:BYTE_1 ; 7e360af9 00090615
	v_cvt_f32_i32_sdwa v25, sext(v21) dst_sel:DWORD dst_unused:UNUSED_PAD src0_sel:BYTE_3 ; 7e320af9 000b0615
	v_cvt_f32_i32_sdwa v21, sext(v21) dst_sel:DWORD dst_unused:UNUSED_PAD src0_sel:BYTE_0 ; 7e2a0af9 00080615
	s_waitcnt vmcnt(0)                                          ; bf8c3f70
	v_cvt_f32_f16_e32 v31, v24                                  ; 7e3e1718
	v_cvt_f32_i32_sdwa v28, sext(v23) dst_sel:DWORD dst_unused:UNUSED_PAD src0_sel:BYTE_3 ; 7e380af9 000b0617
	v_cvt_f32_i32_sdwa v29, sext(v23) dst_sel:DWORD dst_unused:UNUSED_PAD src0_sel:BYTE_2 ; 7e3a0af9 000a0617
	v_cvt_f32_i32_sdwa v30, sext(v23) dst_sel:DWORD dst_unused:UNUSED_PAD src0_sel:BYTE_1 ; 7e3c0af9 00090617
	v_cvt_f32_i32_sdwa v23, sext(v23) dst_sel:DWORD dst_unused:UNUSED_PAD src0_sel:BYTE_0 ; 7e2e0af9 00080617
	v_mul_f32_e32 v28, v19, v28                                 ; 0a383913
	v_mac_f32_e32 v28, v18, v29                                 ; 2c383b12
	v_mac_f32_e32 v28, v17, v30                                 ; 2c383d11
	v_mac_f32_e32 v28, v16, v23                                 ; 2c382f10
	v_mac_f32_e32 v28, v14, v26                                 ; 2c38350e
	v_mac_f32_e32 v28, v15, v25                                 ; 2c38330f
	v_mac_f32_e32 v28, v13, v27                                 ; 2c38370d
	v_mac_f32_e32 v28, v12, v21                                 ; 2c382b0c
	v_mac_f32_e32 v4, v28, v31                                  ; 2c083f1c
	s_cbranch_scc0 BB77                                         ; bf840061
BB68:
	v_add_u32_e32 v9, s21, v7                                   ; 68120e15
	v_lshrrev_b32_e32 v9, 5, v9                                 ; 20121285
	v_add_u32_e32 v9, s20, v9                                   ; 68121214
	v_lshlrev_b32_e32 v10, 1, v9                                ; 24141281
	v_lshl_add_u32 v9, v9, 5, v10                               ; d1fd0009 04290b09
	v_add_u32_e32 v11, 2, v9                                    ; 68161282
	v_add_u32_e32 v20, v11, v8                                  ; 6828110b
	v_and_b32_e32 v11, -4, v11                                  ; 261616c4
	v_add_u32_e32 v11, v11, v8                                  ; 6816110b
	buffer_load_dwordx3 v[21:23], v11, s[24:27], 0 offen        ; e0581000 8006150b
	buffer_load_short_d16 v24, v9, s[24:27], 0 offen            ; e0901000 80061809
	s_add_u32 s21, s21, s3                                      ; 80150315
	s_cmp_lt_u32 3, s4                                          ; bf0a0483
	s_waitcnt vmcnt(1)                                          ; bf8c3f71
	v_alignbyte_b32 v21, v22, v21, v20                          ; d1cf0015 04522b16
	v_alignbyte_b32 v23, v23, v22, v20                          ; d1cf0017 04522d17
	v_cvt_f32_i32_sdwa v26, sext(v21) dst_sel:DWORD dst_unused:UNUSED_PAD src0_sel:BYTE_2 ; 7e340af9 000a0615
	v_cvt_f32_i32_sdwa v27, sext(v21) dst_sel:DWORD dst_unused:UNUSED_PAD src0_sel:BYTE_1 ; 7e360af9 00090615
	v_cvt_f32_i32_sdwa v25, sext(v21) dst_sel:DWORD dst_unused:UNUSED_PAD src0_sel:BYTE_3 ; 7e320af9 000b0615
	v_cvt_f32_i32_sdwa v21, sext(v21) dst_sel:DWORD dst_unused:UNUSED_PAD src0_sel:BYTE_0 ; 7e2a0af9 00080615
	s_waitcnt vmcnt(0)                                          ; bf8c3f70
	v_cvt_f32_f16_e32 v31, v24                                  ; 7e3e1718
	v_cvt_f32_i32_sdwa v28, sext(v23) dst_sel:DWORD dst_unused:UNUSED_PAD src0_sel:BYTE_3 ; 7e380af9 000b0617
	v_cvt_f32_i32_sdwa v29, sext(v23) dst_sel:DWORD dst_unused:UNUSED_PAD src0_sel:BYTE_2 ; 7e3a0af9 000a0617
	v_cvt_f32_i32_sdwa v30, sext(v23) dst_sel:DWORD dst_unused:UNUSED_PAD src0_sel:BYTE_1 ; 7e3c0af9 00090617
	v_cvt_f32_i32_sdwa v23, sext(v23) dst_sel:DWORD dst_unused:UNUSED_PAD src0_sel:BYTE_0 ; 7e2e0af9 00080617
	v_mul_f32_e32 v28, v19, v28                                 ; 0a383913
	v_mac_f32_e32 v28, v18, v29                                 ; 2c383b12
	v_mac_f32_e32 v28, v17, v30                                 ; 2c383d11
	v_mac_f32_e32 v28, v16, v23                                 ; 2c382f10
	v_mac_f32_e32 v28, v14, v26                                 ; 2c38350e
	v_mac_f32_e32 v28, v15, v25                                 ; 2c38330f
	v_mac_f32_e32 v28, v13, v27                                 ; 2c38370d
	v_mac_f32_e32 v28, v12, v21                                 ; 2c382b0c
	v_mac_f32_e32 v5, v28, v31                                  ; 2c0a3f1c
	s_cbranch_scc0 BB77                                         ; bf840030
BB69:
	v_add_u32_e32 v7, s21, v7                                   ; 680e0e15
	v_lshrrev_b32_e32 v7, 5, v7                                 ; 200e0e85
	v_add_u32_e32 v7, s20, v7                                   ; 680e0e14
	v_lshlrev_b32_e32 v9, 1, v7                                 ; 24120e81
	v_lshl_add_u32 v7, v7, 5, v9                                ; d1fd0007 04250b07
	v_add_u32_e32 v10, 2, v7                                    ; 68140e82
	v_add_u32_e32 v11, v10, v8                                  ; 6816110a
	v_and_b32_e32 v10, -4, v10                                  ; 261414c4
	v_add_u32_e32 v10, v10, v8                                  ; 6814110a
	buffer_load_dwordx3 v[20:22], v10, s[24:27], 0 offen        ; e0581000 8006140a
	buffer_load_short_d16 v23, v7, s[24:27], 0 offen            ; e0901000 80061707
	s_waitcnt vmcnt(1)                                          ; bf8c3f71
	v_alignbyte_b32 v20, v21, v20, v11                          ; d1cf0014 042e2915
	v_alignbyte_b32 v22, v22, v21, v11                          ; d1cf0016 042e2b16
	v_cvt_f32_i32_sdwa v24, sext(v20) dst_sel:DWORD dst_unused:UNUSED_PAD src0_sel:BYTE_3 ; 7e300af9 000b0614
	v_cvt_f32_i32_sdwa v25, sext(v20) dst_sel:DWORD dst_unused:UNUSED_PAD src0_sel:BYTE_2 ; 7e320af9 000a0614
	v_cvt_f32_i32_sdwa v26, sext(v20) dst_sel:DWORD dst_unused:UNUSED_PAD src0_sel:BYTE_1 ; 7e340af9 00090614
	v_cvt_f32_i32_sdwa v20, sext(v20) dst_sel:DWORD dst_unused:UNUSED_PAD src0_sel:BYTE_0 ; 7e280af9 00080614
	v_cvt_f32_i32_sdwa v27, sext(v22) dst_sel:DWORD dst_unused:UNUSED_PAD src0_sel:BYTE_3 ; 7e360af9 000b0616
	v_cvt_f32_i32_sdwa v28, sext(v22) dst_sel:DWORD dst_unused:UNUSED_PAD src0_sel:BYTE_2 ; 7e380af9 000a0616
	v_cvt_f32_i32_sdwa v29, sext(v22) dst_sel:DWORD dst_unused:UNUSED_PAD src0_sel:BYTE_1 ; 7e3a0af9 00090616
	v_cvt_f32_i32_sdwa v22, sext(v22) dst_sel:DWORD dst_unused:UNUSED_PAD src0_sel:BYTE_0 ; 7e2c0af9 00080616
	s_waitcnt vmcnt(0)                                          ; bf8c3f70
	v_cvt_f32_f16_e32 v30, v23                                  ; 7e3c1717
	v_mul_f32_e32 v19, v19, v27                                 ; 0a263713
	v_mac_f32_e32 v19, v18, v28                                 ; 2c263912
	v_mac_f32_e32 v19, v17, v29                                 ; 2c263b11
	v_mac_f32_e32 v19, v16, v22                                 ; 2c262d10
	v_mac_f32_e32 v19, v14, v25                                 ; 2c26330e
	v_mac_f32_e32 v19, v15, v24                                 ; 2c26310f
	v_mac_f32_e32 v19, v13, v26                                 ; 2c26350d
	v_mac_f32_e32 v19, v12, v20                                 ; 2c26290c
	v_mac_f32_e32 v6, v19, v30                                  ; 2c0c3d13
	s_branch BB77                                               ; bf820001
BB76:
	s_mov_b32 s18, src_scc                                      ; be9200fd
BB77:
	s_add_u32 s21, s1, 0x200                                    ; 8015ff01 00000200
	s_cmp_lg_i32 s18, 0                                         ; bf018012
	v_add_u32_e32 v7, s21, v0                                   ; 680e0015
	v_and_b32_e32 v8, 31, v7                                    ; 26100e9f
	v_sub_u32_e32 v9, v7, v8                                    ; 6a121107
	v_add3_u32 v9, v8, s5, v9                                   ; d1ff0009 04240b08
	s_cbranch_scc0 BB88                                         ; bf8400cc
BB78:
	s_load_dwordx4 s[24:27], s[10:11], 0x0                      ; c00a0605 00000000
	v_lshrrev_b32_e32 v9, 2, v9                                 ; 20121282
	v_lshlrev_b32_e32 v9, 4, v9                                 ; 24121284
	s_waitcnt lgkmcnt(0)                                        ; bf8cc07f
	buffer_load_dwordx4 v[12:15], v9, s[12:15], 0 offen         ; e05c1000 80030c09
	buffer_load_dwordx4 v[16:19], v9, s[12:15], 0 offen offset:16 ; e05c1010 80031009
	v_add_u32_e32 v9, s9, v7                                    ; 68120e09
	v_lshrrev_b32_e32 v9, 5, v9                                 ; 20121285
	v_add_u32_e32 v9, s20, v9                                   ; 68121214
	v_lshlrev_b32_e32 v10, 1, v9                                ; 24141281
	v_lshl_add_u32 v9, v9, 5, v10                               ; d1fd0009 04290b09
	v_add_u32_e32 v11, 2, v9                                    ; 68161282
	v_add_u32_e32 v20, v11, v8                                  ; 6828110b
	v_and_b32_e32 v11, -4, v11                                  ; 261616c4
	v_add_u32_e32 v11, v11, v8                                  ; 6816110b
	buffer_load_dwordx3 v[21:23], v11, s[24:27], 0 offen        ; e0581000 8006150b
	buffer_load_short_d16 v24, v9, s[24:27], 0 offen            ; e0901000 80061809
	s_mov_b32 s18, src_scc                                      ; be9200fd
	s_add_u32 s21, s9, s3                                       ; 80150309
	s_cmp_lt_u32 1, s4                                          ; bf0a0481
	s_waitcnt vmcnt(1)                                          ; bf8c3f71
	v_alignbyte_b32 v21, v22, v21, v20                          ; d1cf0015 04522b16
	v_alignbyte_b32 v23, v23, v22, v20                          ; d1cf0017 04522d17
	v_cvt_f32_i32_sdwa v25, sext(v21) dst_sel:DWORD dst_unused:UNUSED_PAD src0_sel:BYTE_3 ; 7e320af9 000b0615
	v_cvt_f32_i32_sdwa v26, sext(v21) dst_sel:DWORD dst_unused:UNUSED_PAD src0_sel:BYTE_2 ; 7e340af9 000a0615
	v_cvt_f32_i32_sdwa v27, sext(v21) dst_sel:DWORD dst_unused:UNUSED_PAD src0_sel:BYTE_1 ; 7e360af9 00090615
	v_cvt_f32_i32_sdwa v21, sext(v21) dst_sel:DWORD dst_unused:UNUSED_PAD src0_sel:BYTE_0 ; 7e2a0af9 00080615
	s_waitcnt vmcnt(0)                                          ; bf8c3f70
	v_cvt_f32_f16_e32 v31, v24                                  ; 7e3e1718
	v_cvt_f32_i32_sdwa v28, sext(v23) dst_sel:DWORD dst_unused:UNUSED_PAD src0_sel:BYTE_3 ; 7e380af9 000b0617
	v_cvt_f32_i32_sdwa v29, sext(v23) dst_sel:DWORD dst_unused:UNUSED_PAD src0_sel:BYTE_2 ; 7e3a0af9 000a0617
	v_cvt_f32_i32_sdwa v30, sext(v23) dst_sel:DWORD dst_unused:UNUSED_PAD src0_sel:BYTE_1 ; 7e3c0af9 00090617
	v_cvt_f32_i32_sdwa v23, sext(v23) dst_sel:DWORD dst_unused:UNUSED_PAD src0_sel:BYTE_0 ; 7e2e0af9 00080617
	v_mul_f32_e32 v28, v19, v28                                 ; 0a383913
	v_mac_f32_e32 v28, v18, v29                                 ; 2c383b12
	v_mac_f32_e32 v28, v17, v30                                 ; 2c383d11
	v_mac_f32_e32 v28, v16, v23                                 ; 2c382f10
	v_mac_f32_e32 v28, v14, v26                                 ; 2c38350e
	v_mac_f32_e32 v28, v15, v25                                 ; 2c38330f
	v_mac_f32_e32 v28, v13, v27                                 ; 2c38370d
	v_mac_f32_e32 v28, v12, v21                                 ; 2c382b0c
	v_mac_f32_e32 v1, v28, v31                                  ; 2c023f1c
	s_cbranch_scc0 BB89                                         ; bf840092
BB79:
	v_add_u32_e32 v9, s21, v7                                   ; 68120e15
	v_lshrrev_b32_e32 v9, 5, v9                                 ; 20121285
	v_add_u32_e32 v9, s20, v9                                   ; 68121214
	v_lshlrev_b32_e32 v10, 1, v9                                ; 24141281
	v_lshl_add_u32 v9, v9, 5, v10                               ; d1fd0009 04290b09
	v_add_u32_e32 v11, 2, v9                                    ; 68161282
	v_add_u32_e32 v20, v11, v8                                  ; 6828110b
	v_and_b32_e32 v11, -4, v11                                  ; 261616c4
	v_add_u32_e32 v11, v11, v8                                  ; 6816110b
	buffer_load_dwordx3 v[21:23], v11, s[24:27], 0 offen        ; e0581000 8006150b
	buffer_load_short_d16 v24, v9, s[24:27], 0 offen            ; e0901000 80061809
	s_add_u32 s21, s21, s3                                      ; 80150315
	s_cmp_lt_u32 2, s4                                          ; bf0a0482
	s_waitcnt vmcnt(1)                                          ; bf8c3f71
	v_alignbyte_b32 v21, v22, v21, v20                          ; d1cf0015 04522b16
	v_alignbyte_b32 v23, v23, v22, v20                          ; d1cf0017 04522d17
	v_cvt_f32_i32_sdwa v26, sext(v21) dst_sel:DWORD dst_unused:UNUSED_PAD src0_sel:BYTE_2 ; 7e340af9 000a0615
	v_cvt_f32_i32_sdwa v27, sext(v21) dst_sel:DWORD dst_unused:UNUSED_PAD src0_sel:BYTE_1 ; 7e360af9 00090615
	v_cvt_f32_i32_sdwa v25, sext(v21) dst_sel:DWORD dst_unused:UNUSED_PAD src0_sel:BYTE_3 ; 7e320af9 000b0615
	v_cvt_f32_i32_sdwa v21, sext(v21) dst_sel:DWORD dst_unused:UNUSED_PAD src0_sel:BYTE_0 ; 7e2a0af9 00080615
	s_waitcnt vmcnt(0)                                          ; bf8c3f70
	v_cvt_f32_f16_e32 v31, v24                                  ; 7e3e1718
	v_cvt_f32_i32_sdwa v28, sext(v23) dst_sel:DWORD dst_unused:UNUSED_PAD src0_sel:BYTE_3 ; 7e380af9 000b0617
	v_cvt_f32_i32_sdwa v29, sext(v23) dst_sel:DWORD dst_unused:UNUSED_PAD src0_sel:BYTE_2 ; 7e3a0af9 000a0617
	v_cvt_f32_i32_sdwa v30, sext(v23) dst_sel:DWORD dst_unused:UNUSED_PAD src0_sel:BYTE_1 ; 7e3c0af9 00090617
	v_cvt_f32_i32_sdwa v23, sext(v23) dst_sel:DWORD dst_unused:UNUSED_PAD src0_sel:BYTE_0 ; 7e2e0af9 00080617
	v_mul_f32_e32 v28, v19, v28                                 ; 0a383913
	v_mac_f32_e32 v28, v18, v29                                 ; 2c383b12
	v_mac_f32_e32 v28, v17, v30                                 ; 2c383d11
	v_mac_f32_e32 v28, v16, v23                                 ; 2c382f10
	v_mac_f32_e32 v28, v14, v26                                 ; 2c38350e
	v_mac_f32_e32 v28, v15, v25                                 ; 2c38330f
	v_mac_f32_e32 v28, v13, v27                                 ; 2c38370d
	v_mac_f32_e32 v28, v12, v21                                 ; 2c382b0c
	v_mac_f32_e32 v4, v28, v31                                  ; 2c083f1c
	s_cbranch_scc0 BB89                                         ; bf840061
BB80:
	v_add_u32_e32 v9, s21, v7                                   ; 68120e15
	v_lshrrev_b32_e32 v9, 5, v9                                 ; 20121285
	v_add_u32_e32 v9, s20, v9                                   ; 68121214
	v_lshlrev_b32_e32 v10, 1, v9                                ; 24141281
	v_lshl_add_u32 v9, v9, 5, v10                               ; d1fd0009 04290b09
	v_add_u32_e32 v11, 2, v9                                    ; 68161282
	v_add_u32_e32 v20, v11, v8                                  ; 6828110b
	v_and_b32_e32 v11, -4, v11                                  ; 261616c4
	v_add_u32_e32 v11, v11, v8                                  ; 6816110b
	buffer_load_dwordx3 v[21:23], v11, s[24:27], 0 offen        ; e0581000 8006150b
	buffer_load_short_d16 v24, v9, s[24:27], 0 offen            ; e0901000 80061809
	s_add_u32 s21, s21, s3                                      ; 80150315
	s_cmp_lt_u32 3, s4                                          ; bf0a0483
	s_waitcnt vmcnt(1)                                          ; bf8c3f71
	v_alignbyte_b32 v21, v22, v21, v20                          ; d1cf0015 04522b16
	v_alignbyte_b32 v23, v23, v22, v20                          ; d1cf0017 04522d17
	v_cvt_f32_i32_sdwa v26, sext(v21) dst_sel:DWORD dst_unused:UNUSED_PAD src0_sel:BYTE_2 ; 7e340af9 000a0615
	v_cvt_f32_i32_sdwa v27, sext(v21) dst_sel:DWORD dst_unused:UNUSED_PAD src0_sel:BYTE_1 ; 7e360af9 00090615
	v_cvt_f32_i32_sdwa v25, sext(v21) dst_sel:DWORD dst_unused:UNUSED_PAD src0_sel:BYTE_3 ; 7e320af9 000b0615
	v_cvt_f32_i32_sdwa v21, sext(v21) dst_sel:DWORD dst_unused:UNUSED_PAD src0_sel:BYTE_0 ; 7e2a0af9 00080615
	s_waitcnt vmcnt(0)                                          ; bf8c3f70
	v_cvt_f32_f16_e32 v31, v24                                  ; 7e3e1718
	v_cvt_f32_i32_sdwa v28, sext(v23) dst_sel:DWORD dst_unused:UNUSED_PAD src0_sel:BYTE_3 ; 7e380af9 000b0617
	v_cvt_f32_i32_sdwa v29, sext(v23) dst_sel:DWORD dst_unused:UNUSED_PAD src0_sel:BYTE_2 ; 7e3a0af9 000a0617
	v_cvt_f32_i32_sdwa v30, sext(v23) dst_sel:DWORD dst_unused:UNUSED_PAD src0_sel:BYTE_1 ; 7e3c0af9 00090617
	v_cvt_f32_i32_sdwa v23, sext(v23) dst_sel:DWORD dst_unused:UNUSED_PAD src0_sel:BYTE_0 ; 7e2e0af9 00080617
	v_mul_f32_e32 v28, v19, v28                                 ; 0a383913
	v_mac_f32_e32 v28, v18, v29                                 ; 2c383b12
	v_mac_f32_e32 v28, v17, v30                                 ; 2c383d11
	v_mac_f32_e32 v28, v16, v23                                 ; 2c382f10
	v_mac_f32_e32 v28, v14, v26                                 ; 2c38350e
	v_mac_f32_e32 v28, v15, v25                                 ; 2c38330f
	v_mac_f32_e32 v28, v13, v27                                 ; 2c38370d
	v_mac_f32_e32 v28, v12, v21                                 ; 2c382b0c
	v_mac_f32_e32 v5, v28, v31                                  ; 2c0a3f1c
	s_cbranch_scc0 BB89                                         ; bf840030
BB81:
	v_add_u32_e32 v7, s21, v7                                   ; 680e0e15
	v_lshrrev_b32_e32 v7, 5, v7                                 ; 200e0e85
	v_add_u32_e32 v7, s20, v7                                   ; 680e0e14
	v_lshlrev_b32_e32 v9, 1, v7                                 ; 24120e81
	v_lshl_add_u32 v7, v7, 5, v9                                ; d1fd0007 04250b07
	v_add_u32_e32 v10, 2, v7                                    ; 68140e82
	v_add_u32_e32 v11, v10, v8                                  ; 6816110a
	v_and_b32_e32 v10, -4, v10                                  ; 261414c4
	v_add_u32_e32 v10, v10, v8                                  ; 6814110a
	buffer_load_dwordx3 v[20:22], v10, s[24:27], 0 offen        ; e0581000 8006140a
	buffer_load_short_d16 v23, v7, s[24:27], 0 offen            ; e0901000 80061707
	s_waitcnt vmcnt(1)                                          ; bf8c3f71
	v_alignbyte_b32 v20, v21, v20, v11                          ; d1cf0014 042e2915
	v_alignbyte_b32 v22, v22, v21, v11                          ; d1cf0016 042e2b16
	v_cvt_f32_i32_sdwa v24, sext(v20) dst_sel:DWORD dst_unused:UNUSED_PAD src0_sel:BYTE_3 ; 7e300af9 000b0614
	v_cvt_f32_i32_sdwa v25, sext(v20) dst_sel:DWORD dst_unused:UNUSED_PAD src0_sel:BYTE_2 ; 7e320af9 000a0614
	v_cvt_f32_i32_sdwa v26, sext(v20) dst_sel:DWORD dst_unused:UNUSED_PAD src0_sel:BYTE_1 ; 7e340af9 00090614
	v_cvt_f32_i32_sdwa v20, sext(v20) dst_sel:DWORD dst_unused:UNUSED_PAD src0_sel:BYTE_0 ; 7e280af9 00080614
	v_cvt_f32_i32_sdwa v27, sext(v22) dst_sel:DWORD dst_unused:UNUSED_PAD src0_sel:BYTE_3 ; 7e360af9 000b0616
	v_cvt_f32_i32_sdwa v28, sext(v22) dst_sel:DWORD dst_unused:UNUSED_PAD src0_sel:BYTE_2 ; 7e380af9 000a0616
	v_cvt_f32_i32_sdwa v29, sext(v22) dst_sel:DWORD dst_unused:UNUSED_PAD src0_sel:BYTE_1 ; 7e3a0af9 00090616
	v_cvt_f32_i32_sdwa v22, sext(v22) dst_sel:DWORD dst_unused:UNUSED_PAD src0_sel:BYTE_0 ; 7e2c0af9 00080616
	s_waitcnt vmcnt(0)                                          ; bf8c3f70
	v_cvt_f32_f16_e32 v30, v23                                  ; 7e3c1717
	v_mul_f32_e32 v19, v19, v27                                 ; 0a263713
	v_mac_f32_e32 v19, v18, v28                                 ; 2c263912
	v_mac_f32_e32 v19, v17, v29                                 ; 2c263b11
	v_mac_f32_e32 v19, v16, v22                                 ; 2c262d10
	v_mac_f32_e32 v19, v14, v25                                 ; 2c26330e
	v_mac_f32_e32 v19, v15, v24                                 ; 2c26310f
	v_mac_f32_e32 v19, v13, v26                                 ; 2c26350d
	v_mac_f32_e32 v19, v12, v20                                 ; 2c26290c
	v_mac_f32_e32 v6, v19, v30                                  ; 2c0c3d13
	s_branch BB89                                               ; bf820001
BB88:
	s_mov_b32 s18, src_scc                                      ; be9200fd
BB89:
	s_add_u32 s21, 0x400, s1                                    ; 801501ff 00000400
	s_cmp_lg_i32 s18, 0                                         ; bf018012
	v_add_u32_e32 v7, s21, v0                                   ; 680e0015
	v_and_b32_e32 v8, 31, v7                                    ; 26100e9f
	v_sub_u32_e32 v9, v7, v8                                    ; 6a121107
	v_add3_u32 v9, v8, s5, v9                                   ; d1ff0009 04240b08
	s_cbranch_scc0 BB100                                        ; bf8400cc
BB90:
	s_load_dwordx4 s[24:27], s[10:11], 0x0                      ; c00a0605 00000000
	v_lshrrev_b32_e32 v9, 2, v9                                 ; 20121282
	v_lshlrev_b32_e32 v9, 4, v9                                 ; 24121284
	s_waitcnt lgkmcnt(0)                                        ; bf8cc07f
	buffer_load_dwordx4 v[12:15], v9, s[12:15], 0 offen         ; e05c1000 80030c09
	buffer_load_dwordx4 v[16:19], v9, s[12:15], 0 offen offset:16 ; e05c1010 80031009
	v_add_u32_e32 v9, s9, v7                                    ; 68120e09
	v_lshrrev_b32_e32 v9, 5, v9                                 ; 20121285
	v_add_u32_e32 v9, s20, v9                                   ; 68121214
	v_lshlrev_b32_e32 v10, 1, v9                                ; 24141281
	v_lshl_add_u32 v9, v9, 5, v10                               ; d1fd0009 04290b09
	v_add_u32_e32 v11, 2, v9                                    ; 68161282
	v_add_u32_e32 v20, v11, v8                                  ; 6828110b
	v_and_b32_e32 v11, -4, v11                                  ; 261616c4
	v_add_u32_e32 v11, v11, v8                                  ; 6816110b
	buffer_load_dwordx3 v[21:23], v11, s[24:27], 0 offen        ; e0581000 8006150b
	buffer_load_short_d16 v24, v9, s[24:27], 0 offen            ; e0901000 80061809
	s_mov_b32 s18, src_scc                                      ; be9200fd
	s_add_u32 s21, s9, s3                                       ; 80150309
	s_cmp_lt_u32 1, s4                                          ; bf0a0481
	s_waitcnt vmcnt(1)                                          ; bf8c3f71
	v_alignbyte_b32 v21, v22, v21, v20                          ; d1cf0015 04522b16
	v_alignbyte_b32 v23, v23, v22, v20                          ; d1cf0017 04522d17
	v_cvt_f32_i32_sdwa v25, sext(v21) dst_sel:DWORD dst_unused:UNUSED_PAD src0_sel:BYTE_3 ; 7e320af9 000b0615
	v_cvt_f32_i32_sdwa v26, sext(v21) dst_sel:DWORD dst_unused:UNUSED_PAD src0_sel:BYTE_2 ; 7e340af9 000a0615
	v_cvt_f32_i32_sdwa v27, sext(v21) dst_sel:DWORD dst_unused:UNUSED_PAD src0_sel:BYTE_1 ; 7e360af9 00090615
	v_cvt_f32_i32_sdwa v21, sext(v21) dst_sel:DWORD dst_unused:UNUSED_PAD src0_sel:BYTE_0 ; 7e2a0af9 00080615
	s_waitcnt vmcnt(0)                                          ; bf8c3f70
	v_cvt_f32_f16_e32 v31, v24                                  ; 7e3e1718
	v_cvt_f32_i32_sdwa v28, sext(v23) dst_sel:DWORD dst_unused:UNUSED_PAD src0_sel:BYTE_3 ; 7e380af9 000b0617
	v_cvt_f32_i32_sdwa v29, sext(v23) dst_sel:DWORD dst_unused:UNUSED_PAD src0_sel:BYTE_2 ; 7e3a0af9 000a0617
	v_cvt_f32_i32_sdwa v30, sext(v23) dst_sel:DWORD dst_unused:UNUSED_PAD src0_sel:BYTE_1 ; 7e3c0af9 00090617
	v_cvt_f32_i32_sdwa v23, sext(v23) dst_sel:DWORD dst_unused:UNUSED_PAD src0_sel:BYTE_0 ; 7e2e0af9 00080617
	v_mul_f32_e32 v28, v19, v28                                 ; 0a383913
	v_mac_f32_e32 v28, v18, v29                                 ; 2c383b12
	v_mac_f32_e32 v28, v17, v30                                 ; 2c383d11
	v_mac_f32_e32 v28, v16, v23                                 ; 2c382f10
	v_mac_f32_e32 v28, v14, v26                                 ; 2c38350e
	v_mac_f32_e32 v28, v15, v25                                 ; 2c38330f
	v_mac_f32_e32 v28, v13, v27                                 ; 2c38370d
	v_mac_f32_e32 v28, v12, v21                                 ; 2c382b0c
	v_mac_f32_e32 v1, v28, v31                                  ; 2c023f1c
	s_cbranch_scc0 BB101                                        ; bf840092
BB91:
	v_add_u32_e32 v9, s21, v7                                   ; 68120e15
	v_lshrrev_b32_e32 v9, 5, v9                                 ; 20121285
	v_add_u32_e32 v9, s20, v9                                   ; 68121214
	v_lshlrev_b32_e32 v10, 1, v9                                ; 24141281
	v_lshl_add_u32 v9, v9, 5, v10                               ; d1fd0009 04290b09
	v_add_u32_e32 v11, 2, v9                                    ; 68161282
	v_add_u32_e32 v20, v11, v8                                  ; 6828110b
	v_and_b32_e32 v11, -4, v11                                  ; 261616c4
	v_add_u32_e32 v11, v11, v8                                  ; 6816110b
	buffer_load_dwordx3 v[21:23], v11, s[24:27], 0 offen        ; e0581000 8006150b
	buffer_load_short_d16 v24, v9, s[24:27], 0 offen            ; e0901000 80061809
	s_add_u32 s21, s21, s3                                      ; 80150315
	s_cmp_lt_u32 2, s4                                          ; bf0a0482
	s_waitcnt vmcnt(1)                                          ; bf8c3f71
	v_alignbyte_b32 v21, v22, v21, v20                          ; d1cf0015 04522b16
	v_alignbyte_b32 v23, v23, v22, v20                          ; d1cf0017 04522d17
	v_cvt_f32_i32_sdwa v26, sext(v21) dst_sel:DWORD dst_unused:UNUSED_PAD src0_sel:BYTE_2 ; 7e340af9 000a0615
	v_cvt_f32_i32_sdwa v27, sext(v21) dst_sel:DWORD dst_unused:UNUSED_PAD src0_sel:BYTE_1 ; 7e360af9 00090615
	v_cvt_f32_i32_sdwa v25, sext(v21) dst_sel:DWORD dst_unused:UNUSED_PAD src0_sel:BYTE_3 ; 7e320af9 000b0615
	v_cvt_f32_i32_sdwa v21, sext(v21) dst_sel:DWORD dst_unused:UNUSED_PAD src0_sel:BYTE_0 ; 7e2a0af9 00080615
	s_waitcnt vmcnt(0)                                          ; bf8c3f70
	v_cvt_f32_f16_e32 v31, v24                                  ; 7e3e1718
	v_cvt_f32_i32_sdwa v28, sext(v23) dst_sel:DWORD dst_unused:UNUSED_PAD src0_sel:BYTE_3 ; 7e380af9 000b0617
	v_cvt_f32_i32_sdwa v29, sext(v23) dst_sel:DWORD dst_unused:UNUSED_PAD src0_sel:BYTE_2 ; 7e3a0af9 000a0617
	v_cvt_f32_i32_sdwa v30, sext(v23) dst_sel:DWORD dst_unused:UNUSED_PAD src0_sel:BYTE_1 ; 7e3c0af9 00090617
	v_cvt_f32_i32_sdwa v23, sext(v23) dst_sel:DWORD dst_unused:UNUSED_PAD src0_sel:BYTE_0 ; 7e2e0af9 00080617
	v_mul_f32_e32 v28, v19, v28                                 ; 0a383913
	v_mac_f32_e32 v28, v18, v29                                 ; 2c383b12
	v_mac_f32_e32 v28, v17, v30                                 ; 2c383d11
	v_mac_f32_e32 v28, v16, v23                                 ; 2c382f10
	v_mac_f32_e32 v28, v14, v26                                 ; 2c38350e
	v_mac_f32_e32 v28, v15, v25                                 ; 2c38330f
	v_mac_f32_e32 v28, v13, v27                                 ; 2c38370d
	v_mac_f32_e32 v28, v12, v21                                 ; 2c382b0c
	v_mac_f32_e32 v4, v28, v31                                  ; 2c083f1c
	s_cbranch_scc0 BB101                                        ; bf840061
BB92:
	v_add_u32_e32 v9, s21, v7                                   ; 68120e15
	v_lshrrev_b32_e32 v9, 5, v9                                 ; 20121285
	v_add_u32_e32 v9, s20, v9                                   ; 68121214
	v_lshlrev_b32_e32 v10, 1, v9                                ; 24141281
	v_lshl_add_u32 v9, v9, 5, v10                               ; d1fd0009 04290b09
	v_add_u32_e32 v11, 2, v9                                    ; 68161282
	v_add_u32_e32 v20, v11, v8                                  ; 6828110b
	v_and_b32_e32 v11, -4, v11                                  ; 261616c4
	v_add_u32_e32 v11, v11, v8                                  ; 6816110b
	buffer_load_dwordx3 v[21:23], v11, s[24:27], 0 offen        ; e0581000 8006150b
	buffer_load_short_d16 v24, v9, s[24:27], 0 offen            ; e0901000 80061809
	s_add_u32 s21, s21, s3                                      ; 80150315
	s_cmp_lt_u32 3, s4                                          ; bf0a0483
	s_waitcnt vmcnt(1)                                          ; bf8c3f71
	v_alignbyte_b32 v21, v22, v21, v20                          ; d1cf0015 04522b16
	v_alignbyte_b32 v23, v23, v22, v20                          ; d1cf0017 04522d17
	v_cvt_f32_i32_sdwa v26, sext(v21) dst_sel:DWORD dst_unused:UNUSED_PAD src0_sel:BYTE_2 ; 7e340af9 000a0615
	v_cvt_f32_i32_sdwa v27, sext(v21) dst_sel:DWORD dst_unused:UNUSED_PAD src0_sel:BYTE_1 ; 7e360af9 00090615
	v_cvt_f32_i32_sdwa v25, sext(v21) dst_sel:DWORD dst_unused:UNUSED_PAD src0_sel:BYTE_3 ; 7e320af9 000b0615
	v_cvt_f32_i32_sdwa v21, sext(v21) dst_sel:DWORD dst_unused:UNUSED_PAD src0_sel:BYTE_0 ; 7e2a0af9 00080615
	s_waitcnt vmcnt(0)                                          ; bf8c3f70
	v_cvt_f32_f16_e32 v31, v24                                  ; 7e3e1718
	v_cvt_f32_i32_sdwa v28, sext(v23) dst_sel:DWORD dst_unused:UNUSED_PAD src0_sel:BYTE_3 ; 7e380af9 000b0617
	v_cvt_f32_i32_sdwa v29, sext(v23) dst_sel:DWORD dst_unused:UNUSED_PAD src0_sel:BYTE_2 ; 7e3a0af9 000a0617
	v_cvt_f32_i32_sdwa v30, sext(v23) dst_sel:DWORD dst_unused:UNUSED_PAD src0_sel:BYTE_1 ; 7e3c0af9 00090617
	v_cvt_f32_i32_sdwa v23, sext(v23) dst_sel:DWORD dst_unused:UNUSED_PAD src0_sel:BYTE_0 ; 7e2e0af9 00080617
	v_mul_f32_e32 v28, v19, v28                                 ; 0a383913
	v_mac_f32_e32 v28, v18, v29                                 ; 2c383b12
	v_mac_f32_e32 v28, v17, v30                                 ; 2c383d11
	v_mac_f32_e32 v28, v16, v23                                 ; 2c382f10
	v_mac_f32_e32 v28, v14, v26                                 ; 2c38350e
	v_mac_f32_e32 v28, v15, v25                                 ; 2c38330f
	v_mac_f32_e32 v28, v13, v27                                 ; 2c38370d
	v_mac_f32_e32 v28, v12, v21                                 ; 2c382b0c
	v_mac_f32_e32 v5, v28, v31                                  ; 2c0a3f1c
	s_cbranch_scc0 BB101                                        ; bf840030
BB93:
	v_add_u32_e32 v7, s21, v7                                   ; 680e0e15
	v_lshrrev_b32_e32 v7, 5, v7                                 ; 200e0e85
	v_add_u32_e32 v7, s20, v7                                   ; 680e0e14
	v_lshlrev_b32_e32 v9, 1, v7                                 ; 24120e81
	v_lshl_add_u32 v7, v7, 5, v9                                ; d1fd0007 04250b07
	v_add_u32_e32 v10, 2, v7                                    ; 68140e82
	v_add_u32_e32 v11, v10, v8                                  ; 6816110a
	v_and_b32_e32 v10, -4, v10                                  ; 261414c4
	v_add_u32_e32 v10, v10, v8                                  ; 6814110a
	buffer_load_dwordx3 v[20:22], v10, s[24:27], 0 offen        ; e0581000 8006140a
	buffer_load_short_d16 v23, v7, s[24:27], 0 offen            ; e0901000 80061707
	s_waitcnt vmcnt(1)                                          ; bf8c3f71
	v_alignbyte_b32 v20, v21, v20, v11                          ; d1cf0014 042e2915
	v_alignbyte_b32 v22, v22, v21, v11                          ; d1cf0016 042e2b16
	v_cvt_f32_i32_sdwa v24, sext(v20) dst_sel:DWORD dst_unused:UNUSED_PAD src0_sel:BYTE_3 ; 7e300af9 000b0614
	v_cvt_f32_i32_sdwa v25, sext(v20) dst_sel:DWORD dst_unused:UNUSED_PAD src0_sel:BYTE_2 ; 7e320af9 000a0614
	v_cvt_f32_i32_sdwa v26, sext(v20) dst_sel:DWORD dst_unused:UNUSED_PAD src0_sel:BYTE_1 ; 7e340af9 00090614
	v_cvt_f32_i32_sdwa v20, sext(v20) dst_sel:DWORD dst_unused:UNUSED_PAD src0_sel:BYTE_0 ; 7e280af9 00080614
	v_cvt_f32_i32_sdwa v27, sext(v22) dst_sel:DWORD dst_unused:UNUSED_PAD src0_sel:BYTE_3 ; 7e360af9 000b0616
	v_cvt_f32_i32_sdwa v28, sext(v22) dst_sel:DWORD dst_unused:UNUSED_PAD src0_sel:BYTE_2 ; 7e380af9 000a0616
	v_cvt_f32_i32_sdwa v29, sext(v22) dst_sel:DWORD dst_unused:UNUSED_PAD src0_sel:BYTE_1 ; 7e3a0af9 00090616
	v_cvt_f32_i32_sdwa v22, sext(v22) dst_sel:DWORD dst_unused:UNUSED_PAD src0_sel:BYTE_0 ; 7e2c0af9 00080616
	s_waitcnt vmcnt(0)                                          ; bf8c3f70
	v_cvt_f32_f16_e32 v30, v23                                  ; 7e3c1717
	v_mul_f32_e32 v19, v19, v27                                 ; 0a263713
	v_mac_f32_e32 v19, v18, v28                                 ; 2c263912
	v_mac_f32_e32 v19, v17, v29                                 ; 2c263b11
	v_mac_f32_e32 v19, v16, v22                                 ; 2c262d10
	v_mac_f32_e32 v19, v14, v25                                 ; 2c26330e
	v_mac_f32_e32 v19, v15, v24                                 ; 2c26310f
	v_mac_f32_e32 v19, v13, v26                                 ; 2c26350d
	v_mac_f32_e32 v19, v12, v20                                 ; 2c26290c
	v_mac_f32_e32 v6, v19, v30                                  ; 2c0c3d13
	s_branch BB101                                              ; bf820001
BB100:
	s_mov_b32 s18, src_scc                                      ; be9200fd
BB101:
	s_addk_i32 s1, 0x600                                        ; b7010600
	s_cmp_lg_i32 s18, 0                                         ; bf018012
	v_add_u32_e32 v7, s1, v0                                    ; 680e0001
	v_and_b32_e32 v8, 31, v7                                    ; 26100e9f
	v_sub_u32_e32 v9, v7, v8                                    ; 6a121107
	v_add3_u32 v9, v8, s5, v9                                   ; d1ff0009 04240b08
	s_cbranch_scc0 BB113                                        ; bf8400ca
BB102:
	s_load_dwordx4 s[24:27], s[10:11], 0x0                      ; c00a0605 00000000
	v_lshrrev_b32_e32 v9, 2, v9                                 ; 20121282
	v_lshlrev_b32_e32 v9, 4, v9                                 ; 24121284
	s_waitcnt lgkmcnt(0)                                        ; bf8cc07f
	buffer_load_dwordx4 v[12:15], v9, s[12:15], 0 offen         ; e05c1000 80030c09
	buffer_load_dwordx4 v[16:19], v9, s[12:15], 0 offen offset:16 ; e05c1010 80031009
	v_add_u32_e32 v9, s9, v7                                    ; 68120e09
	v_lshrrev_b32_e32 v9, 5, v9                                 ; 20121285
	v_add_u32_e32 v9, s20, v9                                   ; 68121214
	v_lshlrev_b32_e32 v10, 1, v9                                ; 24141281
	v_lshl_add_u32 v9, v9, 5, v10                               ; d1fd0009 04290b09
	v_add_u32_e32 v11, 2, v9                                    ; 68161282
	v_add_u32_e32 v20, v11, v8                                  ; 6828110b
	v_and_b32_e32 v11, -4, v11                                  ; 261616c4
	v_add_u32_e32 v11, v11, v8                                  ; 6816110b
	buffer_load_dwordx3 v[21:23], v11, s[24:27], 0 offen        ; e0581000 8006150b
	buffer_load_short_d16 v24, v9, s[24:27], 0 offen            ; e0901000 80061809
	s_add_u32 s9, s9, s3                                        ; 80090309
	s_cmp_lt_u32 1, s4                                          ; bf0a0481
	s_waitcnt vmcnt(1)                                          ; bf8c3f71
	v_alignbyte_b32 v21, v22, v21, v20                          ; d1cf0015 04522b16
	v_alignbyte_b32 v23, v23, v22, v20                          ; d1cf0017 04522d17
	v_cvt_f32_i32_sdwa v25, sext(v21) dst_sel:DWORD dst_unused:UNUSED_PAD src0_sel:BYTE_3 ; 7e320af9 000b0615
	v_cvt_f32_i32_sdwa v26, sext(v21) dst_sel:DWORD dst_unused:UNUSED_PAD src0_sel:BYTE_2 ; 7e340af9 000a0615
	v_cvt_f32_i32_sdwa v27, sext(v21) dst_sel:DWORD dst_unused:UNUSED_PAD src0_sel:BYTE_1 ; 7e360af9 00090615
	v_cvt_f32_i32_sdwa v21, sext(v21) dst_sel:DWORD dst_unused:UNUSED_PAD src0_sel:BYTE_0 ; 7e2a0af9 00080615
	s_waitcnt vmcnt(0)                                          ; bf8c3f70
	v_cvt_f32_f16_e32 v31, v24                                  ; 7e3e1718
	v_cvt_f32_i32_sdwa v28, sext(v23) dst_sel:DWORD dst_unused:UNUSED_PAD src0_sel:BYTE_3 ; 7e380af9 000b0617
	v_cvt_f32_i32_sdwa v29, sext(v23) dst_sel:DWORD dst_unused:UNUSED_PAD src0_sel:BYTE_2 ; 7e3a0af9 000a0617
	v_cvt_f32_i32_sdwa v30, sext(v23) dst_sel:DWORD dst_unused:UNUSED_PAD src0_sel:BYTE_1 ; 7e3c0af9 00090617
	v_cvt_f32_i32_sdwa v23, sext(v23) dst_sel:DWORD dst_unused:UNUSED_PAD src0_sel:BYTE_0 ; 7e2e0af9 00080617
	v_mul_f32_e32 v28, v19, v28                                 ; 0a383913
	v_mac_f32_e32 v28, v18, v29                                 ; 2c383b12
	v_mac_f32_e32 v28, v17, v30                                 ; 2c383d11
	v_mac_f32_e32 v28, v16, v23                                 ; 2c382f10
	v_mac_f32_e32 v28, v14, v26                                 ; 2c38350e
	v_mac_f32_e32 v28, v15, v25                                 ; 2c38330f
	v_mac_f32_e32 v28, v13, v27                                 ; 2c38370d
	v_mac_f32_e32 v28, v12, v21                                 ; 2c382b0c
	v_mac_f32_e32 v1, v28, v31                                  ; 2c023f1c
	s_cbranch_scc0 BB113                                        ; bf840090
BB103:
	v_add_u32_e32 v9, s9, v7                                    ; 68120e09
	v_lshrrev_b32_e32 v9, 5, v9                                 ; 20121285
	v_add_u32_e32 v9, s20, v9                                   ; 68121214
	v_lshlrev_b32_e32 v10, 1, v9                                ; 24141281
	v_lshl_add_u32 v9, v9, 5, v10                               ; d1fd0009 04290b09
	v_add_u32_e32 v11, 2, v9                                    ; 68161282
	v_add_u32_e32 v20, v11, v8                                  ; 6828110b
	v_and_b32_e32 v11, -4, v11                                  ; 261616c4
	v_add_u32_e32 v11, v11, v8                                  ; 6816110b
	buffer_load_dwordx3 v[21:23], v11, s[24:27], 0 offen        ; e0581000 8006150b
	buffer_load_short_d16 v24, v9, s[24:27], 0 offen            ; e0901000 80061809
	s_add_u32 s9, s9, s3                                        ; 80090309
	s_cmp_lt_u32 2, s4                                          ; bf0a0482
	s_waitcnt vmcnt(1)                                          ; bf8c3f71
	v_alignbyte_b32 v21, v22, v21, v20                          ; d1cf0015 04522b16
	v_alignbyte_b32 v23, v23, v22, v20                          ; d1cf0017 04522d17
	v_cvt_f32_i32_sdwa v26, sext(v21) dst_sel:DWORD dst_unused:UNUSED_PAD src0_sel:BYTE_2 ; 7e340af9 000a0615
	v_cvt_f32_i32_sdwa v27, sext(v21) dst_sel:DWORD dst_unused:UNUSED_PAD src0_sel:BYTE_1 ; 7e360af9 00090615
	v_cvt_f32_i32_sdwa v25, sext(v21) dst_sel:DWORD dst_unused:UNUSED_PAD src0_sel:BYTE_3 ; 7e320af9 000b0615
	v_cvt_f32_i32_sdwa v21, sext(v21) dst_sel:DWORD dst_unused:UNUSED_PAD src0_sel:BYTE_0 ; 7e2a0af9 00080615
	s_waitcnt vmcnt(0)                                          ; bf8c3f70
	v_cvt_f32_f16_e32 v31, v24                                  ; 7e3e1718
	v_cvt_f32_i32_sdwa v28, sext(v23) dst_sel:DWORD dst_unused:UNUSED_PAD src0_sel:BYTE_3 ; 7e380af9 000b0617
	v_cvt_f32_i32_sdwa v29, sext(v23) dst_sel:DWORD dst_unused:UNUSED_PAD src0_sel:BYTE_2 ; 7e3a0af9 000a0617
	v_cvt_f32_i32_sdwa v30, sext(v23) dst_sel:DWORD dst_unused:UNUSED_PAD src0_sel:BYTE_1 ; 7e3c0af9 00090617
	v_cvt_f32_i32_sdwa v23, sext(v23) dst_sel:DWORD dst_unused:UNUSED_PAD src0_sel:BYTE_0 ; 7e2e0af9 00080617
	v_mul_f32_e32 v28, v19, v28                                 ; 0a383913
	v_mac_f32_e32 v28, v18, v29                                 ; 2c383b12
	v_mac_f32_e32 v28, v17, v30                                 ; 2c383d11
	v_mac_f32_e32 v28, v16, v23                                 ; 2c382f10
	v_mac_f32_e32 v28, v14, v26                                 ; 2c38350e
	v_mac_f32_e32 v28, v15, v25                                 ; 2c38330f
	v_mac_f32_e32 v28, v13, v27                                 ; 2c38370d
	v_mac_f32_e32 v28, v12, v21                                 ; 2c382b0c
	v_mac_f32_e32 v4, v28, v31                                  ; 2c083f1c
	s_cbranch_scc0 BB113                                        ; bf84005f
BB104:
	v_add_u32_e32 v9, s9, v7                                    ; 68120e09
	v_lshrrev_b32_e32 v9, 5, v9                                 ; 20121285
	v_add_u32_e32 v9, s20, v9                                   ; 68121214
	v_lshlrev_b32_e32 v10, 1, v9                                ; 24141281
	v_lshl_add_u32 v9, v9, 5, v10                               ; d1fd0009 04290b09
	v_add_u32_e32 v11, 2, v9                                    ; 68161282
	v_add_u32_e32 v20, v11, v8                                  ; 6828110b
	v_and_b32_e32 v11, -4, v11                                  ; 261616c4
	v_add_u32_e32 v11, v11, v8                                  ; 6816110b
	buffer_load_dwordx3 v[21:23], v11, s[24:27], 0 offen        ; e0581000 8006150b
	buffer_load_short_d16 v24, v9, s[24:27], 0 offen            ; e0901000 80061809
	s_add_u32 s9, s9, s3                                        ; 80090309
	s_cmp_lt_u32 3, s4                                          ; bf0a0483
	s_waitcnt vmcnt(1)                                          ; bf8c3f71
	v_alignbyte_b32 v21, v22, v21, v20                          ; d1cf0015 04522b16
	v_alignbyte_b32 v23, v23, v22, v20                          ; d1cf0017 04522d17
	v_cvt_f32_i32_sdwa v26, sext(v21) dst_sel:DWORD dst_unused:UNUSED_PAD src0_sel:BYTE_2 ; 7e340af9 000a0615
	v_cvt_f32_i32_sdwa v27, sext(v21) dst_sel:DWORD dst_unused:UNUSED_PAD src0_sel:BYTE_1 ; 7e360af9 00090615
	v_cvt_f32_i32_sdwa v25, sext(v21) dst_sel:DWORD dst_unused:UNUSED_PAD src0_sel:BYTE_3 ; 7e320af9 000b0615
	v_cvt_f32_i32_sdwa v21, sext(v21) dst_sel:DWORD dst_unused:UNUSED_PAD src0_sel:BYTE_0 ; 7e2a0af9 00080615
	s_waitcnt vmcnt(0)                                          ; bf8c3f70
	v_cvt_f32_f16_e32 v31, v24                                  ; 7e3e1718
	v_cvt_f32_i32_sdwa v28, sext(v23) dst_sel:DWORD dst_unused:UNUSED_PAD src0_sel:BYTE_3 ; 7e380af9 000b0617
	v_cvt_f32_i32_sdwa v29, sext(v23) dst_sel:DWORD dst_unused:UNUSED_PAD src0_sel:BYTE_2 ; 7e3a0af9 000a0617
	v_cvt_f32_i32_sdwa v30, sext(v23) dst_sel:DWORD dst_unused:UNUSED_PAD src0_sel:BYTE_1 ; 7e3c0af9 00090617
	v_cvt_f32_i32_sdwa v23, sext(v23) dst_sel:DWORD dst_unused:UNUSED_PAD src0_sel:BYTE_0 ; 7e2e0af9 00080617
	v_mul_f32_e32 v28, v19, v28                                 ; 0a383913
	v_mac_f32_e32 v28, v18, v29                                 ; 2c383b12
	v_mac_f32_e32 v28, v17, v30                                 ; 2c383d11
	v_mac_f32_e32 v28, v16, v23                                 ; 2c382f10
	v_mac_f32_e32 v28, v14, v26                                 ; 2c38350e
	v_mac_f32_e32 v28, v15, v25                                 ; 2c38330f
	v_mac_f32_e32 v28, v13, v27                                 ; 2c38370d
	v_mac_f32_e32 v28, v12, v21                                 ; 2c382b0c
	v_mac_f32_e32 v5, v28, v31                                  ; 2c0a3f1c
	s_cbranch_scc0 BB113                                        ; bf84002e
BB105:
	v_add_u32_e32 v7, s9, v7                                    ; 680e0e09
	v_lshrrev_b32_e32 v7, 5, v7                                 ; 200e0e85
	v_add_u32_e32 v7, s20, v7                                   ; 680e0e14
	v_lshlrev_b32_e32 v9, 1, v7                                 ; 24120e81
	v_lshl_add_u32 v7, v7, 5, v9                                ; d1fd0007 04250b07
	v_add_u32_e32 v10, 2, v7                                    ; 68140e82
	v_add_u32_e32 v11, v10, v8                                  ; 6816110a
	v_and_b32_e32 v10, -4, v10                                  ; 261414c4
	v_add_u32_e32 v10, v10, v8                                  ; 6814110a
	buffer_load_dwordx3 v[20:22], v10, s[24:27], 0 offen        ; e0581000 8006140a
	buffer_load_short_d16 v23, v7, s[24:27], 0 offen            ; e0901000 80061707
	s_waitcnt vmcnt(1)                                          ; bf8c3f71
	v_alignbyte_b32 v20, v21, v20, v11                          ; d1cf0014 042e2915
	v_alignbyte_b32 v22, v22, v21, v11                          ; d1cf0016 042e2b16
	v_cvt_f32_i32_sdwa v24, sext(v20) dst_sel:DWORD dst_unused:UNUSED_PAD src0_sel:BYTE_3 ; 7e300af9 000b0614
	v_cvt_f32_i32_sdwa v25, sext(v20) dst_sel:DWORD dst_unused:UNUSED_PAD src0_sel:BYTE_2 ; 7e320af9 000a0614
	v_cvt_f32_i32_sdwa v26, sext(v20) dst_sel:DWORD dst_unused:UNUSED_PAD src0_sel:BYTE_1 ; 7e340af9 00090614
	v_cvt_f32_i32_sdwa v20, sext(v20) dst_sel:DWORD dst_unused:UNUSED_PAD src0_sel:BYTE_0 ; 7e280af9 00080614
	v_cvt_f32_i32_sdwa v27, sext(v22) dst_sel:DWORD dst_unused:UNUSED_PAD src0_sel:BYTE_3 ; 7e360af9 000b0616
	v_cvt_f32_i32_sdwa v28, sext(v22) dst_sel:DWORD dst_unused:UNUSED_PAD src0_sel:BYTE_2 ; 7e380af9 000a0616
	v_cvt_f32_i32_sdwa v29, sext(v22) dst_sel:DWORD dst_unused:UNUSED_PAD src0_sel:BYTE_1 ; 7e3a0af9 00090616
	v_cvt_f32_i32_sdwa v22, sext(v22) dst_sel:DWORD dst_unused:UNUSED_PAD src0_sel:BYTE_0 ; 7e2c0af9 00080616
	s_waitcnt vmcnt(0)                                          ; bf8c3f70
	v_cvt_f32_f16_e32 v30, v23                                  ; 7e3c1717
	v_mul_f32_e32 v19, v19, v27                                 ; 0a263713
	v_mac_f32_e32 v19, v18, v28                                 ; 2c263912
	v_mac_f32_e32 v19, v17, v29                                 ; 2c263b11
	v_mac_f32_e32 v19, v16, v22                                 ; 2c262d10
	v_mac_f32_e32 v19, v14, v25                                 ; 2c26330e
	v_mac_f32_e32 v19, v15, v24                                 ; 2c26310f
	v_mac_f32_e32 v19, v13, v26                                 ; 2c26350d
	v_mac_f32_e32 v19, v12, v20                                 ; 2c26290c
	v_mac_f32_e32 v6, v19, v30                                  ; 2c0c3d13
BB113:
	s_add_u32 s0, 4, s0                                         ; 80000084
	s_branch BB60                                               ; bf82fc9e
BB114:
	s_mov_b64 exec, -1                                          ; befe01c1
	v_and_b32_e32 v7, -2, v2                                    ; 260e04c2
BB115:
	s_mov_b64 s[0:1], exec                                      ; be80017e
	v_cmpx_ge_u32_e32 vcc, v3, v7                               ; 7dbc0f03
BB116:
	s_andn2_b64 s[0:1], s[0:1], exec                            ; 89807e00
	s_cbranch_scc0 BB145                                        ; bf8401b3
BB120:
	s_mov_b64 exec, s[0:1]                                      ; befe0100
	s_mov_b32 s0, s2                                            ; be800002
	s_movk_i32 s1, 0x8000                                       ; b0018000
	s_waitcnt lgkmcnt(0)                                        ; bf8cc07f
	s_load_dwordx4 s[12:15], s[0:1], 0x10                       ; c00a0300 00000010
	s_mul_i32 s5, s6, s17                                       ; 92051106
	s_mul_i32 s9, s16, s3                                       ; 92090310
	s_cmp_lg_i32 s4, 0                                          ; bf018004
	v_lshl_add_u32 v8, v3, 9, v0                                ; d1fd0008 04011303
	v_and_b32_e32 v9, 31, v8                                    ; 2612109f
	v_sub_u32_e32 v10, v8, v9                                   ; 6a141308
	v_add3_u32 v10, v9, s5, v10                                 ; d1ff000a 04280b09
	s_cbranch_scc0 BB131                                        ; bf8400cc
BB121:
	s_load_dwordx4 s[24:27], s[0:1], 0x0                        ; c00a0600 00000000
	v_lshrrev_b32_e32 v10, 2, v10                               ; 20141482
	v_lshlrev_b32_e32 v10, 4, v10                               ; 24141484
	s_waitcnt lgkmcnt(0)                                        ; bf8cc07f
	buffer_load_dwordx4 v[12:15], v10, s[12:15], 0 offen        ; e05c1000 80030c0a
	buffer_load_dwordx4 v[16:19], v10, s[12:15], 0 offen offset:16 ; e05c1010 8003100a
	v_add_u32_e32 v10, s9, v8                                   ; 68141009
	v_lshrrev_b32_e32 v10, 5, v10                               ; 20141485
	v_add_u32_e32 v10, s20, v10                                 ; 68141414
	v_lshlrev_b32_e32 v11, 1, v10                               ; 24161481
	v_lshl_add_u32 v10, v10, 5, v11                             ; d1fd000a 042d0b0a
	v_add_u32_e32 v20, 2, v10                                   ; 68281482
	v_add_u32_e32 v21, v20, v9                                  ; 682a1314
	v_and_b32_e32 v20, -4, v20                                  ; 262828c4
	v_add_u32_e32 v20, v20, v9                                  ; 68281314
	buffer_load_dwordx3 v[22:24], v20, s[24:27], 0 offen        ; e0581000 80061614
	buffer_load_short_d16 v25, v10, s[24:27], 0 offen           ; e0901000 8006190a
	s_mov_b32 s10, src_scc                                      ; be8a00fd
	s_add_u32 s11, s9, s3                                       ; 800b0309
	s_cmp_lt_u32 1, s4                                          ; bf0a0481
	s_waitcnt vmcnt(1)                                          ; bf8c3f71
	v_alignbyte_b32 v22, v23, v22, v21                          ; d1cf0016 04562d17
	v_alignbyte_b32 v24, v24, v23, v21                          ; d1cf0018 04562f18
	v_cvt_f32_i32_sdwa v26, sext(v22) dst_sel:DWORD dst_unused:UNUSED_PAD src0_sel:BYTE_3 ; 7e340af9 000b0616
	v_cvt_f32_i32_sdwa v27, sext(v22) dst_sel:DWORD dst_unused:UNUSED_PAD src0_sel:BYTE_2 ; 7e360af9 000a0616
	v_cvt_f32_i32_sdwa v28, sext(v22) dst_sel:DWORD dst_unused:UNUSED_PAD src0_sel:BYTE_1 ; 7e380af9 00090616
	v_cvt_f32_i32_sdwa v22, sext(v22) dst_sel:DWORD dst_unused:UNUSED_PAD src0_sel:BYTE_0 ; 7e2c0af9 00080616
	s_waitcnt vmcnt(0)                                          ; bf8c3f70
	v_cvt_f32_f16_e32 v32, v25                                  ; 7e401719
	v_cvt_f32_i32_sdwa v29, sext(v24) dst_sel:DWORD dst_unused:UNUSED_PAD src0_sel:BYTE_3 ; 7e3a0af9 000b0618
	v_cvt_f32_i32_sdwa v30, sext(v24) dst_sel:DWORD dst_unused:UNUSED_PAD src0_sel:BYTE_2 ; 7e3c0af9 000a0618
	v_cvt_f32_i32_sdwa v31, sext(v24) dst_sel:DWORD dst_unused:UNUSED_PAD src0_sel:BYTE_1 ; 7e3e0af9 00090618
	v_cvt_f32_i32_sdwa v24, sext(v24) dst_sel:DWORD dst_unused:UNUSED_PAD src0_sel:BYTE_0 ; 7e300af9 00080618
	v_mul_f32_e32 v29, v19, v29                                 ; 0a3a3b13
	v_mac_f32_e32 v29, v18, v30                                 ; 2c3a3d12
	v_mac_f32_e32 v29, v17, v31                                 ; 2c3a3f11
	v_mac_f32_e32 v29, v16, v24                                 ; 2c3a3110
	v_mac_f32_e32 v29, v14, v27                                 ; 2c3a370e
	v_mac_f32_e32 v29, v15, v26                                 ; 2c3a350f
	v_mac_f32_e32 v29, v13, v28                                 ; 2c3a390d
	v_mac_f32_e32 v29, v12, v22                                 ; 2c3a2d0c
	v_mac_f32_e32 v1, v29, v32                                  ; 2c02411d
	s_cbranch_scc0 BB132                                        ; bf840092
BB122:
	v_add_u32_e32 v10, s11, v8                                  ; 6814100b
	v_lshrrev_b32_e32 v10, 5, v10                               ; 20141485
	v_add_u32_e32 v10, s20, v10                                 ; 68141414
	v_lshlrev_b32_e32 v11, 1, v10                               ; 24161481
	v_lshl_add_u32 v10, v10, 5, v11                             ; d1fd000a 042d0b0a
	v_add_u32_e32 v20, 2, v10                                   ; 68281482
	v_add_u32_e32 v21, v20, v9                                  ; 682a1314
	v_and_b32_e32 v20, -4, v20                                  ; 262828c4
	v_add_u32_e32 v20, v20, v9                                  ; 68281314
	buffer_load_dwordx3 v[22:24], v20, s[24:27], 0 offen        ; e0581000 80061614
	buffer_load_short_d16 v25, v10, s[24:27], 0 offen           ; e0901000 8006190a
	s_add_u32 s11, s11, s3                                      ; 800b030b
	s_cmp_lt_u32 2, s4                                          ; bf0a0482
	s_waitcnt vmcnt(1)                                          ; bf8c3f71
	v_alignbyte_b32 v22, v23, v22, v21                          ; d1cf0016 04562d17
	v_alignbyte_b32 v24, v24, v23, v21                          ; d1cf0018 04562f18
	v_cvt_f32_i32_sdwa v27, sext(v22) dst_sel:DWORD dst_unused:UNUSED_PAD src0_sel:BYTE_2 ; 7e360af9 000a0616
	v_cvt_f32_i32_sdwa v28, sext(v22) dst_sel:DWORD dst_unused:UNUSED_PAD src0_sel:BYTE_1 ; 7e380af9 00090616
	v_cvt_f32_i32_sdwa v26, sext(v22) dst_sel:DWORD dst_unused:UNUSED_PAD src0_sel:BYTE_3 ; 7e340af9 000b0616
	v_cvt_f32_i32_sdwa v22, sext(v22) dst_sel:DWORD dst_unused:UNUSED_PAD src0_sel:BYTE_0 ; 7e2c0af9 00080616
	s_waitcnt vmcnt(0)                                          ; bf8c3f70
	v_cvt_f32_f16_e32 v32, v25                                  ; 7e401719
	v_cvt_f32_i32_sdwa v29, sext(v24) dst_sel:DWORD dst_unused:UNUSED_PAD src0_sel:BYTE_3 ; 7e3a0af9 000b0618
	v_cvt_f32_i32_sdwa v30, sext(v24) dst_sel:DWORD dst_unused:UNUSED_PAD src0_sel:BYTE_2 ; 7e3c0af9 000a0618
	v_cvt_f32_i32_sdwa v31, sext(v24) dst_sel:DWORD dst_unused:UNUSED_PAD src0_sel:BYTE_1 ; 7e3e0af9 00090618
	v_cvt_f32_i32_sdwa v24, sext(v24) dst_sel:DWORD dst_unused:UNUSED_PAD src0_sel:BYTE_0 ; 7e300af9 00080618
	v_mul_f32_e32 v29, v19, v29                                 ; 0a3a3b13
	v_mac_f32_e32 v29, v18, v30                                 ; 2c3a3d12
	v_mac_f32_e32 v29, v17, v31                                 ; 2c3a3f11
	v_mac_f32_e32 v29, v16, v24                                 ; 2c3a3110
	v_mac_f32_e32 v29, v14, v27                                 ; 2c3a370e
	v_mac_f32_e32 v29, v15, v26                                 ; 2c3a350f
	v_mac_f32_e32 v29, v13, v28                                 ; 2c3a390d
	v_mac_f32_e32 v29, v12, v22                                 ; 2c3a2d0c
	v_mac_f32_e32 v4, v29, v32                                  ; 2c08411d
	s_cbranch_scc0 BB132                                        ; bf840061
BB123:
	v_add_u32_e32 v10, s11, v8                                  ; 6814100b
	v_lshrrev_b32_e32 v10, 5, v10                               ; 20141485
	v_add_u32_e32 v10, s20, v10                                 ; 68141414
	v_lshlrev_b32_e32 v11, 1, v10                               ; 24161481
	v_lshl_add_u32 v10, v10, 5, v11                             ; d1fd000a 042d0b0a
	v_add_u32_e32 v20, 2, v10                                   ; 68281482
	v_add_u32_e32 v21, v20, v9                                  ; 682a1314
	v_and_b32_e32 v20, -4, v20                                  ; 262828c4
	v_add_u32_e32 v20, v20, v9                                  ; 68281314
	buffer_load_dwordx3 v[22:24], v20, s[24:27], 0 offen        ; e0581000 80061614
	buffer_load_short_d16 v25, v10, s[24:27], 0 offen           ; e0901000 8006190a
	s_add_u32 s11, s11, s3                                      ; 800b030b
	s_cmp_lt_u32 3, s4                                          ; bf0a0483
	s_waitcnt vmcnt(1)                                          ; bf8c3f71
	v_alignbyte_b32 v22, v23, v22, v21                          ; d1cf0016 04562d17
	v_alignbyte_b32 v24, v24, v23, v21                          ; d1cf0018 04562f18
	v_cvt_f32_i32_sdwa v27, sext(v22) dst_sel:DWORD dst_unused:UNUSED_PAD src0_sel:BYTE_2 ; 7e360af9 000a0616
	v_cvt_f32_i32_sdwa v28, sext(v22) dst_sel:DWORD dst_unused:UNUSED_PAD src0_sel:BYTE_1 ; 7e380af9 00090616
	v_cvt_f32_i32_sdwa v26, sext(v22) dst_sel:DWORD dst_unused:UNUSED_PAD src0_sel:BYTE_3 ; 7e340af9 000b0616
	v_cvt_f32_i32_sdwa v22, sext(v22) dst_sel:DWORD dst_unused:UNUSED_PAD src0_sel:BYTE_0 ; 7e2c0af9 00080616
	s_waitcnt vmcnt(0)                                          ; bf8c3f70
	v_cvt_f32_f16_e32 v32, v25                                  ; 7e401719
	v_cvt_f32_i32_sdwa v29, sext(v24) dst_sel:DWORD dst_unused:UNUSED_PAD src0_sel:BYTE_3 ; 7e3a0af9 000b0618
	v_cvt_f32_i32_sdwa v30, sext(v24) dst_sel:DWORD dst_unused:UNUSED_PAD src0_sel:BYTE_2 ; 7e3c0af9 000a0618
	v_cvt_f32_i32_sdwa v31, sext(v24) dst_sel:DWORD dst_unused:UNUSED_PAD src0_sel:BYTE_1 ; 7e3e0af9 00090618
	v_cvt_f32_i32_sdwa v24, sext(v24) dst_sel:DWORD dst_unused:UNUSED_PAD src0_sel:BYTE_0 ; 7e300af9 00080618
	v_mul_f32_e32 v29, v19, v29                                 ; 0a3a3b13
	v_mac_f32_e32 v29, v18, v30                                 ; 2c3a3d12
	v_mac_f32_e32 v29, v17, v31                                 ; 2c3a3f11
	v_mac_f32_e32 v29, v16, v24                                 ; 2c3a3110
	v_mac_f32_e32 v29, v14, v27                                 ; 2c3a370e
	v_mac_f32_e32 v29, v15, v26                                 ; 2c3a350f
	v_mac_f32_e32 v29, v13, v28                                 ; 2c3a390d
	v_mac_f32_e32 v29, v12, v22                                 ; 2c3a2d0c
	v_mac_f32_e32 v5, v29, v32                                  ; 2c0a411d
	s_cbranch_scc0 BB132                                        ; bf840030
BB124:
	v_add_u32_e32 v8, s11, v8                                   ; 6810100b
	v_lshrrev_b32_e32 v8, 5, v8                                 ; 20101085
	v_add_u32_e32 v8, s20, v8                                   ; 68101014
	v_lshlrev_b32_e32 v10, 1, v8                                ; 24141081
	v_lshl_add_u32 v8, v8, 5, v10                               ; d1fd0008 04290b08
	v_add_u32_e32 v11, 2, v8                                    ; 68161082
	v_add_u32_e32 v20, v11, v9                                  ; 6828130b
	v_and_b32_e32 v11, -4, v11                                  ; 261616c4
	v_add_u32_e32 v11, v11, v9                                  ; 6816130b
	buffer_load_dwordx3 v[21:23], v11, s[24:27], 0 offen        ; e0581000 8006150b
	buffer_load_short_d16 v24, v8, s[24:27], 0 offen            ; e0901000 80061808
	s_waitcnt vmcnt(1)                                          ; bf8c3f71
	v_alignbyte_b32 v21, v22, v21, v20                          ; d1cf0015 04522b16
	v_alignbyte_b32 v23, v23, v22, v20                          ; d1cf0017 04522d17
	v_cvt_f32_i32_sdwa v25, sext(v21) dst_sel:DWORD dst_unused:UNUSED_PAD src0_sel:BYTE_3 ; 7e320af9 000b0615
	v_cvt_f32_i32_sdwa v26, sext(v21) dst_sel:DWORD dst_unused:UNUSED_PAD src0_sel:BYTE_2 ; 7e340af9 000a0615
	v_cvt_f32_i32_sdwa v27, sext(v21) dst_sel:DWORD dst_unused:UNUSED_PAD src0_sel:BYTE_1 ; 7e360af9 00090615
	v_cvt_f32_i32_sdwa v21, sext(v21) dst_sel:DWORD dst_unused:UNUSED_PAD src0_sel:BYTE_0 ; 7e2a0af9 00080615
	v_cvt_f32_i32_sdwa v28, sext(v23) dst_sel:DWORD dst_unused:UNUSED_PAD src0_sel:BYTE_3 ; 7e380af9 000b0617
	v_cvt_f32_i32_sdwa v29, sext(v23) dst_sel:DWORD dst_unused:UNUSED_PAD src0_sel:BYTE_2 ; 7e3a0af9 000a0617
	v_cvt_f32_i32_sdwa v30, sext(v23) dst_sel:DWORD dst_unused:UNUSED_PAD src0_sel:BYTE_1 ; 7e3c0af9 00090617
	v_cvt_f32_i32_sdwa v23, sext(v23) dst_sel:DWORD dst_unused:UNUSED_PAD src0_sel:BYTE_0 ; 7e2e0af9 00080617
	s_waitcnt vmcnt(0)                                          ; bf8c3f70
	v_cvt_f32_f16_e32 v31, v24                                  ; 7e3e1718
	v_mul_f32_e32 v19, v19, v28                                 ; 0a263913
	v_mac_f32_e32 v19, v18, v29                                 ; 2c263b12
	v_mac_f32_e32 v19, v17, v30                                 ; 2c263d11
	v_mac_f32_e32 v19, v16, v23                                 ; 2c262f10
	v_mac_f32_e32 v19, v14, v26                                 ; 2c26350e
	v_mac_f32_e32 v19, v15, v25                                 ; 2c26330f
	v_mac_f32_e32 v19, v13, v27                                 ; 2c26370d
	v_mac_f32_e32 v19, v12, v21                                 ; 2c262b0c
	v_mac_f32_e32 v6, v19, v31                                  ; 2c0c3f13
	s_branch BB132                                              ; bf820001
BB131:
	s_mov_b32 s10, src_scc                                      ; be8a00fd
BB132:
	s_movk_i32 s11, 0x200                                       ; b00b0200
	s_cmp_lg_i32 s10, 0                                         ; bf01800a
	v_lshl_add_u32 v8, v3, 9, s11                               ; d1fd0008 002d1303
	v_add_u32_e32 v8, v8, v0                                    ; 68100108
	v_and_b32_e32 v9, 31, v8                                    ; 2612109f
	v_sub_u32_e32 v10, v8, v9                                   ; 6a141308
	v_add3_u32 v10, v9, s5, v10                                 ; d1ff000a 04280b09
	s_cbranch_scc0 BB144                                        ; bf8400ca
BB133:
	s_load_dwordx4 s[24:27], s[0:1], 0x0                        ; c00a0600 00000000
	v_lshrrev_b32_e32 v10, 2, v10                               ; 20141482
	v_lshlrev_b32_e32 v10, 4, v10                               ; 24141484
	s_waitcnt lgkmcnt(0)                                        ; bf8cc07f
	buffer_load_dwordx4 v[12:15], v10, s[12:15], 0 offen        ; e05c1000 80030c0a
	buffer_load_dwordx4 v[16:19], v10, s[12:15], 0 offen offset:16 ; e05c1010 8003100a
	v_add_u32_e32 v10, s9, v8                                   ; 68141009
	v_lshrrev_b32_e32 v10, 5, v10                               ; 20141485
	v_add_u32_e32 v10, s20, v10                                 ; 68141414
	v_lshlrev_b32_e32 v11, 1, v10                               ; 24161481
	v_lshl_add_u32 v10, v10, 5, v11                             ; d1fd000a 042d0b0a
	v_add_u32_e32 v20, 2, v10                                   ; 68281482
	v_add_u32_e32 v21, v20, v9                                  ; 682a1314
	v_and_b32_e32 v20, -4, v20                                  ; 262828c4
	v_add_u32_e32 v20, v20, v9                                  ; 68281314
	buffer_load_dwordx3 v[22:24], v20, s[24:27], 0 offen        ; e0581000 80061614
	buffer_load_short_d16 v25, v10, s[24:27], 0 offen           ; e0901000 8006190a
	s_add_u32 s9, s9, s3                                        ; 80090309
	s_cmp_lt_u32 1, s4                                          ; bf0a0481
	s_waitcnt vmcnt(1)                                          ; bf8c3f71
	v_alignbyte_b32 v22, v23, v22, v21                          ; d1cf0016 04562d17
	v_alignbyte_b32 v24, v24, v23, v21                          ; d1cf0018 04562f18
	v_cvt_f32_i32_sdwa v26, sext(v22) dst_sel:DWORD dst_unused:UNUSED_PAD src0_sel:BYTE_3 ; 7e340af9 000b0616
	v_cvt_f32_i32_sdwa v27, sext(v22) dst_sel:DWORD dst_unused:UNUSED_PAD src0_sel:BYTE_2 ; 7e360af9 000a0616
	v_cvt_f32_i32_sdwa v28, sext(v22) dst_sel:DWORD dst_unused:UNUSED_PAD src0_sel:BYTE_1 ; 7e380af9 00090616
	v_cvt_f32_i32_sdwa v22, sext(v22) dst_sel:DWORD dst_unused:UNUSED_PAD src0_sel:BYTE_0 ; 7e2c0af9 00080616
	s_waitcnt vmcnt(0)                                          ; bf8c3f70
	v_cvt_f32_f16_e32 v32, v25                                  ; 7e401719
	v_cvt_f32_i32_sdwa v29, sext(v24) dst_sel:DWORD dst_unused:UNUSED_PAD src0_sel:BYTE_3 ; 7e3a0af9 000b0618
	v_cvt_f32_i32_sdwa v30, sext(v24) dst_sel:DWORD dst_unused:UNUSED_PAD src0_sel:BYTE_2 ; 7e3c0af9 000a0618
	v_cvt_f32_i32_sdwa v31, sext(v24) dst_sel:DWORD dst_unused:UNUSED_PAD src0_sel:BYTE_1 ; 7e3e0af9 00090618
	v_cvt_f32_i32_sdwa v24, sext(v24) dst_sel:DWORD dst_unused:UNUSED_PAD src0_sel:BYTE_0 ; 7e300af9 00080618
	v_mul_f32_e32 v29, v19, v29                                 ; 0a3a3b13
	v_mac_f32_e32 v29, v18, v30                                 ; 2c3a3d12
	v_mac_f32_e32 v29, v17, v31                                 ; 2c3a3f11
	v_mac_f32_e32 v29, v16, v24                                 ; 2c3a3110
	v_mac_f32_e32 v29, v14, v27                                 ; 2c3a370e
	v_mac_f32_e32 v29, v15, v26                                 ; 2c3a350f
	v_mac_f32_e32 v29, v13, v28                                 ; 2c3a390d
	v_mac_f32_e32 v29, v12, v22                                 ; 2c3a2d0c
	v_mac_f32_e32 v1, v29, v32                                  ; 2c02411d
	s_cbranch_scc0 BB144                                        ; bf840090
BB134:
	v_add_u32_e32 v10, s9, v8                                   ; 68141009
	v_lshrrev_b32_e32 v10, 5, v10                               ; 20141485
	v_add_u32_e32 v10, s20, v10                                 ; 68141414
	v_lshlrev_b32_e32 v11, 1, v10                               ; 24161481
	v_lshl_add_u32 v10, v10, 5, v11                             ; d1fd000a 042d0b0a
	v_add_u32_e32 v20, 2, v10                                   ; 68281482
	v_add_u32_e32 v21, v20, v9                                  ; 682a1314
	v_and_b32_e32 v20, -4, v20                                  ; 262828c4
	v_add_u32_e32 v20, v20, v9                                  ; 68281314
	buffer_load_dwordx3 v[22:24], v20, s[24:27], 0 offen        ; e0581000 80061614
	buffer_load_short_d16 v25, v10, s[24:27], 0 offen           ; e0901000 8006190a
	s_add_u32 s9, s9, s3                                        ; 80090309
	s_cmp_lt_u32 2, s4                                          ; bf0a0482
	s_waitcnt vmcnt(1)                                          ; bf8c3f71
	v_alignbyte_b32 v22, v23, v22, v21                          ; d1cf0016 04562d17
	v_alignbyte_b32 v24, v24, v23, v21                          ; d1cf0018 04562f18
	v_cvt_f32_i32_sdwa v27, sext(v22) dst_sel:DWORD dst_unused:UNUSED_PAD src0_sel:BYTE_2 ; 7e360af9 000a0616
	v_cvt_f32_i32_sdwa v28, sext(v22) dst_sel:DWORD dst_unused:UNUSED_PAD src0_sel:BYTE_1 ; 7e380af9 00090616
	v_cvt_f32_i32_sdwa v26, sext(v22) dst_sel:DWORD dst_unused:UNUSED_PAD src0_sel:BYTE_3 ; 7e340af9 000b0616
	v_cvt_f32_i32_sdwa v22, sext(v22) dst_sel:DWORD dst_unused:UNUSED_PAD src0_sel:BYTE_0 ; 7e2c0af9 00080616
	s_waitcnt vmcnt(0)                                          ; bf8c3f70
	v_cvt_f32_f16_e32 v32, v25                                  ; 7e401719
	v_cvt_f32_i32_sdwa v29, sext(v24) dst_sel:DWORD dst_unused:UNUSED_PAD src0_sel:BYTE_3 ; 7e3a0af9 000b0618
	v_cvt_f32_i32_sdwa v30, sext(v24) dst_sel:DWORD dst_unused:UNUSED_PAD src0_sel:BYTE_2 ; 7e3c0af9 000a0618
	v_cvt_f32_i32_sdwa v31, sext(v24) dst_sel:DWORD dst_unused:UNUSED_PAD src0_sel:BYTE_1 ; 7e3e0af9 00090618
	v_cvt_f32_i32_sdwa v24, sext(v24) dst_sel:DWORD dst_unused:UNUSED_PAD src0_sel:BYTE_0 ; 7e300af9 00080618
	v_mul_f32_e32 v29, v19, v29                                 ; 0a3a3b13
	v_mac_f32_e32 v29, v18, v30                                 ; 2c3a3d12
	v_mac_f32_e32 v29, v17, v31                                 ; 2c3a3f11
	v_mac_f32_e32 v29, v16, v24                                 ; 2c3a3110
	v_mac_f32_e32 v29, v14, v27                                 ; 2c3a370e
	v_mac_f32_e32 v29, v15, v26                                 ; 2c3a350f
	v_mac_f32_e32 v29, v13, v28                                 ; 2c3a390d
	v_mac_f32_e32 v29, v12, v22                                 ; 2c3a2d0c
	v_mac_f32_e32 v4, v29, v32                                  ; 2c08411d
	s_cbranch_scc0 BB144                                        ; bf84005f
BB135:
	v_add_u32_e32 v10, s9, v8                                   ; 68141009
	v_lshrrev_b32_e32 v10, 5, v10                               ; 20141485
	v_add_u32_e32 v10, s20, v10                                 ; 68141414
	v_lshlrev_b32_e32 v11, 1, v10                               ; 24161481
	v_lshl_add_u32 v10, v10, 5, v11                             ; d1fd000a 042d0b0a
	v_add_u32_e32 v20, 2, v10                                   ; 68281482
	v_add_u32_e32 v21, v20, v9                                  ; 682a1314
	v_and_b32_e32 v20, -4, v20                                  ; 262828c4
	v_add_u32_e32 v20, v20, v9                                  ; 68281314
	buffer_load_dwordx3 v[22:24], v20, s[24:27], 0 offen        ; e0581000 80061614
	buffer_load_short_d16 v25, v10, s[24:27], 0 offen           ; e0901000 8006190a
	s_add_u32 s9, s9, s3                                        ; 80090309
	s_cmp_lt_u32 3, s4                                          ; bf0a0483
	s_waitcnt vmcnt(1)                                          ; bf8c3f71
	v_alignbyte_b32 v22, v23, v22, v21                          ; d1cf0016 04562d17
	v_alignbyte_b32 v24, v24, v23, v21                          ; d1cf0018 04562f18
	v_cvt_f32_i32_sdwa v27, sext(v22) dst_sel:DWORD dst_unused:UNUSED_PAD src0_sel:BYTE_2 ; 7e360af9 000a0616
	v_cvt_f32_i32_sdwa v28, sext(v22) dst_sel:DWORD dst_unused:UNUSED_PAD src0_sel:BYTE_1 ; 7e380af9 00090616
	v_cvt_f32_i32_sdwa v26, sext(v22) dst_sel:DWORD dst_unused:UNUSED_PAD src0_sel:BYTE_3 ; 7e340af9 000b0616
	v_cvt_f32_i32_sdwa v22, sext(v22) dst_sel:DWORD dst_unused:UNUSED_PAD src0_sel:BYTE_0 ; 7e2c0af9 00080616
	s_waitcnt vmcnt(0)                                          ; bf8c3f70
	v_cvt_f32_f16_e32 v32, v25                                  ; 7e401719
	v_cvt_f32_i32_sdwa v29, sext(v24) dst_sel:DWORD dst_unused:UNUSED_PAD src0_sel:BYTE_3 ; 7e3a0af9 000b0618
	v_cvt_f32_i32_sdwa v30, sext(v24) dst_sel:DWORD dst_unused:UNUSED_PAD src0_sel:BYTE_2 ; 7e3c0af9 000a0618
	v_cvt_f32_i32_sdwa v31, sext(v24) dst_sel:DWORD dst_unused:UNUSED_PAD src0_sel:BYTE_1 ; 7e3e0af9 00090618
	v_cvt_f32_i32_sdwa v24, sext(v24) dst_sel:DWORD dst_unused:UNUSED_PAD src0_sel:BYTE_0 ; 7e300af9 00080618
	v_mul_f32_e32 v29, v19, v29                                 ; 0a3a3b13
	v_mac_f32_e32 v29, v18, v30                                 ; 2c3a3d12
	v_mac_f32_e32 v29, v17, v31                                 ; 2c3a3f11
	v_mac_f32_e32 v29, v16, v24                                 ; 2c3a3110
	v_mac_f32_e32 v29, v14, v27                                 ; 2c3a370e
	v_mac_f32_e32 v29, v15, v26                                 ; 2c3a350f
	v_mac_f32_e32 v29, v13, v28                                 ; 2c3a390d
	v_mac_f32_e32 v29, v12, v22                                 ; 2c3a2d0c
	v_mac_f32_e32 v5, v29, v32                                  ; 2c0a411d
	s_cbranch_scc0 BB144                                        ; bf84002e
BB136:
	v_add_u32_e32 v8, s9, v8                                    ; 68101009
	v_lshrrev_b32_e32 v8, 5, v8                                 ; 20101085
	v_add_u32_e32 v8, s20, v8                                   ; 68101014
	v_lshlrev_b32_e32 v10, 1, v8                                ; 24141081
	v_lshl_add_u32 v8, v8, 5, v10                               ; d1fd0008 04290b08
	v_add_u32_e32 v11, 2, v8                                    ; 68161082
	v_add_u32_e32 v20, v11, v9                                  ; 6828130b
	v_and_b32_e32 v11, -4, v11                                  ; 261616c4
	v_add_u32_e32 v11, v11, v9                                  ; 6816130b
	buffer_load_dwordx3 v[21:23], v11, s[24:27], 0 offen        ; e0581000 8006150b
	buffer_load_short_d16 v24, v8, s[24:27], 0 offen            ; e0901000 80061808
	s_waitcnt vmcnt(1)                                          ; bf8c3f71
	v_alignbyte_b32 v21, v22, v21, v20                          ; d1cf0015 04522b16
	v_alignbyte_b32 v23, v23, v22, v20                          ; d1cf0017 04522d17
	v_cvt_f32_i32_sdwa v25, sext(v21) dst_sel:DWORD dst_unused:UNUSED_PAD src0_sel:BYTE_3 ; 7e320af9 000b0615
	v_cvt_f32_i32_sdwa v26, sext(v21) dst_sel:DWORD dst_unused:UNUSED_PAD src0_sel:BYTE_2 ; 7e340af9 000a0615
	v_cvt_f32_i32_sdwa v27, sext(v21) dst_sel:DWORD dst_unused:UNUSED_PAD src0_sel:BYTE_1 ; 7e360af9 00090615
	v_cvt_f32_i32_sdwa v21, sext(v21) dst_sel:DWORD dst_unused:UNUSED_PAD src0_sel:BYTE_0 ; 7e2a0af9 00080615
	v_cvt_f32_i32_sdwa v28, sext(v23) dst_sel:DWORD dst_unused:UNUSED_PAD src0_sel:BYTE_3 ; 7e380af9 000b0617
	v_cvt_f32_i32_sdwa v29, sext(v23) dst_sel:DWORD dst_unused:UNUSED_PAD src0_sel:BYTE_2 ; 7e3a0af9 000a0617
	v_cvt_f32_i32_sdwa v30, sext(v23) dst_sel:DWORD dst_unused:UNUSED_PAD src0_sel:BYTE_1 ; 7e3c0af9 00090617
	v_cvt_f32_i32_sdwa v23, sext(v23) dst_sel:DWORD dst_unused:UNUSED_PAD src0_sel:BYTE_0 ; 7e2e0af9 00080617
	s_waitcnt vmcnt(0)                                          ; bf8c3f70
	v_cvt_f32_f16_e32 v31, v24                                  ; 7e3e1718
	v_mul_f32_e32 v19, v19, v28                                 ; 0a263913
	v_mac_f32_e32 v19, v18, v29                                 ; 2c263b12
	v_mac_f32_e32 v19, v17, v30                                 ; 2c263d11
	v_mac_f32_e32 v19, v16, v23                                 ; 2c262f10
	v_mac_f32_e32 v19, v14, v26                                 ; 2c26350e
	v_mac_f32_e32 v19, v15, v25                                 ; 2c26330f
	v_mac_f32_e32 v19, v13, v27                                 ; 2c26370d
	v_mac_f32_e32 v19, v12, v21                                 ; 2c262b0c
	v_mac_f32_e32 v6, v19, v31                                  ; 2c0c3f13
BB144:
	v_add_u32_e32 v3, 2, v3                                     ; 68060682
	s_branch BB115                                              ; bf82fe49
BB145:
	s_mov_b64 exec, -1                                          ; befe01c1
BB146:
	s_mov_b64 s[0:1], exec                                      ; be80017e
	v_cmpx_ge_u32_e32 vcc, v3, v2                               ; 7dbc0503
BB147:
	s_andn2_b64 s[0:1], s[0:1], exec                            ; 89807e00
	s_cbranch_scc0 BB164                                        ; bf8400dc
BB151:
	s_mov_b64 exec, s[0:1]                                      ; befe0100
	s_mov_b32 s0, s2                                            ; be800002
	s_movk_i32 s1, 0x8000                                       ; b0018000
	s_waitcnt lgkmcnt(0)                                        ; bf8cc07f
	s_load_dwordx4 s[12:15], s[0:1], 0x10                       ; c00a0300 00000010
	s_mul_i32 s5, s6, s17                                       ; 92051106
	s_mul_i32 s9, s16, s3                                       ; 92090310
	s_cmp_lg_i32 s4, 0                                          ; bf018004
	v_lshl_add_u32 v7, v3, 9, v0                                ; d1fd0007 04011303
	v_and_b32_e32 v8, 31, v7                                    ; 26100e9f
	v_sub_u32_e32 v9, v7, v8                                    ; 6a121107
	v_add3_u32 v9, v8, s5, v9                                   ; d1ff0009 04240b08
	s_cbranch_scc0 BB163                                        ; bf8400ca
BB152:
	s_load_dwordx4 s[24:27], s[0:1], 0x0                        ; c00a0600 00000000
	v_lshrrev_b32_e32 v9, 2, v9                                 ; 20121282
	v_lshlrev_b32_e32 v9, 4, v9                                 ; 24121284
	s_waitcnt lgkmcnt(0)                                        ; bf8cc07f
	buffer_load_dwordx4 v[12:15], v9, s[12:15], 0 offen         ; e05c1000 80030c09
	buffer_load_dwordx4 v[16:19], v9, s[12:15], 0 offen offset:16 ; e05c1010 80031009
	v_add_u32_e32 v9, s9, v7                                    ; 68120e09
	v_lshrrev_b32_e32 v9, 5, v9                                 ; 20121285
	v_add_u32_e32 v9, s20, v9                                   ; 68121214
	v_lshlrev_b32_e32 v10, 1, v9                                ; 24141281
	v_lshl_add_u32 v9, v9, 5, v10                               ; d1fd0009 04290b09
	v_add_u32_e32 v11, 2, v9                                    ; 68161282
	v_add_u32_e32 v20, v11, v8                                  ; 6828110b
	v_and_b32_e32 v11, -4, v11                                  ; 261616c4
	v_add_u32_e32 v11, v11, v8                                  ; 6816110b
	buffer_load_dwordx3 v[21:23], v11, s[24:27], 0 offen        ; e0581000 8006150b
	buffer_load_short_d16 v24, v9, s[24:27], 0 offen            ; e0901000 80061809
	s_add_u32 s9, s9, s3                                        ; 80090309
	s_cmp_lt_u32 1, s4                                          ; bf0a0481
	s_waitcnt vmcnt(1)                                          ; bf8c3f71
	v_alignbyte_b32 v21, v22, v21, v20                          ; d1cf0015 04522b16
	v_alignbyte_b32 v23, v23, v22, v20                          ; d1cf0017 04522d17
	v_cvt_f32_i32_sdwa v25, sext(v21) dst_sel:DWORD dst_unused:UNUSED_PAD src0_sel:BYTE_3 ; 7e320af9 000b0615
	v_cvt_f32_i32_sdwa v26, sext(v21) dst_sel:DWORD dst_unused:UNUSED_PAD src0_sel:BYTE_2 ; 7e340af9 000a0615
	v_cvt_f32_i32_sdwa v27, sext(v21) dst_sel:DWORD dst_unused:UNUSED_PAD src0_sel:BYTE_1 ; 7e360af9 00090615
	v_cvt_f32_i32_sdwa v21, sext(v21) dst_sel:DWORD dst_unused:UNUSED_PAD src0_sel:BYTE_0 ; 7e2a0af9 00080615
	s_waitcnt vmcnt(0)                                          ; bf8c3f70
	v_cvt_f32_f16_e32 v31, v24                                  ; 7e3e1718
	v_cvt_f32_i32_sdwa v28, sext(v23) dst_sel:DWORD dst_unused:UNUSED_PAD src0_sel:BYTE_3 ; 7e380af9 000b0617
	v_cvt_f32_i32_sdwa v29, sext(v23) dst_sel:DWORD dst_unused:UNUSED_PAD src0_sel:BYTE_2 ; 7e3a0af9 000a0617
	v_cvt_f32_i32_sdwa v30, sext(v23) dst_sel:DWORD dst_unused:UNUSED_PAD src0_sel:BYTE_1 ; 7e3c0af9 00090617
	v_cvt_f32_i32_sdwa v23, sext(v23) dst_sel:DWORD dst_unused:UNUSED_PAD src0_sel:BYTE_0 ; 7e2e0af9 00080617
	v_mul_f32_e32 v28, v19, v28                                 ; 0a383913
	v_mac_f32_e32 v28, v18, v29                                 ; 2c383b12
	v_mac_f32_e32 v28, v17, v30                                 ; 2c383d11
	v_mac_f32_e32 v28, v16, v23                                 ; 2c382f10
	v_mac_f32_e32 v28, v14, v26                                 ; 2c38350e
	v_mac_f32_e32 v28, v15, v25                                 ; 2c38330f
	v_mac_f32_e32 v28, v13, v27                                 ; 2c38370d
	v_mac_f32_e32 v28, v12, v21                                 ; 2c382b0c
	v_mac_f32_e32 v1, v28, v31                                  ; 2c023f1c
	s_cbranch_scc0 BB163                                        ; bf840090
BB153:
	v_add_u32_e32 v9, s9, v7                                    ; 68120e09
	v_lshrrev_b32_e32 v9, 5, v9                                 ; 20121285
	v_add_u32_e32 v9, s20, v9                                   ; 68121214
	v_lshlrev_b32_e32 v10, 1, v9                                ; 24141281
	v_lshl_add_u32 v9, v9, 5, v10                               ; d1fd0009 04290b09
	v_add_u32_e32 v11, 2, v9                                    ; 68161282
	v_add_u32_e32 v20, v11, v8                                  ; 6828110b
	v_and_b32_e32 v11, -4, v11                                  ; 261616c4
	v_add_u32_e32 v11, v11, v8                                  ; 6816110b
	buffer_load_dwordx3 v[21:23], v11, s[24:27], 0 offen        ; e0581000 8006150b
	buffer_load_short_d16 v24, v9, s[24:27], 0 offen            ; e0901000 80061809
	s_add_u32 s9, s9, s3                                        ; 80090309
	s_cmp_lt_u32 2, s4                                          ; bf0a0482
	s_waitcnt vmcnt(1)                                          ; bf8c3f71
	v_alignbyte_b32 v21, v22, v21, v20                          ; d1cf0015 04522b16
	v_alignbyte_b32 v23, v23, v22, v20                          ; d1cf0017 04522d17
	v_cvt_f32_i32_sdwa v26, sext(v21) dst_sel:DWORD dst_unused:UNUSED_PAD src0_sel:BYTE_2 ; 7e340af9 000a0615
	v_cvt_f32_i32_sdwa v27, sext(v21) dst_sel:DWORD dst_unused:UNUSED_PAD src0_sel:BYTE_1 ; 7e360af9 00090615
	v_cvt_f32_i32_sdwa v25, sext(v21) dst_sel:DWORD dst_unused:UNUSED_PAD src0_sel:BYTE_3 ; 7e320af9 000b0615
	v_cvt_f32_i32_sdwa v21, sext(v21) dst_sel:DWORD dst_unused:UNUSED_PAD src0_sel:BYTE_0 ; 7e2a0af9 00080615
	s_waitcnt vmcnt(0)                                          ; bf8c3f70
	v_cvt_f32_f16_e32 v31, v24                                  ; 7e3e1718
	v_cvt_f32_i32_sdwa v28, sext(v23) dst_sel:DWORD dst_unused:UNUSED_PAD src0_sel:BYTE_3 ; 7e380af9 000b0617
	v_cvt_f32_i32_sdwa v29, sext(v23) dst_sel:DWORD dst_unused:UNUSED_PAD src0_sel:BYTE_2 ; 7e3a0af9 000a0617
	v_cvt_f32_i32_sdwa v30, sext(v23) dst_sel:DWORD dst_unused:UNUSED_PAD src0_sel:BYTE_1 ; 7e3c0af9 00090617
	v_cvt_f32_i32_sdwa v23, sext(v23) dst_sel:DWORD dst_unused:UNUSED_PAD src0_sel:BYTE_0 ; 7e2e0af9 00080617
	v_mul_f32_e32 v28, v19, v28                                 ; 0a383913
	v_mac_f32_e32 v28, v18, v29                                 ; 2c383b12
	v_mac_f32_e32 v28, v17, v30                                 ; 2c383d11
	v_mac_f32_e32 v28, v16, v23                                 ; 2c382f10
	v_mac_f32_e32 v28, v14, v26                                 ; 2c38350e
	v_mac_f32_e32 v28, v15, v25                                 ; 2c38330f
	v_mac_f32_e32 v28, v13, v27                                 ; 2c38370d
	v_mac_f32_e32 v28, v12, v21                                 ; 2c382b0c
	v_mac_f32_e32 v4, v28, v31                                  ; 2c083f1c
	s_cbranch_scc0 BB163                                        ; bf84005f
BB154:
	v_add_u32_e32 v9, s9, v7                                    ; 68120e09
	v_lshrrev_b32_e32 v9, 5, v9                                 ; 20121285
	v_add_u32_e32 v9, s20, v9                                   ; 68121214
	v_lshlrev_b32_e32 v10, 1, v9                                ; 24141281
	v_lshl_add_u32 v9, v9, 5, v10                               ; d1fd0009 04290b09
	v_add_u32_e32 v11, 2, v9                                    ; 68161282
	v_add_u32_e32 v20, v11, v8                                  ; 6828110b
	v_and_b32_e32 v11, -4, v11                                  ; 261616c4
	v_add_u32_e32 v11, v11, v8                                  ; 6816110b
	buffer_load_dwordx3 v[21:23], v11, s[24:27], 0 offen        ; e0581000 8006150b
	buffer_load_short_d16 v24, v9, s[24:27], 0 offen            ; e0901000 80061809
	s_add_u32 s9, s9, s3                                        ; 80090309
	s_cmp_lt_u32 3, s4                                          ; bf0a0483
	s_waitcnt vmcnt(1)                                          ; bf8c3f71
	v_alignbyte_b32 v21, v22, v21, v20                          ; d1cf0015 04522b16
	v_alignbyte_b32 v23, v23, v22, v20                          ; d1cf0017 04522d17
	v_cvt_f32_i32_sdwa v26, sext(v21) dst_sel:DWORD dst_unused:UNUSED_PAD src0_sel:BYTE_2 ; 7e340af9 000a0615
	v_cvt_f32_i32_sdwa v27, sext(v21) dst_sel:DWORD dst_unused:UNUSED_PAD src0_sel:BYTE_1 ; 7e360af9 00090615
	v_cvt_f32_i32_sdwa v25, sext(v21) dst_sel:DWORD dst_unused:UNUSED_PAD src0_sel:BYTE_3 ; 7e320af9 000b0615
	v_cvt_f32_i32_sdwa v21, sext(v21) dst_sel:DWORD dst_unused:UNUSED_PAD src0_sel:BYTE_0 ; 7e2a0af9 00080615
	s_waitcnt vmcnt(0)                                          ; bf8c3f70
	v_cvt_f32_f16_e32 v31, v24                                  ; 7e3e1718
	v_cvt_f32_i32_sdwa v28, sext(v23) dst_sel:DWORD dst_unused:UNUSED_PAD src0_sel:BYTE_3 ; 7e380af9 000b0617
	v_cvt_f32_i32_sdwa v29, sext(v23) dst_sel:DWORD dst_unused:UNUSED_PAD src0_sel:BYTE_2 ; 7e3a0af9 000a0617
	v_cvt_f32_i32_sdwa v30, sext(v23) dst_sel:DWORD dst_unused:UNUSED_PAD src0_sel:BYTE_1 ; 7e3c0af9 00090617
	v_cvt_f32_i32_sdwa v23, sext(v23) dst_sel:DWORD dst_unused:UNUSED_PAD src0_sel:BYTE_0 ; 7e2e0af9 00080617
	v_mul_f32_e32 v28, v19, v28                                 ; 0a383913
	v_mac_f32_e32 v28, v18, v29                                 ; 2c383b12
	v_mac_f32_e32 v28, v17, v30                                 ; 2c383d11
	v_mac_f32_e32 v28, v16, v23                                 ; 2c382f10
	v_mac_f32_e32 v28, v14, v26                                 ; 2c38350e
	v_mac_f32_e32 v28, v15, v25                                 ; 2c38330f
	v_mac_f32_e32 v28, v13, v27                                 ; 2c38370d
	v_mac_f32_e32 v28, v12, v21                                 ; 2c382b0c
	v_mac_f32_e32 v5, v28, v31                                  ; 2c0a3f1c
	s_cbranch_scc0 BB163                                        ; bf84002e
BB155:
	v_add_u32_e32 v7, s9, v7                                    ; 680e0e09
	v_lshrrev_b32_e32 v7, 5, v7                                 ; 200e0e85
	v_add_u32_e32 v7, s20, v7                                   ; 680e0e14
	v_lshlrev_b32_e32 v9, 1, v7                                 ; 24120e81
	v_lshl_add_u32 v7, v7, 5, v9                                ; d1fd0007 04250b07
	v_add_u32_e32 v10, 2, v7                                    ; 68140e82
	v_add_u32_e32 v11, v10, v8                                  ; 6816110a
	v_and_b32_e32 v10, -4, v10                                  ; 261414c4
	v_add_u32_e32 v10, v10, v8                                  ; 6814110a
	buffer_load_dwordx3 v[20:22], v10, s[24:27], 0 offen        ; e0581000 8006140a
	buffer_load_short_d16 v23, v7, s[24:27], 0 offen            ; e0901000 80061707
	s_waitcnt vmcnt(1)                                          ; bf8c3f71
	v_alignbyte_b32 v20, v21, v20, v11                          ; d1cf0014 042e2915
	v_alignbyte_b32 v22, v22, v21, v11                          ; d1cf0016 042e2b16
	v_cvt_f32_i32_sdwa v24, sext(v20) dst_sel:DWORD dst_unused:UNUSED_PAD src0_sel:BYTE_3 ; 7e300af9 000b0614
	v_cvt_f32_i32_sdwa v25, sext(v20) dst_sel:DWORD dst_unused:UNUSED_PAD src0_sel:BYTE_2 ; 7e320af9 000a0614
	v_cvt_f32_i32_sdwa v26, sext(v20) dst_sel:DWORD dst_unused:UNUSED_PAD src0_sel:BYTE_1 ; 7e340af9 00090614
	v_cvt_f32_i32_sdwa v20, sext(v20) dst_sel:DWORD dst_unused:UNUSED_PAD src0_sel:BYTE_0 ; 7e280af9 00080614
	v_cvt_f32_i32_sdwa v27, sext(v22) dst_sel:DWORD dst_unused:UNUSED_PAD src0_sel:BYTE_3 ; 7e360af9 000b0616
	v_cvt_f32_i32_sdwa v28, sext(v22) dst_sel:DWORD dst_unused:UNUSED_PAD src0_sel:BYTE_2 ; 7e380af9 000a0616
	v_cvt_f32_i32_sdwa v29, sext(v22) dst_sel:DWORD dst_unused:UNUSED_PAD src0_sel:BYTE_1 ; 7e3a0af9 00090616
	v_cvt_f32_i32_sdwa v22, sext(v22) dst_sel:DWORD dst_unused:UNUSED_PAD src0_sel:BYTE_0 ; 7e2c0af9 00080616
	s_waitcnt vmcnt(0)                                          ; bf8c3f70
	v_cvt_f32_f16_e32 v30, v23                                  ; 7e3c1717
	v_mul_f32_e32 v19, v19, v27                                 ; 0a263713
	v_mac_f32_e32 v19, v18, v28                                 ; 2c263912
	v_mac_f32_e32 v19, v17, v29                                 ; 2c263b11
	v_mac_f32_e32 v19, v16, v22                                 ; 2c262d10
	v_mac_f32_e32 v19, v14, v25                                 ; 2c26330e
	v_mac_f32_e32 v19, v15, v24                                 ; 2c26310f
	v_mac_f32_e32 v19, v13, v26                                 ; 2c26350d
	v_mac_f32_e32 v19, v12, v20                                 ; 2c26290c
	v_mac_f32_e32 v6, v19, v30                                  ; 2c0c3d13
BB163:
	v_add_u32_e32 v3, 1, v3                                     ; 68060681
	s_branch BB146                                              ; bf82ff20
BB164:
	s_mov_b64 exec, -1                                          ; befe01c1
	s_cmp_lg_i32 s4, 0                                          ; bf018004
	s_cselect_b64 s[0:1], -1, 0                                 ; 858080c1
	s_cbranch_scc0 BB176                                        ; bf84006a
BB165:
	s_or_saveexec_b64 s[10:11], -1                              ; be8a21c1
	s_cmp_lt_u32 1, s4                                          ; bf0a0481
	v_cndmask_b32_e64 v39, 0, v1, s[10:11]                      ; d1000027 002a0280
	s_nop 1                                                     ; bf800001
	v_add_f32_dpp v39, v39, v39 quad_perm:[1,0,3,2] row_mask:0xf bank_mask:0xf ; 024e4efa ff00b127
	s_nop 1                                                     ; bf800001
	v_add_f32_dpp v39, v39, v39 quad_perm:[2,3,0,1] row_mask:0xf bank_mask:0xf ; 024e4efa ff004e27
	s_nop 1                                                     ; bf800001
	v_add_f32_dpp v39, v39, v39 row_half_mirror row_mask:0xf bank_mask:0xf ; 024e4efa ff014127
	s_nop 1                                                     ; bf800001
	v_add_f32_dpp v39, v39, v39 row_mirror row_mask:0xf bank_mask:0xf ; 024e4efa ff014027
	s_nop 1                                                     ; bf800001
	v_add_f32_dpp v39, v39, v39 row_bcast:15 row_mask:0xa bank_mask:0xf ; 024e4efa af014227
	s_nop 1                                                     ; bf800001
	v_add_f32_dpp v39, v39, v39 row_bcast:31 row_mask:0xc bank_mask:0xf ; 024e4efa cf014327
	s_mov_b64 exec, s[10:11]                                    ; befe010a
	v_readlane_b32 s3, v39, 63                                  ; d2890003 00017f27
	s_cbranch_scc0 BB174                                        ; bf84004f
BB166:
	s_or_saveexec_b64 s[10:11], -1                              ; be8a21c1
	s_cmp_lt_u32 2, s4                                          ; bf0a0482
	v_cndmask_b32_e64 v39, 0, v4, s[10:11]                      ; d1000027 002a0880
	s_nop 1                                                     ; bf800001
	v_add_f32_dpp v39, v39, v39 quad_perm:[1,0,3,2] row_mask:0xf bank_mask:0xf ; 024e4efa ff00b127
	s_nop 1                                                     ; bf800001
	v_add_f32_dpp v39, v39, v39 quad_perm:[2,3,0,1] row_mask:0xf bank_mask:0xf ; 024e4efa ff004e27
	s_nop 1                                                     ; bf800001
	v_add_f32_dpp v39, v39, v39 row_half_mirror row_mask:0xf bank_mask:0xf ; 024e4efa ff014127
	s_nop 1                                                     ; bf800001
	v_add_f32_dpp v39, v39, v39 row_mirror row_mask:0xf bank_mask:0xf ; 024e4efa ff014027
	s_nop 1                                                     ; bf800001
	v_add_f32_dpp v39, v39, v39 row_bcast:15 row_mask:0xa bank_mask:0xf ; 024e4efa af014227
	s_nop 1                                                     ; bf800001
	v_add_f32_dpp v39, v39, v39 row_bcast:31 row_mask:0xc bank_mask:0xf ; 024e4efa cf014327
	s_mov_b64 exec, s[10:11]                                    ; befe010a
	v_readlane_b32 s5, v39, 63                                  ; d2890005 00017f27
	s_cbranch_scc0 BB172                                        ; bf840034
BB167:
	s_or_saveexec_b64 s[10:11], -1                              ; be8a21c1
	s_cmp_lt_u32 3, s4                                          ; bf0a0483
	v_cndmask_b32_e64 v39, 0, v5, s[10:11]                      ; d1000027 002a0a80
	s_nop 1                                                     ; bf800001
	v_add_f32_dpp v39, v39, v39 quad_perm:[1,0,3,2] row_mask:0xf bank_mask:0xf ; 024e4efa ff00b127
	s_nop 1                                                     ; bf800001
	v_add_f32_dpp v39, v39, v39 quad_perm:[2,3,0,1] row_mask:0xf bank_mask:0xf ; 024e4efa ff004e27
	s_nop 1                                                     ; bf800001
	v_add_f32_dpp v39, v39, v39 row_half_mirror row_mask:0xf bank_mask:0xf ; 024e4efa ff014127
	s_nop 1                                                     ; bf800001
	v_add_f32_dpp v39, v39, v39 row_mirror row_mask:0xf bank_mask:0xf ; 024e4efa ff014027
	s_nop 1                                                     ; bf800001
	v_add_f32_dpp v39, v39, v39 row_bcast:15 row_mask:0xa bank_mask:0xf ; 024e4efa af014227
	s_nop 1                                                     ; bf800001
	v_add_f32_dpp v39, v39, v39 row_bcast:31 row_mask:0xc bank_mask:0xf ; 024e4efa cf014327
	s_mov_b64 exec, s[10:11]                                    ; befe010a
	v_readlane_b32 s6, v39, 63                                  ; d2890006 00017f27
	s_cbranch_scc0 BB170                                        ; bf840019
BB168:
	s_or_saveexec_b64 s[10:11], -1                              ; be8a21c1
	v_cndmask_b32_e64 v39, 0, v6, s[10:11]                      ; d1000027 002a0c80
	s_nop 1                                                     ; bf800001
	v_add_f32_dpp v39, v39, v39 quad_perm:[1,0,3,2] row_mask:0xf bank_mask:0xf ; 024e4efa ff00b127
	s_nop 1                                                     ; bf800001
	v_add_f32_dpp v39, v39, v39 quad_perm:[2,3,0,1] row_mask:0xf bank_mask:0xf ; 024e4efa ff004e27
	s_nop 1                                                     ; bf800001
	v_add_f32_dpp v39, v39, v39 row_half_mirror row_mask:0xf bank_mask:0xf ; 024e4efa ff014127
	s_nop 1                                                     ; bf800001
	v_add_f32_dpp v39, v39, v39 row_mirror row_mask:0xf bank_mask:0xf ; 024e4efa ff014027
	s_nop 1                                                     ; bf800001
	v_add_f32_dpp v39, v39, v39 row_bcast:15 row_mask:0xa bank_mask:0xf ; 024e4efa af014227
	s_nop 1                                                     ; bf800001
	v_add_f32_dpp v39, v39, v39 row_bcast:31 row_mask:0xc bank_mask:0xf ; 024e4efa cf014327
	s_mov_b64 exec, s[10:11]                                    ; befe010a
	v_readlane_b32 s9, v39, 63                                  ; d2890009 00017f27
	v_mov_b32_e32 v6, s9                                        ; 7e0c0209
BB170:
	v_mov_b32_e32 v5, s6                                        ; 7e0a0206
BB172:
	v_mov_b32_e32 v4, s5                                        ; 7e080205
BB174:
	v_mov_b32_e32 v1, s3                                        ; 7e020203
BB176:
	s_mov_b64 s[10:11], 1                                       ; be8a0181
	s_and_b64 exec, s[0:1], s[10:11]                            ; 86fe0a00
	s_cbranch_execz BB191                                       ; bf880012
BB177:
	v_mov_b32_e32 v0, 0                                         ; 7e000280
	ds_write_b32 v0, v1                                         ; d81a0000 00000100
	s_cmp_lt_u32 1, s4                                          ; bf0a0481
	s_cbranch_scc0 BB191                                        ; bf84000d
BB178:
	v_mov_b32_e32 v0, 0                                         ; 7e000280
	ds_write_b32 v0, v4 offset:4                                ; d81a0004 00000400
	s_cmp_lt_u32 2, s4                                          ; bf0a0482
	s_cbranch_scc0 BB191                                        ; bf840008
BB179:
	v_mov_b32_e32 v0, 0                                         ; 7e000280
	ds_write_b32 v0, v5 offset:8                                ; d81a0008 00000500
	s_cmp_lt_u32 3, s4                                          ; bf0a0483
	s_cbranch_scc0 BB191                                        ; bf840003
BB180:
	v_mov_b32_e32 v0, 0                                         ; 7e000280
	ds_write_b32 v0, v6 offset:12                               ; d81a000c 00000600
BB191:
	s_mov_b64 exec, s[10:11]                                    ; befe010a
	s_cbranch_execz BB217                                       ; bf880087
BB192:
	s_min_u32 s4, 4, s4                                         ; 83840484
	s_mov_b32 s0, 0                                             ; be800080
BB193:
	s_cmp_ge_u32 s0, s4                                         ; bf090400
	s_cbranch_scc1 BB217                                        ; bf850083
BB195:
	s_cmp_lt_i32 s0, 2                                          ; bf048200
	s_cselect_b64 vcc, -1, 0                                    ; 85ea80c1
	s_cmp_lt_i32 s0, 3                                          ; bf048300
	s_cselect_b64 s[10:11], -1, 0                               ; 858a80c1
	s_waitcnt lgkmcnt(0)                                        ; bf8cc07f
	s_or_b64 s[12:13], vcc, s[10:11]                            ; 878c0a6a
	s_andn2_b64 s[14:15], s[10:11], vcc                         ; 898e6a0a
	s_cmp_lt_i32 s0, 1                                          ; bf048100
	v_cndmask_b32_e64 v0, 0, v6, s[12:13]                       ; d1000000 00320c80
	v_cndmask_b32_e64 v2, v5, 0, s[14:15]                       ; d1000002 00390105
	s_cselect_b64 s[20:21], -1, 0                               ; 859480c1
	s_andn2_b64 s[22:23], vcc, s[20:21]                         ; 8996146a
	s_and_b64 s[24:25], vcc, s[20:21]                           ; 8698146a
	s_and_b32 s1, s19, 63                                       ; 8601bf13
	v_cndmask_b32_e64 v3, v4, 0, s[22:23]                       ; d1000003 00590104
	v_cndmask_b32_e64 v7, v1, 0, s[24:25]                       ; d1000007 00610101
	s_cbranch_scc0 BB201                                        ; bf840020
BB196:
	s_lshl_b32 s3, s0, 2                                        ; 8e038200
	v_mov_b32_e32 v8, s3                                        ; 7e100203
	ds_read_b32 v8, v8                                          ; d86c0000 08000008
	s_mov_b32 s3, 1                                             ; be830081
	s_waitcnt lgkmcnt(0)                                        ; bf8cc07f
	v_cndmask_b32_e64 v3, v8, v3, s[20:21]                      ; d1000003 00520708
	v_cndmask_b32_e64 v7, v7, v8, s[20:21]                      ; d1000007 00521107
	v_cndmask_b32_e64 v0, v8, v0, s[10:11]                      ; d1000000 002a0108
	v_cndmask_b32_e64 v2, v2, v8, s[10:11]                      ; d1000002 002a1102
	v_cndmask_b32_e32 v4, v4, v3, vcc                           ; 00080704
	v_cndmask_b32_e32 v1, v1, v7, vcc                           ; 00020f01
	v_cndmask_b32_e32 v6, v0, v6, vcc                           ; 000c0d00
	v_cndmask_b32_e32 v5, v2, v5, vcc                           ; 000a0b02
BB197:
	s_cmp_ge_u32 s3, s1                                         ; bf090103
	s_cbranch_scc1 BB202                                        ; bf850010
BB199:
	v_mov_b32_e32 v0, 0x7fc00000                                ; 7e0002ff 7fc00000
	s_add_u32 s3, s3, 1                                         ; 80038103
	v_cndmask_b32_e64 v6, v0, v6, s[12:13]                      ; d1000006 00320d00
	v_cndmask_b32_e64 v5, v5, v0, s[14:15]                      ; d1000005 003a0105
	v_cndmask_b32_e64 v4, v4, v0, s[22:23]                      ; d1000004 005a0104
	v_cndmask_b32_e64 v1, v1, v0, s[24:25]                      ; d1000001 00620101
	s_branch BB197                                              ; bf82fff2
BB201:
	v_mov_b32_e32 v1, v7                                        ; 7e020307
	v_mov_b32_e32 v4, v3                                        ; 7e080303
	v_mov_b32_e32 v5, v2                                        ; 7e0a0302
	v_mov_b32_e32 v6, v0                                        ; 7e0c0300
BB202:
	s_bitcmp1_b32 s8, 0                                         ; bf0d8008
	s_cbranch_scc0 BB205                                        ; bf84001a
BB203:
	s_mov_b32 s26, s2                                           ; be9a0002
	s_movk_i32 s27, 0x8000                                      ; b01b8000
	s_load_dwordx4 s[28:31], s[26:27], 0x30                     ; c00a070d 00000030
	s_mul_i32 s1, s7, s17                                       ; 92011107
	s_add_u32 s1, s1, s16                                       ; 80011001
	s_add_u32 s1, s1, s0                                        ; 80010001
	s_lshl_b32 s1, s1, 2                                        ; 8e018201
	s_waitcnt lgkmcnt(0)                                        ; bf8cc07f
	s_buffer_load_dword s1, s[28:31], s1                        ; c020004e 00000001
	v_cndmask_b32_e64 v0, v4, v1, s[20:21]                      ; d1000000 00520304
	v_cndmask_b32_e64 v2, v6, v5, s[10:11]                      ; d1000002 002a0b06
	v_cndmask_b32_e32 v2, v2, v0, vcc                           ; 00040102
	s_waitcnt lgkmcnt(0)                                        ; bf8cc07f
	v_add_f32_e32 v2, s1, v2                                    ; 02040401
	v_cndmask_b32_e64 v6, v2, v6, s[12:13]                      ; d1000006 00320d02
	v_cndmask_b32_e64 v5, v5, v2, s[14:15]                      ; d1000005 003a0505
	v_cndmask_b32_e64 v4, v4, v2, s[22:23]                      ; d1000004 005a0504
	v_cndmask_b32_e64 v1, v1, v2, s[24:25]                      ; d1000001 00620501
BB205:
	s_bitcmp1_b32 s8, 1                                         ; bf0d8108
	s_cbranch_scc0 BB208                                        ; bf84001a
BB206:
	s_mov_b32 s26, s2                                           ; be9a0002
	s_movk_i32 s27, 0x8000                                      ; b01b8000
	s_load_dwordx4 s[28:31], s[26:27], 0x40                     ; c00a070d 00000040
	s_mul_i32 s1, s7, s17                                       ; 92011107
	s_add_u32 s1, s1, s16                                       ; 80011001
	s_add_u32 s1, s1, s0                                        ; 80010001
	s_lshl_b32 s1, s1, 2                                        ; 8e018201
	s_waitcnt lgkmcnt(0)                                        ; bf8cc07f
	s_buffer_load_dword s1, s[28:31], s1                        ; c020004e 00000001
	v_cndmask_b32_e64 v0, v4, v1, s[20:21]                      ; d1000000 00520304
	v_cndmask_b32_e64 v2, v6, v5, s[10:11]                      ; d1000002 002a0b06
	v_cndmask_b32_e32 v2, v2, v0, vcc                           ; 00040102
	s_waitcnt lgkmcnt(0)                                        ; bf8cc07f
	v_add_f32_e32 v2, s1, v2                                    ; 02040401
	v_cndmask_b32_e64 v6, v2, v6, s[12:13]                      ; d1000006 00320d02
	v_cndmask_b32_e64 v5, v5, v2, s[14:15]                      ; d1000005 003a0505
	v_cndmask_b32_e64 v4, v4, v2, s[22:23]                      ; d1000004 005a0504
	v_cndmask_b32_e64 v1, v1, v2, s[24:25]                      ; d1000001 00620501
BB208:
	s_mov_b32 s12, s2                                           ; be8c0002
	s_movk_i32 s13, 0x8000                                      ; b00d8000
	s_load_dwordx4 s[12:15], s[12:13], 0x20                     ; c00a0306 00000020
	s_mul_i32 s1, s7, s17                                       ; 92011107
	v_cndmask_b32_e64 v2, v6, v5, s[10:11]                      ; d1000002 002a0b06
	v_cndmask_b32_e64 v0, v4, v1, s[20:21]                      ; d1000000 00520304
	s_add_u32 s1, s1, s16                                       ; 80011001
	v_cndmask_b32_e32 v2, v2, v0, vcc                           ; 00040102
	s_add_u32 s1, s1, s0                                        ; 80010001
	s_lshl_b32 s1, s1, 2                                        ; 8e018201
	s_waitcnt lgkmcnt(0)                                        ; bf8cc07f
	buffer_store_dword v2, off, s[12:15], s1                    ; e0700000 01030280
	s_add_u32 s0, s0, 1                                         ; 80008100
	s_branch BB193                                              ; bf82ff7b
BB217:
	s_endpgm                                                    ; bf810000


Compute Shader:
*** SHADER STATS ***
Driver pipeline hash: 7905404723164983502
SGPRs: 48
VGPRs: 40
Spilled SGPRs: 0
Spilled VGPRs: 0
Code size: 14776
LDS size: 512
Scratch size: 0
Subgroups per SIMD: 6
Combined inputs: 0
Combined outputs: 0
Hash: 2714108465
Instructions: 2747
Copies: 152
Branches: 76
Latency: 33548
Inverse Throughput: 16752
VMEM Clause: 67
SMEM Clause: 24
Pre-Sched SGPRs: 32
Pre-Sched VGPRs: 27
VALU: 1962
SALU: 359
VMEM: 142
SMEM: 24
VOPD: 0
********************


