0.00.036.015 I cmn  common_param: common_params_print_info: verbosity = 3 (adjust with the `-lv N` CLI arg)
0.00.036.213 W srv  llama_server: -----------------
0.00.036.229 W srv  llama_server: CORS is set to allow all origins ('*') and no API key is set
0.00.036.251 W srv  llama_server: this can be a security risk (cross-origin attacks)
0.00.036.262 W srv  llama_server: more info: https://github.com/ggml-org/llama.cpp/pull/25655
0.00.036.272 W srv  llama_server: -----------------
0.00.037.499 I srv    load_model: loading model '$HOME/models/Qwen3.8-2B-Distill-GGUF/Qwen3.8-2B-Q4_K_M.gguf'
0.00.719.093 W model has unused tensor blk.24.attn_norm.weight (size = 8192 bytes) -- ignoring
0.00.719.142 W model has unused tensor blk.24.post_attention_norm.weight (size = 8192 bytes) -- ignoring
0.00.719.169 W model has unused tensor blk.24.attn_q.weight (size = 4718592 bytes) -- ignoring
0.00.719.185 W model has unused tensor blk.24.attn_k.weight (size = 589824 bytes) -- ignoring
0.00.719.201 W model has unused tensor blk.24.attn_v.weight (size = 860160 bytes) -- ignoring
0.00.719.229 W model has unused tensor blk.24.attn_output.weight (size = 2359296 bytes) -- ignoring
0.00.719.253 W model has unused tensor blk.24.attn_q_norm.weight (size = 1024 bytes) -- ignoring
0.00.719.258 W model has unused tensor blk.24.attn_k_norm.weight (size = 1024 bytes) -- ignoring
0.00.719.262 W model has unused tensor blk.24.ffn_gate.weight (size = 7077888 bytes) -- ignoring
0.00.719.267 W model has unused tensor blk.24.ffn_down.weight (size = 10321920 bytes) -- ignoring
0.00.719.272 W model has unused tensor blk.24.ffn_up.weight (size = 7077888 bytes) -- ignoring
0.00.719.278 W model has unused tensor blk.24.nextn.eh_proj.weight (size = 4718592 bytes) -- ignoring
0.00.719.283 W model has unused tensor blk.24.nextn.enorm.weight (size = 8192 bytes) -- ignoring
0.00.719.288 W model has unused tensor blk.24.nextn.hnorm.weight (size = 8192 bytes) -- ignoring
0.00.719.302 W model has unused tensor blk.24.nextn.shared_head_norm.weight (size = 8192 bytes) -- ignoring
0.02.045.208 I cmn          init: llama threadpool init, n_threads = 1
----------------
Vulkan Timings:
ADD: 66 x 299.626 us = 19775.3 us
CONCAT: 18 x 318.615 us = 5735.08 us
CONT: 6 x 473.266 us = 2839.6 us
CPY: 36 x 373.202 us = 13435.3 us
FLASH_ATTN_EXT dst(256,8,2,1),  q(256,2,8,1),  k(256,256,2,1),  v(256,256,2,1),  m(256,2,1,1): 6 x 533.18 us = 3199.08 us (7.86658 GFLOPS/s)
GATED_DELTA_NET: 18 x 493.148 us = 8876.68 us
GET_ROWS: 38 x 453.731 us = 17241.8 us
GLU: 24 x 383.618 us = 9206.84 us
L2_NORM: 36 x 313.036 us = 11269.3 us
MUL: 42 x 351.175 us = 14749.4 us
MUL_MAT f32 m=256 n=16 k=256: 6 x 470.246 us = 2821.48 us (4.45097 GFLOPS/s)
MUL_MAT f32 m=64 n=16 k=64: 6 x 470.6 us = 2823.6 us (0.276345 GFLOPS/s)
MUL_MAT f32 m=64 n=64 k=64: 6 x 469.773 us = 2818.64 us (1.10733 GFLOPS/s)
MUL_MAT_VEC f32 m=256 n=4 k=256: 6 x 683.413 us = 4100.48 us (0.765663 GFLOPS/s)
MUL_MAT_VEC q4_K m=16 n=2 k=2048: 36 x 262.748 us = 9458.96 us (0.498727 GFLOPS/s)
MUL_MAT_VEC q4_K m=2048 n=2 k=2048: 42 x 900.797 us = 37833.5 us (18.6203 GFLOPS/s)
MUL_MAT_VEC q4_K m=2048 n=2 k=6144: 12 x 1534.49 us = 18413.8 us (32.7976 GFLOPS/s)
MUL_MAT_VEC q4_K m=4096 n=2 k=2048: 6 x 1415.65 us = 8493.88 us (23.6968 GFLOPS/s)
MUL_MAT_VEC q4_K m=512 n=2 k=2048: 10 x 308.924 us = 3089.24 us (13.5738 GFLOPS/s)
MUL_MAT_VEC q4_K m=6144 n=2 k=2048: 56 x 2034.9 us = 113954 us (24.7282 GFLOPS/s)
MUL_MAT_VEC q6_K m=2048 n=2 k=6144: 12 x 2250.23 us = 27002.7 us (22.3655 GFLOPS/s)
MUL_MAT_VEC q6_K m=248320 n=1 k=2048: 1 x 54864.9 us = 54864.9 us (18.5341 GFLOPS/s)
MUL_MAT_VEC q6_K m=512 n=2 k=2048: 2 x 923.18 us = 1846.36 us (4.54221 GFLOPS/s)
MUL_MAT_VEC q6_K m=6144 n=2 k=2048: 10 x 2327.4 us = 23274 us (21.6204 GFLOPS/s)
RMS_NORM_MUL RMS_NORM(128,16,2,1): 18 x 295.777 us = 5324 us
RMS_NORM_MUL RMS_NORM(2048,2,1,1): 49 x 342.448 us = 16780 us
RMS_NORM_MUL RMS_NORM(256,2,2,1): 6 x 472.44 us = 2834.64 us
RMS_NORM_MUL RMS_NORM(256,8,2,1): 6 x 1265.17 us = 7591.04 us
ROPE: 12 x 471.37 us = 5656.44 us
SCALE: 36 x 365.39 us = 13154 us
SET_ROWS: 12 x 470.793 us = 5649.52 us
SIGMOID: 24 x 308.84 us = 7412.16 us
SILU: 18 x 327.993 us = 5903.88 us
SOFTPLUS: 18 x 327.615 us = 5897.08 us
SSM_CONV_SILU SSM_CONV: 18 x 280.402 us = 5047.24 us
Total time: 498374 us.
----------------
Vulkan Timings:
ADD: 66 x 338.193 us = 22320.8 us
CONCAT: 18 x 381.077 us = 6859.4 us
CONT: 6 x 686.546 us = 4119.28 us
CPY: 36 x 338.852 us = 12198.7 us
FLASH_ATTN_EXT dst(256,8,2,1),  q(256,2,8,1),  k(256,256,2,1),  v(256,256,2,1),  m(256,2,1,1): 6 x 526.42 us = 3158.52 us (7.9676 GFLOPS/s)
GATED_DELTA_NET: 18 x 416.177 us = 7491.2 us
GET_ROWS: 38 x 373.714 us = 14201.2 us
GLU: 24 x 385.218 us = 9245.24 us
L2_NORM: 36 x 306.84 us = 11046.2 us
MUL: 42 x 286.016 us = 12012.7 us
MUL_MAT f32 m=256 n=16 k=256: 6 x 465.473 us = 2792.84 us (4.49662 GFLOPS/s)
MUL_MAT f32 m=64 n=16 k=64: 6 x 468.126 us = 2808.76 us (0.277805 GFLOPS/s)
MUL_MAT f32 m=64 n=64 k=64: 6 x 471.073 us = 2826.44 us (1.10427 GFLOPS/s)
MUL_MAT_VEC f32 m=256 n=4 k=256: 6 x 464.546 us = 2787.28 us (1.1264 GFLOPS/s)
MUL_MAT_VEC q4_K m=16 n=2 k=2048: 36 x 294.528 us = 10603 us (0.444914 GFLOPS/s)
MUL_MAT_VEC q4_K m=2048 n=2 k=2048: 42 x 921.946 us = 38721.8 us (18.1932 GFLOPS/s)
MUL_MAT_VEC q4_K m=2048 n=2 k=6144: 12 x 1458.94 us = 17507.2 us (34.496 GFLOPS/s)
MUL_MAT_VEC q4_K m=4096 n=2 k=2048: 6 x 1601.72 us = 9610.32 us (20.9439 GFLOPS/s)
MUL_MAT_VEC q4_K m=512 n=2 k=2048: 10 x 302.384 us = 3023.84 us (13.8674 GFLOPS/s)
MUL_MAT_VEC q4_K m=6144 n=2 k=2048: 56 x 1995.52 us = 111749 us (25.2162 GFLOPS/s)
MUL_MAT_VEC q6_K m=2048 n=2 k=6144: 12 x 2060.03 us = 24720.4 us (24.4305 GFLOPS/s)
MUL_MAT_VEC q6_K m=248320 n=1 k=2048: 1 x 54889.2 us = 54889.2 us (18.5259 GFLOPS/s)
MUL_MAT_VEC q6_K m=512 n=2 k=2048: 2 x 920.3 us = 1840.6 us (4.55643 GFLOPS/s)
MUL_MAT_VEC q6_K m=6144 n=2 k=2048: 10 x 2218.86 us = 22188.6 us (22.6781 GFLOPS/s)
RMS_NORM_MUL RMS_NORM(128,16,2,1): 18 x 405.66 us = 7301.88 us
RMS_NORM_MUL RMS_NORM(2048,2,1,1): 49 x 338.629 us = 16592.8 us
RMS_NORM_MUL RMS_NORM(256,2,2,1): 6 x 675.393 us = 4052.36 us
RMS_NORM_MUL RMS_NORM(256,8,2,1): 6 x 483.666 us = 2902 us
ROPE: 12 x 469.01 us = 5628.12 us
SCALE: 36 x 291.14 us = 10481 us
SET_ROWS: 12 x 468.46 us = 5621.52 us
SIGMOID: 24 x 357.163 us = 8571.92 us
SILU: 18 x 327.471 us = 5894.48 us
SOFTPLUS: 18 x 251.08 us = 4519.44 us
SSM_CONV_SILU SSM_CONV: 18 x 279.113 us = 5024.04 us
Total time: 485312 us.
0.03.075.818 I srv    load_model: initializing, n_slots = 1, n_ctx_slot = 24576, kv_unified = 'false'
0.03.075.942 W srv          init: --cache-idle-slots requires --cache-ram, disabling
0.03.090.808 I srv  llama_server: model loaded
0.03.090.872 I srv  llama_server: listening on http://127.0.0.1:59309
0.04.108.841 I slot get_availabl: id  0 | task -1 | selected slot by LRU, t_last = -1
0.04.109.027 I slot launch_slot_: id  0 | task 0 | processing task, is_child = 0
----------------
Vulkan Timings:
ADD: 66 x 300.524 us = 19834.6 us
CONCAT: 18 x 413.953 us = 7451.16 us
CONT: 6 x 484.02 us = 2904.12 us
CPY: 36 x 265.636 us = 9562.92 us
FLASH_ATTN_EXT dst(256,8,19,1),  q(256,19,8,1),  k(256,256,2,1),  v(256,256,2,1),  m(256,19,1,1): 6 x 683.8 us = 4102.8 us (58.2713 GFLOPS/s)
GATED_DELTA_NET: 18 x 727.613 us = 13097 us
GET_ROWS: 38 x 311.424 us = 11834.1 us
GLU: 24 x 398.158 us = 9555.8 us
L2_NORM: 36 x 353.838 us = 12738.2 us
MUL: 42 x 284.864 us = 11964.3 us
MUL_MAT f32 m=256 n=152 k=256: 6 x 443.42 us = 2660.52 us (44.8424 GFLOPS/s)
MUL_MAT f32 m=256 n=38 k=256: 6 x 435.266 us = 2611.6 us (11.4206 GFLOPS/s)
MUL_MAT f32 m=64 n=152 k=64: 6 x 450.546 us = 2703.28 us (2.74213 GFLOPS/s)
MUL_MAT f32 m=64 n=608 k=64: 6 x 454.886 us = 2729.32 us (10.8639 GFLOPS/s)
MUL_MAT q4_K m=16 n=19 k=2048: 36 x 563.43 us = 20283.5 us (2.20947 GFLOPS/s)
MUL_MAT q4_K m=2048 n=19 k=2048: 42 x 2280.59 us = 95784.6 us (69.8701 GFLOPS/s)
MUL_MAT q4_K m=2048 n=19 k=6144: 12 x 6213.86 us = 74566.3 us (76.9428 GFLOPS/s)
MUL_MAT q4_K m=4096 n=19 k=2048: 6 x 3940.01 us = 23640.1 us (80.8853 GFLOPS/s)
MUL_MAT q4_K m=512 n=19 k=2048: 10 x 662.476 us = 6624.76 us (60.1322 GFLOPS/s)
MUL_MAT q4_K m=6144 n=19 k=2048: 56 x 6311.2 us = 353427 us (75.7437 GFLOPS/s)
MUL_MAT q6_K m=2048 n=19 k=6144: 12 x 9262.84 us = 111154 us (51.6161 GFLOPS/s)
MUL_MAT q6_K m=512 n=19 k=2048: 2 x 1409.66 us = 2819.32 us (28.2594 GFLOPS/s)
MUL_MAT q6_K m=6144 n=19 k=2048: 10 x 8369.98 us = 83699.8 us (57.1129 GFLOPS/s)
MUL_MAT_VEC q6_K m=248320 n=1 k=2048: 1 x 43837.6 us = 43837.6 us (23.1963 GFLOPS/s)
RMS_NORM_MUL RMS_NORM(128,16,19,1): 18 x 449.5 us = 8091 us
RMS_NORM_MUL RMS_NORM(2048,19,1,1): 49 x 306.734 us = 15030 us
RMS_NORM_MUL RMS_NORM(256,2,19,1): 6 x 461.073 us = 2766.44 us
RMS_NORM_MUL RMS_NORM(256,8,19,1): 6 x 536.733 us = 3220.4 us
ROPE: 12 x 464.546 us = 5574.56 us
SCALE: 36 x 258.516 us = 9306.6 us
SET_ROWS: 12 x 440.37 us = 5284.44 us
SIGMOID: 24 x 288.688 us = 6928.52 us
SILU: 18 x 270.786 us = 4874.16 us
SOFTPLUS: 18 x 217.784 us = 3920.12 us
SSM_CONV_SILU SSM_CONV: 18 x 303.042 us = 5454.76 us
Total time: 1.00004e+06 us.
----------------
Vulkan Timings:
ADD: 36 x 339.936 us = 12237.7 us
CONCAT: 18 x 372.362 us = 6702.52 us
CONT: 6 x 480.08 us = 2880.48 us
CPY: 36 x 301.554 us = 10856 us
FLASH_ATTN_EXT dst(256,8,1,1),  q(256,1,8,1),  k(256,256,2,1),  v(256,256,2,1),  m(256,1,1,1): 6 x 1021.34 us = 6128.04 us (2.05333 GFLOPS/s)
GATED_DELTA_NET: 18 x 385.968 us = 6947.44 us
GET_ROWS: 38 x 439.616 us = 16705.4 us
GLU: 24 x 375.001 us = 9000.04 us
L2_NORM: 36 x 260.237 us = 9368.56 us
MUL: 42 x 316.989 us = 13313.6 us
MUL_MAT f32 m=64 n=32 k=64: 6 x 474.62 us = 2847.72 us (0.548009 GFLOPS/s)
MUL_MAT_ADD MUL_MAT_VEC q4_K m=2048 n=1 k=2048: 6 x 834.08 us = 5004.48 us (10.0549 GFLOPS/s)
MUL_MAT_ADD MUL_MAT_VEC q4_K m=2048 n=1 k=6144: 12 x 1118.3 us = 13419.6 us (22.5017 GFLOPS/s)
MUL_MAT_ADD MUL_MAT_VEC q6_K m=2048 n=1 k=6144: 12 x 1606.17 us = 19274 us (15.6669 GFLOPS/s)
MUL_MAT_VEC f32 m=256 n=2 k=256: 6 x 471.633 us = 2829.8 us (0.554736 GFLOPS/s)
MUL_MAT_VEC f32 m=256 n=8 k=256: 6 x 477.033 us = 2862.2 us (2.19383 GFLOPS/s)
MUL_MAT_VEC f32 m=64 n=8 k=64: 6 x 472.833 us = 2837 us (0.13752 GFLOPS/s)
MUL_MAT_VEC q4_K m=16 n=1 k=2048: 36 x 290.09 us = 10443.2 us (0.225861 GFLOPS/s)
MUL_MAT_VEC q4_K m=2048 n=1 k=2048: 36 x 603.295 us = 21718.6 us (13.9012 GFLOPS/s)
MUL_MAT_VEC q4_K m=4096 n=1 k=2048: 6 x 948.766 us = 5692.6 us (17.6789 GFLOPS/s)
MUL_MAT_VEC q4_K m=512 n=1 k=2048: 10 x 242.572 us = 2425.72 us (8.64337 GFLOPS/s)
MUL_MAT_VEC q4_K m=6144 n=1 k=2048: 56 x 1304.39 us = 73045.7 us (19.2885 GFLOPS/s)
MUL_MAT_VEC q6_K m=248320 n=1 k=2048: 1 x 54868.4 us = 54868.4 us (18.5329 GFLOPS/s)
MUL_MAT_VEC q6_K m=512 n=1 k=2048: 2 x 860.7 us = 1721.4 us (2.43597 GFLOPS/s)
MUL_MAT_VEC q6_K m=6144 n=1 k=2048: 10 x 1554.17 us = 15541.7 us (16.1885 GFLOPS/s)
RMS_NORM_MUL RMS_NORM(128,16,1,1): 18 x 345.4 us = 6217.2 us
RMS_NORM_MUL RMS_NORM(2048,1,1,1): 49 x 338.572 us = 16590 us
RMS_NORM_MUL RMS_NORM(256,2,1,1): 6 x 469.186 us = 2815.12 us
RMS_NORM_MUL RMS_NORM(256,8,1,1): 6 x 689.586 us = 4137.52 us
ROPE: 12 x 473.34 us = 5680.08 us
SET_ROWS: 12 x 473.26 us = 5679.12 us
SIGMOID: 24 x 361.055 us = 8665.32 us
SILU: 18 x 255.64 us = 4601.52 us
SOFTPLUS: 18 x 320.435 us = 5767.84 us
SSM_CONV_SILU SSM_CONV: 18 x 277.306 us = 4991.52 us
Total time: 393817 us.
----------------
Vulkan Timings:
ADD: 36 x 252.153 us = 9077.52 us
CONCAT: 18 x 299.202 us = 5385.64 us
CONT: 6 x 471.613 us = 2829.68 us
CPY: 36 x 303.593 us = 10929.4 us
FLASH_ATTN_EXT dst(256,8,1,1),  q(256,1,8,1),  k(256,256,2,1),  v(256,256,2,1),  m(256,1,1,1): 6 x 536.746 us = 3220.48 us (3.90715 GFLOPS/s)
GATED_DELTA_NET: 18 x 385.406 us = 6937.32 us
GET_ROWS: 38 x 441.537 us = 16778.4 us
GLU: 24 x 320.966 us = 7703.2 us
L2_NORM: 36 x 260.223 us = 9368.04 us
MUL: 42 x 285.46 us = 11989.3 us
MUL_MAT f32 m=64 n=32 k=64: 6 x 685.473 us = 4112.84 us (0.37944 GFLOPS/s)
MUL_MAT_ADD MUL_MAT_VEC q4_K m=2048 n=1 k=2048: 6 x 831.046 us = 4986.28 us (10.0916 GFLOPS/s)
MUL_MAT_ADD MUL_MAT_VEC q4_K m=2048 n=1 k=6144: 12 x 1014.36 us = 12172.3 us (24.8076 GFLOPS/s)
MUL_MAT_ADD MUL_MAT_VEC q6_K m=2048 n=1 k=6144: 12 x 1843.59 us = 22123.1 us (13.6493 GFLOPS/s)
MUL_MAT_VEC f32 m=256 n=2 k=256: 6 x 472.406 us = 2834.44 us (0.553828 GFLOPS/s)
MUL_MAT_VEC f32 m=256 n=8 k=256: 6 x 690.266 us = 4141.6 us (1.51612 GFLOPS/s)
MUL_MAT_VEC f32 m=64 n=8 k=64: 6 x 467.36 us = 2804.16 us (0.13913 GFLOPS/s)
MUL_MAT_VEC q4_K m=16 n=1 k=2048: 36 x 324.927 us = 11697.4 us (0.201645 GFLOPS/s)
MUL_MAT_VEC q4_K m=2048 n=1 k=2048: 36 x 606.966 us = 21850.8 us (13.8172 GFLOPS/s)
MUL_MAT_VEC q4_K m=4096 n=1 k=2048: 6 x 954.473 us = 5726.84 us (17.5732 GFLOPS/s)
MUL_MAT_VEC q4_K m=512 n=1 k=2048: 10 x 242.044 us = 2420.44 us (8.66223 GFLOPS/s)
MUL_MAT_VEC q4_K m=6144 n=1 k=2048: 56 x 1311.33 us = 73434.6 us (19.1863 GFLOPS/s)
MUL_MAT_VEC q6_K m=248320 n=1 k=2048: 1 x 54921.7 us = 54921.7 us (18.5149 GFLOPS/s)
MUL_MAT_VEC q6_K m=512 n=1 k=2048: 2 x 865.5 us = 1731 us (2.42246 GFLOPS/s)
MUL_MAT_VEC q6_K m=6144 n=1 k=2048: 10 x 1572.02 us = 15720.2 us (16.0046 GFLOPS/s)
RMS_NORM_MUL RMS_NORM(128,16,1,1): 18 x 348.128 us = 6266.32 us
RMS_NORM_MUL RMS_NORM(2048,1,1,1): 49 x 390.763 us = 19147.4 us
RMS_NORM_MUL RMS_NORM(256,2,1,1): 6 x 468.546 us = 2811.28 us
RMS_NORM_MUL RMS_NORM(256,8,1,1): 6 x 477.746 us = 2866.48 us
ROPE: 12 x 469.336 us = 5632.04 us
SET_ROWS: 12 x 472.746 us = 5672.96 us
SIGMOID: 24 x 361.2 us = 8668.8 us
SILU: 18 x 327.1 us = 5887.8 us
SOFTPLUS: 18 x 320.38 us = 5766.84 us
SSM_CONV_SILU SSM_CONV: 18 x 275.2 us = 4953.6 us
Total time: 392570 us.
----------------
Vulkan Timings:
ADD: 36 x 254.848 us = 9174.56 us
CONCAT: 18 x 328.568 us = 5914.24 us
CONT: 6 x 472.773 us = 2836.64 us
CPY: 36 x 302.258 us = 10881.3 us
FLASH_ATTN_EXT dst(256,8,1,1),  q(256,1,8,1),  k(256,256,2,1),  v(256,256,2,1),  m(256,1,1,1): 6 x 534.346 us = 3206.08 us (3.9247 GFLOPS/s)
GATED_DELTA_NET: 18 x 385.96 us = 6947.28 us
GET_ROWS: 38 x 442.96 us = 16832.5 us
GLU: 24 x 321.013 us = 7704.32 us
L2_NORM: 36 x 261.346 us = 9408.48 us
MUL: 42 x 285.944 us = 12009.7 us
MUL_MAT f32 m=64 n=32 k=64: 6 x 687.946 us = 4127.68 us (0.378076 GFLOPS/s)
MUL_MAT_ADD MUL_MAT_VEC q4_K m=2048 n=1 k=2048: 6 x 833.213 us = 4999.28 us (10.0653 GFLOPS/s)
MUL_MAT_ADD MUL_MAT_VEC q4_K m=2048 n=1 k=6144: 12 x 1014.02 us = 12168.2 us (24.8159 GFLOPS/s)
MUL_MAT_ADD MUL_MAT_VEC q6_K m=2048 n=1 k=6144: 12 x 1834.22 us = 22010.6 us (13.7191 GFLOPS/s)
MUL_MAT_VEC f32 m=256 n=2 k=256: 6 x 477.233 us = 2863.4 us (0.548227 GFLOPS/s)
MUL_MAT_VEC f32 m=256 n=8 k=256: 6 x 693.626 us = 4161.76 us (1.50878 GFLOPS/s)
MUL_MAT_VEC f32 m=64 n=8 k=64: 6 x 469.98 us = 2819.88 us (0.138355 GFLOPS/s)
MUL_MAT_VEC q4_K m=16 n=1 k=2048: 36 x 327.754 us = 11799.2 us (0.199906 GFLOPS/s)
MUL_MAT_VEC q4_K m=2048 n=1 k=2048: 36 x 608.604 us = 21909.8 us (13.78 GFLOPS/s)
MUL_MAT_VEC q4_K m=4096 n=1 k=2048: 6 x 955.3 us = 5731.8 us (17.558 GFLOPS/s)
MUL_MAT_VEC q4_K m=512 n=1 k=2048: 10 x 243.628 us = 2436.28 us (8.60591 GFLOPS/s)
MUL_MAT_VEC q4_K m=6144 n=1 k=2048: 56 x 1312.36 us = 73492.3 us (19.1713 GFLOPS/s)
MUL_MAT_VEC q6_K m=248320 n=1 k=2048: 1 x 54859 us = 54859 us (18.5361 GFLOPS/s)
MUL_MAT_VEC q6_K m=512 n=1 k=2048: 2 x 865.74 us = 1731.48 us (2.42179 GFLOPS/s)
MUL_MAT_VEC q6_K m=6144 n=1 k=2048: 10 x 1572.56 us = 15725.6 us (15.9992 GFLOPS/s)
RMS_NORM_MUL RMS_NORM(128,16,1,1): 18 x 346.14 us = 6230.52 us
RMS_NORM_MUL RMS_NORM(2048,1,1,1): 49 x 390.661 us = 19142.4 us
RMS_NORM_MUL RMS_NORM(256,2,1,1): 6 x 471.78 us = 2830.68 us
RMS_NORM_MUL RMS_NORM(256,8,1,1): 6 x 481.353 us = 2888.12 us
ROPE: 12 x 471.563 us = 5658.76 us
SET_ROWS: 12 x 475.393 us = 5704.72 us
SIGMOID: 24 x 365.218 us = 8765.24 us
SILU: 18 x 325.8 us = 5864.4 us
SOFTPLUS: 18 x 323.066 us = 5815.2 us
SSM_CONV_SILU SSM_CONV: 18 x 278.046 us = 5004.84 us
Total time: 393656 us.
----------------
Vulkan Timings:
ADD: 36 x 253.21 us = 9115.56 us
CONCAT: 18 x 299.811 us = 5396.6 us
CONT: 6 x 473.58 us = 2841.48 us
CPY: 36 x 303.147 us = 10913.3 us
FLASH_ATTN_EXT dst(256,8,1,1),  q(256,1,8,1),  k(256,256,2,1),  v(256,256,2,1),  m(256,1,1,1): 6 x 530.893 us = 3185.36 us (3.95023 GFLOPS/s)
GATED_DELTA_NET: 18 x 385.791 us = 6944.24 us
GET_ROWS: 38 x 443.065 us = 16836.5 us
GLU: 24 x 327.321 us = 7855.72 us
L2_NORM: 36 x 294.808 us = 10613.1 us
MUL: 42 x 286.047 us = 12014 us
MUL_MAT f32 m=64 n=32 k=64: 6 x 684.173 us = 4105.04 us (0.380161 GFLOPS/s)
MUL_MAT_ADD MUL_MAT_VEC q4_K m=2048 n=1 k=2048: 6 x 835.173 us = 5011.04 us (10.0417 GFLOPS/s)
MUL_MAT_ADD MUL_MAT_VEC q4_K m=2048 n=1 k=6144: 12 x 1026.13 us = 12313.5 us (24.5231 GFLOPS/s)
MUL_MAT_ADD MUL_MAT_VEC q6_K m=2048 n=1 k=6144: 12 x 1843.7 us = 22124.4 us (13.6485 GFLOPS/s)
MUL_MAT_VEC f32 m=256 n=2 k=256: 6 x 470.613 us = 2823.68 us (0.555938 GFLOPS/s)
MUL_MAT_VEC f32 m=256 n=8 k=256: 6 x 696.853 us = 4181.12 us (1.50179 GFLOPS/s)
MUL_MAT_VEC f32 m=64 n=8 k=64: 6 x 471.926 us = 2831.56 us (0.137784 GFLOPS/s)
MUL_MAT_VEC q4_K m=16 n=1 k=2048: 36 x 325.808 us = 11729.1 us (0.201099 GFLOPS/s)
MUL_MAT_VEC q4_K m=2048 n=1 k=2048: 36 x 608.157 us = 21893.7 us (13.7901 GFLOPS/s)
MUL_MAT_VEC q4_K m=4096 n=1 k=2048: 6 x 959.62 us = 5757.72 us (17.4789 GFLOPS/s)
MUL_MAT_VEC q4_K m=512 n=1 k=2048: 10 x 245.292 us = 2452.92 us (8.54753 GFLOPS/s)
MUL_MAT_VEC q4_K m=6144 n=1 k=2048: 56 x 1316.73 us = 73736.7 us (19.1078 GFLOPS/s)
MUL_MAT_VEC q6_K m=248320 n=1 k=2048: 1 x 54898 us = 54898 us (18.5229 GFLOPS/s)
MUL_MAT_VEC q6_K m=512 n=1 k=2048: 2 x 875.82 us = 1751.64 us (2.39392 GFLOPS/s)
MUL_MAT_VEC q6_K m=6144 n=1 k=2048: 10 x 1575.73 us = 15757.3 us (15.967 GFLOPS/s)
RMS_NORM_MUL RMS_NORM(128,16,1,1): 18 x 351.34 us = 6324.12 us
RMS_NORM_MUL RMS_NORM(2048,1,1,1): 49 x 390.601 us = 19139.5 us
RMS_NORM_MUL RMS_NORM(256,2,1,1): 6 x 473.206 us = 2839.24 us
RMS_NORM_MUL RMS_NORM(256,8,1,1): 6 x 480.486 us = 2882.92 us
ROPE: 12 x 472.816 us = 5673.8 us
SET_ROWS: 12 x 471.013 us = 5652.16 us
SIGMOID: 24 x 363.845 us = 8732.28 us
SILU: 18 x 328.882 us = 5919.88 us
SOFTPLUS: 18 x 323.126 us = 5816.28 us
SSM_CONV_SILU SSM_CONV: 18 x 276.915 us = 4984.48 us
Total time: 395048 us.
----------------
Vulkan Timings:
ADD: 36 x 256.682 us = 9240.56 us
CONCAT: 18 x 302.155 us = 5438.8 us
CONT: 6 x 474.126 us = 2844.76 us
CPY: 36 x 304.466 us = 10960.8 us
FLASH_ATTN_EXT dst(256,8,1,1),  q(256,1,8,1),  k(256,256,2,1),  v(256,256,2,1),  m(256,1,1,1): 6 x 533.04 us = 3198.24 us (3.93432 GFLOPS/s)
GATED_DELTA_NET: 18 x 387.182 us = 6969.28 us
GET_ROWS: 38 x 445.334 us = 16922.7 us
GLU: 24 x 322.733 us = 7745.6 us
L2_NORM: 36 x 262.502 us = 9450.08 us
MUL: 42 x 286.83 us = 12046.9 us
MUL_MAT f32 m=64 n=32 k=64: 6 x 690.433 us = 4142.6 us (0.376714 GFLOPS/s)
MUL_MAT_ADD MUL_MAT_VEC q4_K m=2048 n=1 k=2048: 6 x 837.76 us = 5026.56 us (10.0107 GFLOPS/s)
MUL_MAT_ADD MUL_MAT_VEC q4_K m=2048 n=1 k=6144: 12 x 1029.37 us = 12352.5 us (24.4457 GFLOPS/s)
MUL_MAT_ADD MUL_MAT_VEC q6_K m=2048 n=1 k=6144: 12 x 1858.04 us = 22296.4 us (13.5432 GFLOPS/s)
MUL_MAT_VEC f32 m=256 n=2 k=256: 6 x 481.693 us = 2890.16 us (0.543151 GFLOPS/s)
MUL_MAT_VEC f32 m=256 n=8 k=256: 6 x 697.586 us = 4185.52 us (1.50021 GFLOPS/s)
MUL_MAT_VEC f32 m=64 n=8 k=64: 6 x 475.826 us = 2854.96 us (0.136655 GFLOPS/s)
MUL_MAT_VEC q4_K m=16 n=1 k=2048: 36 x 328.833 us = 11838 us (0.19925 GFLOPS/s)
MUL_MAT_VEC q4_K m=2048 n=1 k=2048: 36 x 613.712 us = 22093.6 us (13.6653 GFLOPS/s)
MUL_MAT_VEC q4_K m=4096 n=1 k=2048: 6 x 970.26 us = 5821.56 us (17.2872 GFLOPS/s)
MUL_MAT_VEC q4_K m=512 n=1 k=2048: 10 x 245.884 us = 2458.84 us (8.52695 GFLOPS/s)
MUL_MAT_VEC q4_K m=6144 n=1 k=2048: 56 x 1328.33 us = 74386.4 us (18.9409 GFLOPS/s)
MUL_MAT_VEC q6_K m=248320 n=1 k=2048: 1 x 54920.7 us = 54920.7 us (18.5152 GFLOPS/s)
MUL_MAT_VEC q6_K m=512 n=1 k=2048: 2 x 873.66 us = 1747.32 us (2.39984 GFLOPS/s)
MUL_MAT_VEC q6_K m=6144 n=1 k=2048: 10 x 1587.83 us = 15878.3 us (15.8453 GFLOPS/s)
RMS_NORM_MUL RMS_NORM(128,16,1,1): 18 x 350.222 us = 6304 us
RMS_NORM_MUL RMS_NORM(2048,1,1,1): 49 x 391.502 us = 19183.6 us
RMS_NORM_MUL RMS_NORM(256,2,1,1): 6 x 469.96 us = 2819.76 us
RMS_NORM_MUL RMS_NORM(256,8,1,1): 6 x 481.673 us = 2890.04 us
ROPE: 12 x 474.553 us = 5694.64 us
SET_ROWS: 12 x 473.816 us = 5685.8 us
SIGMOID: 24 x 362.303 us = 8695.28 us
SILU: 18 x 327.702 us = 5898.64 us
SOFTPLUS: 18 x 323.533 us = 5823.6 us
SSM_CONV_SILU SSM_CONV: 18 x 279.06 us = 5023.08 us
Total time: 395730 us.
----------------
Vulkan Timings:
ADD: 36 x 251.8 us = 9064.8 us
CONCAT: 18 x 299.311 us = 5387.6 us
CONT: 6 x 471.026 us = 2826.16 us
CPY: 36 x 302.413 us = 10886.9 us
FLASH_ATTN_EXT dst(256,8,1,1),  q(256,1,8,1),  k(256,256,2,1),  v(256,256,2,1),  m(256,1,1,1): 6 x 533.193 us = 3199.16 us (3.93319 GFLOPS/s)
GATED_DELTA_NET: 18 x 384.828 us = 6926.92 us
GET_ROWS: 38 x 441.429 us = 16774.3 us
GLU: 24 x 320.901 us = 7701.64 us
L2_NORM: 36 x 261.74 us = 9422.64 us
MUL: 42 x 286.579 us = 12036.3 us
MUL_MAT f32 m=64 n=32 k=64: 6 x 682.566 us = 4095.4 us (0.381056 GFLOPS/s)
MUL_MAT_ADD MUL_MAT_VEC q4_K m=2048 n=1 k=2048: 6 x 834.08 us = 5004.48 us (10.0549 GFLOPS/s)
MUL_MAT_ADD MUL_MAT_VEC q4_K m=2048 n=1 k=6144: 12 x 1011 us = 12132 us (24.8899 GFLOPS/s)
MUL_MAT_ADD MUL_MAT_VEC q6_K m=2048 n=1 k=6144: 12 x 1834.9 us = 22018.8 us (13.714 GFLOPS/s)
MUL_MAT_VEC f32 m=256 n=2 k=256: 6 x 473.126 us = 2838.76 us (0.552985 GFLOPS/s)
MUL_MAT_VEC f32 m=256 n=8 k=256: 6 x 693.373 us = 4160.24 us (1.50933 GFLOPS/s)
MUL_MAT_VEC f32 m=64 n=8 k=64: 6 x 466.48 us = 2798.88 us (0.139393 GFLOPS/s)
MUL_MAT_VEC q4_K m=16 n=1 k=2048: 36 x 330.61 us = 11902 us (0.198179 GFLOPS/s)
MUL_MAT_VEC q4_K m=2048 n=1 k=2048: 36 x 606.404 us = 21830.6 us (13.83 GFLOPS/s)
MUL_MAT_VEC q4_K m=4096 n=1 k=2048: 6 x 954.366 us = 5726.2 us (17.5751 GFLOPS/s)
MUL_MAT_VEC q4_K m=512 n=1 k=2048: 10 x 242.972 us = 2429.72 us (8.62914 GFLOPS/s)
MUL_MAT_VEC q4_K m=6144 n=1 k=2048: 56 x 1307.66 us = 73229 us (19.2402 GFLOPS/s)
MUL_MAT_VEC q6_K m=248320 n=1 k=2048: 1 x 54932.9 us = 54932.9 us (18.5111 GFLOPS/s)
MUL_MAT_VEC q6_K m=512 n=1 k=2048: 2 x 866.72 us = 1733.44 us (2.41905 GFLOPS/s)
MUL_MAT_VEC q6_K m=6144 n=1 k=2048: 10 x 1564.88 us = 15648.8 us (16.0777 GFLOPS/s)
RMS_NORM_MUL RMS_NORM(128,16,1,1): 18 x 348.56 us = 6274.08 us
RMS_NORM_MUL RMS_NORM(2048,1,1,1): 49 x 390.264 us = 19123 us
RMS_NORM_MUL RMS_NORM(256,2,1,1): 6 x 468.38 us = 2810.28 us
RMS_NORM_MUL RMS_NORM(256,8,1,1): 6 x 477.5 us = 2865 us
ROPE: 12 x 469.136 us = 5629.64 us
SET_ROWS: 12 x 474.226 us = 5690.72 us
SIGMOID: 24 x 361.44 us = 8674.56 us
SILU: 18 x 327.633 us = 5897.4 us
SOFTPLUS: 18 x 321.028 us = 5778.52 us
SSM_CONV_SILU SSM_CONV: 18 x 275.84 us = 4965.12 us
Total time: 392416 us.
----------------
Vulkan Timings:
ADD: 36 x 253.816 us = 9137.4 us
CONCAT: 18 x 298.986 us = 5381.76 us
CONT: 6 x 473.413 us = 2840.48 us
CPY: 36 x 302.003 us = 10872.1 us
FLASH_ATTN_EXT dst(256,8,1,1),  q(256,1,8,1),  k(256,256,2,1),  v(256,256,2,1),  m(256,1,1,1): 6 x 529.806 us = 3178.84 us (3.95833 GFLOPS/s)
GATED_DELTA_NET: 18 x 384.764 us = 6925.76 us
GET_ROWS: 38 x 442.837 us = 16827.8 us
GLU: 24 x 321.343 us = 7712.24 us
L2_NORM: 36 x 262.142 us = 9437.12 us
MUL: 42 x 287.231 us = 12063.7 us
MUL_MAT f32 m=64 n=32 k=64: 6 x 683.993 us = 4103.96 us (0.380261 GFLOPS/s)
MUL_MAT_ADD MUL_MAT_VEC q4_K m=2048 n=1 k=2048: 6 x 833.16 us = 4998.96 us (10.066 GFLOPS/s)
MUL_MAT_ADD MUL_MAT_VEC q4_K m=2048 n=1 k=6144: 12 x 1019.41 us = 12232.9 us (24.6847 GFLOPS/s)
MUL_MAT_ADD MUL_MAT_VEC q6_K m=2048 n=1 k=6144: 12 x 1831.01 us = 21972.1 us (13.7431 GFLOPS/s)
MUL_MAT_VEC f32 m=256 n=2 k=256: 6 x 476.273 us = 2857.64 us (0.549332 GFLOPS/s)
MUL_MAT_VEC f32 m=256 n=8 k=256: 6 x 691.16 us = 4146.96 us (1.51416 GFLOPS/s)
MUL_MAT_VEC f32 m=64 n=8 k=64: 6 x 468.293 us = 2809.76 us (0.138853 GFLOPS/s)
MUL_MAT_VEC q4_K m=16 n=1 k=2048: 36 x 326.517 us = 11754.6 us (0.200663 GFLOPS/s)
MUL_MAT_VEC q4_K m=2048 n=1 k=2048: 36 x 606.94 us = 21849.8 us (13.8178 GFLOPS/s)
MUL_MAT_VEC q4_K m=4096 n=1 k=2048: 6 x 954.66 us = 5727.96 us (17.5697 GFLOPS/s)
MUL_MAT_VEC q4_K m=512 n=1 k=2048: 10 x 243.724 us = 2437.24 us (8.60252 GFLOPS/s)
MUL_MAT_VEC q4_K m=6144 n=1 k=2048: 56 x 1310.13 us = 73367.6 us (19.2039 GFLOPS/s)
MUL_MAT_VEC q6_K m=248320 n=1 k=2048: 1 x 54914.2 us = 54914.2 us (18.5174 GFLOPS/s)
MUL_MAT_VEC q6_K m=512 n=1 k=2048: 2 x 871.58 us = 1743.16 us (2.40556 GFLOPS/s)
MUL_MAT_VEC q6_K m=6144 n=1 k=2048: 10 x 1568.56 us = 15685.6 us (16.04 GFLOPS/s)
RMS_NORM_MUL RMS_NORM(128,16,1,1): 18 x 348.862 us = 6279.52 us
RMS_NORM_MUL RMS_NORM(2048,1,1,1): 49 x 391.283 us = 19172.9 us
RMS_NORM_MUL RMS_NORM(256,2,1,1): 6 x 469.886 us = 2819.32 us
RMS_NORM_MUL RMS_NORM(256,8,1,1): 6 x 477.3 us = 2863.8 us
ROPE: 12 x 469.65 us = 5635.8 us
SET_ROWS: 12 x 470.233 us = 5642.8 us
SIGMOID: 24 x 363.373 us = 8720.96 us
SILU: 18 x 328.762 us = 5917.72 us
SOFTPLUS: 18 x 322.835 us = 5811.04 us
SSM_CONV_SILU SSM_CONV: 18 x 276.355 us = 4974.4 us
Total time: 392818 us.
----------------
Vulkan Timings:
ADD: 36 x 253.466 us = 9124.8 us
CONCAT: 18 x 299.142 us = 5384.56 us
CONT: 6 x 473.78 us = 2842.68 us
CPY: 36 x 302.13 us = 10876.7 us
FLASH_ATTN_EXT dst(256,8,1,1),  q(256,1,8,1),  k(256,256,2,1),  v(256,256,2,1),  m(256,1,1,1): 6 x 531.146 us = 3186.88 us (3.94835 GFLOPS/s)
GATED_DELTA_NET: 18 x 385.777 us = 6944 us
GET_ROWS: 38 x 442.287 us = 16806.9 us
GLU: 24 x 320.096 us = 7682.32 us
L2_NORM: 36 x 261.792 us = 9424.52 us
MUL: 42 x 286.64 us = 12038.9 us
MUL_MAT f32 m=64 n=32 k=64: 6 x 683.78 us = 4102.68 us (0.38038 GFLOPS/s)
MUL_MAT_ADD MUL_MAT_VEC q4_K m=2048 n=1 k=2048: 6 x 833.433 us = 5000.6 us (10.0627 GFLOPS/s)
MUL_MAT_ADD MUL_MAT_VEC q4_K m=2048 n=1 k=6144: 12 x 1017.08 us = 12205 us (24.7412 GFLOPS/s)
MUL_MAT_ADD MUL_MAT_VEC q6_K m=2048 n=1 k=6144: 12 x 1832.65 us = 21991.8 us (13.7308 GFLOPS/s)
MUL_MAT_VEC f32 m=256 n=2 k=256: 6 x 471.406 us = 2828.44 us (0.555003 GFLOPS/s)
MUL_MAT_VEC f32 m=256 n=8 k=256: 6 x 693.44 us = 4160.64 us (1.50918 GFLOPS/s)
MUL_MAT_VEC f32 m=64 n=8 k=64: 6 x 468.94 us = 2813.64 us (0.138662 GFLOPS/s)
MUL_MAT_VEC q4_K m=16 n=1 k=2048: 36 x 326.791 us = 11764.5 us (0.200495 GFLOPS/s)
MUL_MAT_VEC q4_K m=2048 n=1 k=2048: 36 x 605.857 us = 21810.9 us (13.8425 GFLOPS/s)
MUL_MAT_VEC q4_K m=4096 n=1 k=2048: 6 x 954.473 us = 5726.84 us (17.5732 GFLOPS/s)
MUL_MAT_VEC q4_K m=512 n=1 k=2048: 10 x 243.356 us = 2433.56 us (8.61553 GFLOPS/s)
MUL_MAT_VEC q4_K m=6144 n=1 k=2048: 56 x 1308.31 us = 73265.4 us (19.2307 GFLOPS/s)
MUL_MAT_VEC q6_K m=248320 n=1 k=2048: 1 x 54933 us = 54933 us (18.5111 GFLOPS/s)
MUL_MAT_VEC q6_K m=512 n=1 k=2048: 2 x 870.06 us = 1740.12 us (2.40976 GFLOPS/s)
MUL_MAT_VEC q6_K m=6144 n=1 k=2048: 10 x 1569.42 us = 15694.2 us (16.0312 GFLOPS/s)
RMS_NORM_MUL RMS_NORM(128,16,1,1): 18 x 348.791 us = 6278.24 us
RMS_NORM_MUL RMS_NORM(2048,1,1,1): 49 x 395.256 us = 19367.6 us
RMS_NORM_MUL RMS_NORM(256,2,1,1): 6 x 471.266 us = 2827.6 us
RMS_NORM_MUL RMS_NORM(256,8,1,1): 6 x 478.38 us = 2870.28 us
ROPE: 12 x 469.443 us = 5633.32 us
SET_ROWS: 12 x 470.216 us = 5642.6 us
SIGMOID: 24 x 361.365 us = 8672.76 us
SILU: 18 x 328.897 us = 5920.16 us
SOFTPLUS: 18 x 322.646 us = 5807.64 us
SSM_CONV_SILU SSM_CONV: 18 x 276.011 us = 4968.2 us
Total time: 392772 us.
----------------
Vulkan Timings:
ADD: 36 x 260.905 us = 9392.6 us
CONCAT: 18 x 298.566 us = 5374.2 us
CONT: 6 x 500 us = 3000 us
CPY: 36 x 302.052 us = 10873.9 us
FLASH_ATTN_EXT dst(256,8,1,1),  q(256,1,8,1),  k(256,256,2,1),  v(256,256,2,1),  m(256,1,1,1): 6 x 533.966 us = 3203.8 us (3.9275 GFLOPS/s)
GATED_DELTA_NET: 18 x 382.864 us = 6891.56 us
GET_ROWS: 38 x 441.737 us = 16786 us
GLU: 24 x 319.511 us = 7668.28 us
L2_NORM: 36 x 260.671 us = 9384.16 us
MUL: 42 x 286.477 us = 12032 us
MUL_MAT f32 m=64 n=32 k=64: 6 x 684.746 us = 4108.48 us (0.379843 GFLOPS/s)
MUL_MAT_ADD MUL_MAT_VEC q4_K m=2048 n=1 k=2048: 6 x 833.486 us = 5000.92 us (10.062 GFLOPS/s)
MUL_MAT_ADD MUL_MAT_VEC q4_K m=2048 n=1 k=6144: 12 x 1009.35 us = 12112.2 us (24.9306 GFLOPS/s)
MUL_MAT_ADD MUL_MAT_VEC q6_K m=2048 n=1 k=6144: 12 x 1830.43 us = 21965.2 us (13.7475 GFLOPS/s)
MUL_MAT_VEC f32 m=256 n=2 k=256: 6 x 473.36 us = 2840.16 us (0.552713 GFLOPS/s)
MUL_MAT_VEC f32 m=256 n=8 k=256: 6 x 694.52 us = 4167.12 us (1.50684 GFLOPS/s)
MUL_MAT_VEC f32 m=64 n=8 k=64: 6 x 474.58 us = 2847.48 us (0.137014 GFLOPS/s)
MUL_MAT_VEC q4_K m=16 n=1 k=2048: 36 x 325.231 us = 11708.3 us (0.201457 GFLOPS/s)
MUL_MAT_VEC q4_K m=2048 n=1 k=2048: 36 x 604.052 us = 21745.9 us (13.8838 GFLOPS/s)
MUL_MAT_VEC q4_K m=4096 n=1 k=2048: 6 x 952.74 us = 5716.44 us (17.6051 GFLOPS/s)
MUL_MAT_VEC q4_K m=512 n=1 k=2048: 10 x 242.652 us = 2426.52 us (8.64052 GFLOPS/s)
MUL_MAT_VEC q4_K m=6144 n=1 k=2048: 56 x 1305.61 us = 73114 us (19.2705 GFLOPS/s)
MUL_MAT_VEC q6_K m=248320 n=1 k=2048: 1 x 54870.8 us = 54870.8 us (18.5321 GFLOPS/s)
MUL_MAT_VEC q6_K m=512 n=1 k=2048: 2 x 864.14 us = 1728.28 us (2.42627 GFLOPS/s)
MUL_MAT_VEC q6_K m=6144 n=1 k=2048: 10 x 1561.58 us = 15615.8 us (16.1116 GFLOPS/s)
RMS_NORM_MUL RMS_NORM(128,16,1,1): 18 x 347.762 us = 6259.72 us
RMS_NORM_MUL RMS_NORM(2048,1,1,1): 49 x 398.307 us = 19517.1 us
RMS_NORM_MUL RMS_NORM(256,2,1,1): 6 x 478.913 us = 2873.48 us
RMS_NORM_MUL RMS_NORM(256,8,1,1): 6 x 476.3 us = 2857.8 us
ROPE: 12 x 472.253 us = 5667.04 us
SET_ROWS: 12 x 470.726 us = 5648.72 us
SIGMOID: 24 x 362.781 us = 8706.76 us
SILU: 18 x 330.595 us = 5950.72 us
SOFTPLUS: 18 x 321.562 us = 5788.12 us
SSM_CONV_SILU SSM_CONV: 18 x 277.813 us = 5000.64 us
Total time: 392844 us.
----------------
Vulkan Timings:
ADD: 36 x 254.908 us = 9176.72 us
CONCAT: 18 x 299.451 us = 5390.12 us
CONT: 6 x 486.233 us = 2917.4 us
CPY: 36 x 302.297 us = 10882.7 us
FLASH_ATTN_EXT dst(256,8,1,1),  q(256,1,8,1),  k(256,256,2,1),  v(256,256,2,1),  m(256,1,1,1): 6 x 534.513 us = 3207.08 us (3.92348 GFLOPS/s)
GATED_DELTA_NET: 18 x 386.757 us = 6961.64 us
GET_ROWS: 38 x 442.192 us = 16803.3 us
GLU: 24 x 320.153 us = 7683.68 us
L2_NORM: 36 x 261.534 us = 9415.24 us
MUL: 42 x 286.078 us = 12015.3 us
MUL_MAT f32 m=64 n=32 k=64: 6 x 708.833 us = 4253 us (0.366935 GFLOPS/s)
MUL_MAT_ADD MUL_MAT_VEC q4_K m=2048 n=1 k=2048: 6 x 833.493 us = 5000.96 us (10.0619 GFLOPS/s)
MUL_MAT_ADD MUL_MAT_VEC q4_K m=2048 n=1 k=6144: 12 x 1015.24 us = 12182.8 us (24.7861 GFLOPS/s)
MUL_MAT_ADD MUL_MAT_VEC q6_K m=2048 n=1 k=6144: 12 x 1838.06 us = 22056.7 us (13.6904 GFLOPS/s)
MUL_MAT_VEC f32 m=256 n=2 k=256: 6 x 474.333 us = 2846 us (0.551578 GFLOPS/s)
MUL_MAT_VEC f32 m=256 n=8 k=256: 6 x 692.953 us = 4157.72 us (1.51024 GFLOPS/s)
MUL_MAT_VEC f32 m=64 n=8 k=64: 6 x 471.506 us = 2829.04 us (0.137907 GFLOPS/s)
MUL_MAT_VEC q4_K m=16 n=1 k=2048: 36 x 326.616 us = 11758.2 us (0.200602 GFLOPS/s)
MUL_MAT_VEC q4_K m=2048 n=1 k=2048: 36 x 606.893 us = 21848.2 us (13.8188 GFLOPS/s)
MUL_MAT_VEC q4_K m=4096 n=1 k=2048: 6 x 954.713 us = 5728.28 us (17.5688 GFLOPS/s)
MUL_MAT_VEC q4_K m=512 n=1 k=2048: 10 x 243.724 us = 2437.24 us (8.60252 GFLOPS/s)
MUL_MAT_VEC q4_K m=6144 n=1 k=2048: 56 x 1312.7 us = 73511.5 us (19.1663 GFLOPS/s)
MUL_MAT_VEC q6_K m=248320 n=1 k=2048: 1 x 54878.2 us = 54878.2 us (18.5296 GFLOPS/s)
MUL_MAT_VEC q6_K m=512 n=1 k=2048: 2 x 868.94 us = 1737.88 us (2.41287 GFLOPS/s)
MUL_MAT_VEC q6_K m=6144 n=1 k=2048: 10 x 1572.02 us = 15720.2 us (16.0046 GFLOPS/s)
RMS_NORM_MUL RMS_NORM(128,16,1,1): 18 x 345.64 us = 6221.52 us
RMS_NORM_MUL RMS_NORM(2048,1,1,1): 49 x 391.273 us = 19172.4 us
RMS_NORM_MUL RMS_NORM(256,2,1,1): 6 x 473.32 us = 2839.92 us
RMS_NORM_MUL RMS_NORM(256,8,1,1): 6 x 479.206 us = 2875.24 us
ROPE: 12 x 472.75 us = 5673 us
SET_ROWS: 12 x 485.043 us = 5820.52 us
SIGMOID: 24 x 362.96 us = 8711.04 us
SILU: 18 x 327.56 us = 5896.08 us
SOFTPLUS: 18 x 322.922 us = 5812.6 us
SSM_CONV_SILU SSM_CONV: 18 x 277.466 us = 4994.4 us
Total time: 393416 us.
----------------
Vulkan Timings:
ADD: 36 x 252.207 us = 9079.48 us
CONCAT: 18 x 299.451 us = 5390.12 us
CONT: 6 x 471.353 us = 2828.12 us
CPY: 36 x 302.842 us = 10902.3 us
FLASH_ATTN_EXT dst(256,8,1,1),  q(256,1,8,1),  k(256,256,2,1),  v(256,256,2,1),  m(256,1,1,1): 6 x 531.94 us = 3191.64 us (3.94246 GFLOPS/s)
GATED_DELTA_NET: 18 x 384.742 us = 6925.36 us
GET_ROWS: 38 x 441.861 us = 16790.7 us
GLU: 24 x 322.488 us = 7739.72 us
L2_NORM: 36 x 261.574 us = 9416.68 us
MUL: 42 x 286.755 us = 12043.7 us
MUL_MAT f32 m=64 n=32 k=64: 6 x 684.166 us = 4105 us (0.380165 GFLOPS/s)
MUL_MAT_ADD MUL_MAT_VEC q4_K m=2048 n=1 k=2048: 6 x 833.706 us = 5002.24 us (10.0594 GFLOPS/s)
MUL_MAT_ADD MUL_MAT_VEC q4_K m=2048 n=1 k=6144: 12 x 1013.69 us = 12164.3 us (24.8239 GFLOPS/s)
MUL_MAT_ADD MUL_MAT_VEC q6_K m=2048 n=1 k=6144: 12 x 1837.93 us = 22055.1 us (13.6914 GFLOPS/s)
MUL_MAT_VEC f32 m=256 n=2 k=256: 6 x 473.453 us = 2840.72 us (0.552604 GFLOPS/s)
MUL_MAT_VEC f32 m=256 n=8 k=256: 6 x 690.193 us = 4141.16 us (1.51628 GFLOPS/s)
MUL_MAT_VEC f32 m=64 n=8 k=64: 6 x 466.926 us = 2801.56 us (0.13926 GFLOPS/s)
MUL_MAT_VEC q4_K m=16 n=1 k=2048: 36 x 327.44 us = 11787.8 us (0.200098 GFLOPS/s)
MUL_MAT_VEC q4_K m=2048 n=1 k=2048: 36 x 608.684 us = 21912.6 us (13.7782 GFLOPS/s)
MUL_MAT_VEC q4_K m=4096 n=1 k=2048: 6 x 955.78 us = 5734.68 us (17.5491 GFLOPS/s)
MUL_MAT_VEC q4_K m=512 n=1 k=2048: 10 x 242.796 us = 2427.96 us (8.6354 GFLOPS/s)
MUL_MAT_VEC q4_K m=6144 n=1 k=2048: 56 x 1311.27 us = 73430.9 us (19.1873 GFLOPS/s)
MUL_MAT_VEC q6_K m=248320 n=1 k=2048: 1 x 54912.8 us = 54912.8 us (18.5179 GFLOPS/s)
MUL_MAT_VEC q6_K m=512 n=1 k=2048: 2 x 865.98 us = 1731.96 us (2.42112 GFLOPS/s)
MUL_MAT_VEC q6_K m=6144 n=1 k=2048: 10 x 1573.63 us = 15736.3 us (15.9883 GFLOPS/s)
RMS_NORM_MUL RMS_NORM(128,16,1,1): 18 x 348.493 us = 6272.88 us
RMS_NORM_MUL RMS_NORM(2048,1,1,1): 49 x 390.762 us = 19147.4 us
RMS_NORM_MUL RMS_NORM(256,2,1,1): 6 x 468.486 us = 2810.92 us
RMS_NORM_MUL RMS_NORM(256,8,1,1): 6 x 475.62 us = 2853.72 us
ROPE: 12 x 468.96 us = 5627.52 us
SET_ROWS: 12 x 474.81 us = 5697.72 us
SIGMOID: 24 x 363.153 us = 8715.68 us
SILU: 18 x 327.968 us = 5903.44 us
SOFTPLUS: 18 x 321.135 us = 5780.44 us
SSM_CONV_SILU SSM_CONV: 18 x 275.982 us = 4967.68 us
Total time: 392870 us.
----------------
Vulkan Timings:
ADD: 36 x 254.032 us = 9145.16 us
CONCAT: 18 x 299.786 us = 5396.16 us
CONT: 6 x 472.773 us = 2836.64 us
CPY: 36 x 301.765 us = 10863.6 us
FLASH_ATTN_EXT dst(256,8,1,1),  q(256,1,8,1),  k(256,256,2,1),  v(256,256,2,1),  m(256,1,1,1): 6 x 530.473 us = 3182.84 us (3.95336 GFLOPS/s)
GATED_DELTA_NET: 18 x 385.324 us = 6935.84 us
GET_ROWS: 38 x 441.828 us = 16789.5 us
GLU: 24 x 321.278 us = 7710.68 us
L2_NORM: 36 x 261.961 us = 9430.6 us
MUL: 42 x 286.289 us = 12024.2 us
MUL_MAT f32 m=64 n=32 k=64: 6 x 683.933 us = 4103.6 us (0.380294 GFLOPS/s)
MUL_MAT_ADD MUL_MAT_VEC q4_K m=2048 n=1 k=2048: 6 x 833.88 us = 5003.28 us (10.0573 GFLOPS/s)
MUL_MAT_ADD MUL_MAT_VEC q4_K m=2048 n=1 k=6144: 12 x 1012.27 us = 12147.3 us (24.8587 GFLOPS/s)
MUL_MAT_ADD MUL_MAT_VEC q6_K m=2048 n=1 k=6144: 12 x 1833.32 us = 21999.9 us (13.7258 GFLOPS/s)
MUL_MAT_VEC f32 m=256 n=2 k=256: 6 x 473.046 us = 2838.28 us (0.553079 GFLOPS/s)
MUL_MAT_VEC f32 m=256 n=8 k=256: 6 x 689.84 us = 4139.04 us (1.51706 GFLOPS/s)
MUL_MAT_VEC f32 m=64 n=8 k=64: 6 x 467.206 us = 2803.24 us (0.139176 GFLOPS/s)
MUL_MAT_VEC q4_K m=16 n=1 k=2048: 36 x 326.406 us = 11750.6 us (0.200731 GFLOPS/s)
MUL_MAT_VEC q4_K m=2048 n=1 k=2048: 36 x 607.007 us = 21852.3 us (13.8162 GFLOPS/s)
MUL_MAT_VEC q4_K m=4096 n=1 k=2048: 6 x 952.553 us = 5715.32 us (17.6086 GFLOPS/s)
MUL_MAT_VEC q4_K m=512 n=1 k=2048: 10 x 243.456 us = 2434.56 us (8.61199 GFLOPS/s)
MUL_MAT_VEC q4_K m=6144 n=1 k=2048: 56 x 1311.24 us = 73429.8 us (19.1876 GFLOPS/s)
MUL_MAT_VEC q6_K m=248320 n=1 k=2048: 1 x 54913.4 us = 54913.4 us (18.5177 GFLOPS/s)
MUL_MAT_VEC q6_K m=512 n=1 k=2048: 2 x 874.06 us = 1748.12 us (2.39874 GFLOPS/s)
MUL_MAT_VEC q6_K m=6144 n=1 k=2048: 10 x 1568.56 us = 15685.6 us (16.0399 GFLOPS/s)
RMS_NORM_MUL RMS_NORM(128,16,1,1): 18 x 349.317 us = 6287.72 us
RMS_NORM_MUL RMS_NORM(2048,1,1,1): 49 x 390.558 us = 19137.4 us
RMS_NORM_MUL RMS_NORM(256,2,1,1): 6 x 470.093 us = 2820.56 us
RMS_NORM_MUL RMS_NORM(256,8,1,1): 6 x 478.953 us = 2873.72 us
ROPE: 12 x 469.043 us = 5628.52 us
SET_ROWS: 12 x 470.406 us = 5644.88 us
SIGMOID: 24 x 362.616 us = 8702.8 us
SILU: 18 x 329.151 us = 5924.72 us
SOFTPLUS: 18 x 322.611 us = 5807 us
SSM_CONV_SILU SSM_CONV: 18 x 279.275 us = 5026.96 us
Total time: 392734 us.
----------------
Vulkan Timings:
ADD: 36 x 255.038 us = 9181.4 us
CONCAT: 18 x 300.731 us = 5413.16 us
CONT: 6 x 473.946 us = 2843.68 us
CPY: 36 x 302.178 us = 10878.4 us
FLASH_ATTN_EXT dst(256,8,1,1),  q(256,1,8,1),  k(256,256,2,1),  v(256,256,2,1),  m(256,1,1,1): 6 x 532.933 us = 3197.6 us (3.93511 GFLOPS/s)
GATED_DELTA_NET: 18 x 385.631 us = 6941.36 us
GET_ROWS: 38 x 444.242 us = 16881.2 us
GLU: 24 x 322.013 us = 7728.32 us
L2_NORM: 36 x 262.094 us = 9435.4 us
MUL: 42 x 285.444 us = 11988.7 us
MUL_MAT f32 m=64 n=32 k=64: 6 x 693.653 us = 4161.92 us (0.374965 GFLOPS/s)
MUL_MAT_ADD MUL_MAT_VEC q4_K m=2048 n=1 k=2048: 6 x 833.82 us = 5002.92 us (10.058 GFLOPS/s)
MUL_MAT_ADD MUL_MAT_VEC q4_K m=2048 n=1 k=6144: 12 x 1016.09 us = 12193 us (24.7654 GFLOPS/s)
MUL_MAT_ADD MUL_MAT_VEC q6_K m=2048 n=1 k=6144: 12 x 1840.87 us = 22090.4 us (13.6695 GFLOPS/s)
MUL_MAT_VEC f32 m=256 n=2 k=256: 6 x 476.106 us = 2856.64 us (0.549524 GFLOPS/s)
MUL_MAT_VEC f32 m=256 n=8 k=256: 6 x 693.613 us = 4161.68 us (1.50881 GFLOPS/s)
MUL_MAT_VEC f32 m=64 n=8 k=64: 6 x 470.486 us = 2822.92 us (0.138206 GFLOPS/s)
MUL_MAT_VEC q4_K m=16 n=1 k=2048: 36 x 328.707 us = 11833.5 us (0.199326 GFLOPS/s)
MUL_MAT_VEC q4_K m=2048 n=1 k=2048: 36 x 607.61 us = 21874 us (13.8025 GFLOPS/s)
MUL_MAT_VEC q4_K m=4096 n=1 k=2048: 6 x 959.513 us = 5757.08 us (17.4809 GFLOPS/s)
MUL_MAT_VEC q4_K m=512 n=1 k=2048: 10 x 245.18 us = 2451.8 us (8.55143 GFLOPS/s)
MUL_MAT_VEC q4_K m=6144 n=1 k=2048: 56 x 1313.68 us = 73566.2 us (19.152 GFLOPS/s)
MUL_MAT_VEC q6_K m=248320 n=1 k=2048: 1 x 54894.5 us = 54894.5 us (18.5241 GFLOPS/s)
MUL_MAT_VEC q6_K m=512 n=1 k=2048: 2 x 872.86 us = 1745.72 us (2.40203 GFLOPS/s)
MUL_MAT_VEC q6_K m=6144 n=1 k=2048: 10 x 1605.11 us = 16051.1 us (15.6748 GFLOPS/s)
RMS_NORM_MUL RMS_NORM(128,16,1,1): 18 x 347.808 us = 6260.56 us
RMS_NORM_MUL RMS_NORM(2048,1,1,1): 49 x 393.228 us = 19268.2 us
RMS_NORM_MUL RMS_NORM(256,2,1,1): 6 x 474.353 us = 2846.12 us
RMS_NORM_MUL RMS_NORM(256,8,1,1): 6 x 482.306 us = 2893.84 us
ROPE: 12 x 471.22 us = 5654.64 us
SET_ROWS: 12 x 474.16 us = 5689.92 us
SIGMOID: 24 x 363.616 us = 8726.8 us
SILU: 18 x 327.373 us = 5892.72 us
SOFTPLUS: 18 x 323.693 us = 5826.48 us
SSM_CONV_SILU SSM_CONV: 18 x 277.982 us = 5003.68 us
Total time: 394016 us.
----------------
Vulkan Timings:
ADD: 36 x 252.567 us = 9092.44 us
CONCAT: 18 x 300.013 us = 5400.24 us
CONT: 6 x 478.646 us = 2871.88 us
CPY: 36 x 302.814 us = 10901.3 us
FLASH_ATTN_EXT dst(256,8,1,1),  q(256,1,8,1),  k(256,256,2,1),  v(256,256,2,1),  m(256,1,1,1): 6 x 574.98 us = 3449.88 us (3.64735 GFLOPS/s)
GATED_DELTA_NET: 18 x 385.053 us = 6930.96 us
GET_ROWS: 38 x 445.703 us = 16936.7 us
GLU: 24 x 320.468 us = 7691.24 us
L2_NORM: 36 x 261.306 us = 9407.04 us
MUL: 42 x 286.196 us = 12020.2 us
MUL_MAT f32 m=64 n=32 k=64: 6 x 687.693 us = 4126.16 us (0.378215 GFLOPS/s)
MUL_MAT_ADD MUL_MAT_VEC q4_K m=2048 n=1 k=2048: 6 x 832.313 us = 4993.88 us (10.0762 GFLOPS/s)
MUL_MAT_ADD MUL_MAT_VEC q4_K m=2048 n=1 k=6144: 12 x 1013.72 us = 12164.6 us (24.8232 GFLOPS/s)
MUL_MAT_ADD MUL_MAT_VEC q6_K m=2048 n=1 k=6144: 12 x 1831.63 us = 21979.6 us (13.7384 GFLOPS/s)
MUL_MAT_VEC f32 m=256 n=2 k=256: 6 x 475.28 us = 2851.68 us (0.55048 GFLOPS/s)
MUL_MAT_VEC f32 m=256 n=8 k=256: 6 x 694.173 us = 4165.04 us (1.50759 GFLOPS/s)
MUL_MAT_VEC f32 m=64 n=8 k=64: 6 x 468.813 us = 2812.88 us (0.138699 GFLOPS/s)
MUL_MAT_VEC q4_K m=16 n=1 k=2048: 36 x 326.726 us = 11762.2 us (0.200535 GFLOPS/s)
MUL_MAT_VEC q4_K m=2048 n=1 k=2048: 36 x 607.342 us = 21864.3 us (13.8086 GFLOPS/s)
MUL_MAT_VEC q4_K m=4096 n=1 k=2048: 6 x 954.533 us = 5727.2 us (17.5721 GFLOPS/s)
MUL_MAT_VEC q4_K m=512 n=1 k=2048: 10 x 243.292 us = 2432.92 us (8.61779 GFLOPS/s)
MUL_MAT_VEC q4_K m=6144 n=1 k=2048: 56 x 1310.27 us = 73374.9 us (19.202 GFLOPS/s)
MUL_MAT_VEC q6_K m=248320 n=1 k=2048: 1 x 54884.4 us = 54884.4 us (18.5275 GFLOPS/s)
MUL_MAT_VEC q6_K m=512 n=1 k=2048: 2 x 866.62 us = 1733.24 us (2.41933 GFLOPS/s)
MUL_MAT_VEC q6_K m=6144 n=1 k=2048: 10 x 1569.14 us = 15691.4 us (16.0341 GFLOPS/s)
RMS_NORM_MUL RMS_NORM(128,16,1,1): 18 x 347.297 us = 6251.36 us
RMS_NORM_MUL RMS_NORM(2048,1,1,1): 49 x 391.065 us = 19162.2 us
RMS_NORM_MUL RMS_NORM(256,2,1,1): 6 x 475.513 us = 2853.08 us
RMS_NORM_MUL RMS_NORM(256,8,1,1): 6 x 481.913 us = 2891.48 us
ROPE: 12 x 470.023 us = 5640.28 us
SET_ROWS: 12 x 472.653 us = 5671.84 us
SIGMOID: 24 x 362.296 us = 8695.12 us
SILU: 18 x 326.688 us = 5880.4 us
SOFTPLUS: 18 x 322.197 us = 5799.56 us
SSM_CONV_SILU SSM_CONV: 18 x 276.755 us = 4981.6 us
Total time: 393093 us.
----------------
Vulkan Timings:
ADD: 36 x 252.605 us = 9093.8 us
CONCAT: 18 x 300.228 us = 5404.12 us
CONT: 6 x 474.64 us = 2847.84 us
CPY: 36 x 302.743 us = 10898.8 us
FLASH_ATTN_EXT dst(256,8,1,1),  q(256,1,8,1),  k(256,256,2,1),  v(256,256,2,1),  m(256,1,1,1): 6 x 570.8 us = 3424.8 us (3.67406 GFLOPS/s)
GATED_DELTA_NET: 18 x 384.848 us = 6927.28 us
GET_ROWS: 38 x 442.105 us = 16800 us
GLU: 24 x 322.326 us = 7735.84 us
L2_NORM: 36 x 262.054 us = 9433.96 us
MUL: 42 x 287.482 us = 12074.3 us
MUL_MAT f32 m=64 n=32 k=64: 6 x 685.133 us = 4110.8 us (0.379628 GFLOPS/s)
MUL_MAT_ADD MUL_MAT_VEC q4_K m=2048 n=1 k=2048: 6 x 834.606 us = 5007.64 us (10.0485 GFLOPS/s)
MUL_MAT_ADD MUL_MAT_VEC q4_K m=2048 n=1 k=6144: 12 x 1012.33 us = 12147.9 us (24.8574 GFLOPS/s)
MUL_MAT_ADD MUL_MAT_VEC q6_K m=2048 n=1 k=6144: 12 x 1831.2 us = 21974.4 us (13.7417 GFLOPS/s)
MUL_MAT_VEC f32 m=256 n=2 k=256: 6 x 474.306 us = 2845.84 us (0.551609 GFLOPS/s)
MUL_MAT_VEC f32 m=256 n=8 k=256: 6 x 690.893 us = 4145.36 us (1.51475 GFLOPS/s)
MUL_MAT_VEC f32 m=64 n=8 k=64: 6 x 467.826 us = 2806.96 us (0.138992 GFLOPS/s)
MUL_MAT_VEC q4_K m=16 n=1 k=2048: 36 x 327.028 us = 11773 us (0.200349 GFLOPS/s)
MUL_MAT_VEC q4_K m=2048 n=1 k=2048: 36 x 607.421 us = 21867.2 us (13.8068 GFLOPS/s)
MUL_MAT_VEC q4_K m=4096 n=1 k=2048: 6 x 954.34 us = 5726.04 us (17.5756 GFLOPS/s)
MUL_MAT_VEC q4_K m=512 n=1 k=2048: 10 x 242.284 us = 2422.84 us (8.65365 GFLOPS/s)
MUL_MAT_VEC q4_K m=6144 n=1 k=2048: 56 x 1309.94 us = 73356.8 us (19.2067 GFLOPS/s)
MUL_MAT_VEC q6_K m=248320 n=1 k=2048: 1 x 54927.6 us = 54927.6 us (18.5129 GFLOPS/s)
MUL_MAT_VEC q6_K m=512 n=1 k=2048: 2 x 868.46 us = 1736.92 us (2.4142 GFLOPS/s)
MUL_MAT_VEC q6_K m=6144 n=1 k=2048: 10 x 1570.21 us = 15702.1 us (16.0232 GFLOPS/s)
RMS_NORM_MUL RMS_NORM(128,16,1,1): 18 x 349.173 us = 6285.12 us
RMS_NORM_MUL RMS_NORM(2048,1,1,1): 49 x 391.104 us = 19164.1 us
RMS_NORM_MUL RMS_NORM(256,2,1,1): 6 x 470.78 us = 2824.68 us
RMS_NORM_MUL RMS_NORM(256,8,1,1): 6 x 477.373 us = 2864.24 us
ROPE: 12 x 469.616 us = 5635.4 us
SET_ROWS: 12 x 470.326 us = 5643.92 us
SIGMOID: 24 x 362.616 us = 8702.8 us
SILU: 18 x 328.868 us = 5919.64 us
SOFTPLUS: 18 x 321.571 us = 5788.28 us
SSM_CONV_SILU SSM_CONV: 18 x 276.071 us = 4969.28 us
Total time: 392990 us.
----------------
Vulkan Timings:
ADD: 36 x 253.813 us = 9137.28 us
CONCAT: 18 x 298.944 us = 5381 us
CONT: 6 x 478.766 us = 2872.6 us
CPY: 36 x 301.831 us = 10865.9 us
FLASH_ATTN_EXT dst(256,8,1,1),  q(256,1,8,1),  k(256,256,2,1),  v(256,256,2,1),  m(256,1,1,1): 6 x 574.013 us = 3444.08 us (3.65349 GFLOPS/s)
GATED_DELTA_NET: 18 x 385.862 us = 6945.52 us
GET_ROWS: 38 x 441.755 us = 16786.7 us
GLU: 24 x 320.978 us = 7703.48 us
L2_NORM: 36 x 261.864 us = 9427.12 us
MUL: 42 x 287.803 us = 12087.8 us
MUL_MAT f32 m=64 n=32 k=64: 6 x 721.533 us = 4329.2 us (0.360477 GFLOPS/s)
MUL_MAT_ADD MUL_MAT_VEC q4_K m=2048 n=1 k=2048: 6 x 831.84 us = 4991.04 us (10.0819 GFLOPS/s)
MUL_MAT_ADD MUL_MAT_VEC q4_K m=2048 n=1 k=6144: 12 x 1015.14 us = 12181.6 us (24.7886 GFLOPS/s)
MUL_MAT_ADD MUL_MAT_VEC q6_K m=2048 n=1 k=6144: 12 x 1834.42 us = 22013 us (13.7176 GFLOPS/s)
MUL_MAT_VEC f32 m=256 n=2 k=256: 6 x 475.773 us = 2854.64 us (0.549909 GFLOPS/s)
MUL_MAT_VEC f32 m=256 n=8 k=256: 6 x 692.166 us = 4153 us (1.51196 GFLOPS/s)
MUL_MAT_VEC f32 m=64 n=8 k=64: 6 x 477.1 us = 2862.6 us (0.13629 GFLOPS/s)
MUL_MAT_VEC q4_K m=16 n=1 k=2048: 36 x 325.652 us = 11723.5 us (0.201196 GFLOPS/s)
MUL_MAT_VEC q4_K m=2048 n=1 k=2048: 36 x 607.534 us = 21871.2 us (13.8043 GFLOPS/s)
MUL_MAT_VEC q4_K m=4096 n=1 k=2048: 6 x 958.713 us = 5752.28 us (17.4954 GFLOPS/s)
MUL_MAT_VEC q4_K m=512 n=1 k=2048: 10 x 244.924 us = 2449.24 us (8.56037 GFLOPS/s)
MUL_MAT_VEC q4_K m=6144 n=1 k=2048: 56 x 1310.97 us = 73414.2 us (19.1917 GFLOPS/s)
MUL_MAT_VEC q6_K m=248320 n=1 k=2048: 1 x 54826.5 us = 54826.5 us (18.5471 GFLOPS/s)
MUL_MAT_VEC q6_K m=512 n=1 k=2048: 2 x 867.98 us = 1735.96 us (2.41554 GFLOPS/s)
MUL_MAT_VEC q6_K m=6144 n=1 k=2048: 10 x 1569.2 us = 15692 us (16.0335 GFLOPS/s)
RMS_NORM_MUL RMS_NORM(128,16,1,1): 18 x 346.751 us = 6241.52 us
RMS_NORM_MUL RMS_NORM(2048,1,1,1): 49 x 391.084 us = 19163.1 us
RMS_NORM_MUL RMS_NORM(256,2,1,1): 6 x 475.746 us = 2854.48 us
RMS_NORM_MUL RMS_NORM(256,8,1,1): 6 x 479.186 us = 2875.12 us
ROPE: 12 x 472.663 us = 5671.96 us
SET_ROWS: 12 x 475.563 us = 5706.76 us
SIGMOID: 24 x 363.321 us = 8719.72 us
SILU: 18 x 326.288 us = 5873.2 us
SOFTPLUS: 18 x 322.644 us = 5807.6 us
SSM_CONV_SILU SSM_CONV: 18 x 277.664 us = 4997.96 us
Total time: 393413 us.
----------------
Vulkan Timings:
ADD: 36 x 253.783 us = 9136.2 us
CONCAT: 18 x 299.604 us = 5392.88 us
CONT: 6 x 479.266 us = 2875.6 us
CPY: 36 x 304.562 us = 10964.2 us
FLASH_ATTN_EXT dst(256,8,1,1),  q(256,1,8,1),  k(256,256,2,1),  v(256,256,2,1),  m(256,1,1,1): 6 x 577.653 us = 3465.92 us (3.63047 GFLOPS/s)
GATED_DELTA_NET: 18 x 385.824 us = 6944.84 us
GET_ROWS: 38 x 444.422 us = 16888 us
GLU: 24 x 322.646 us = 7743.52 us
L2_NORM: 36 x 261.848 us = 9426.56 us
MUL: 42 x 287.057 us = 12056.4 us
MUL_MAT f32 m=64 n=32 k=64: 6 x 694.873 us = 4169.24 us (0.374307 GFLOPS/s)
MUL_MAT_ADD MUL_MAT_VEC q4_K m=2048 n=1 k=2048: 6 x 843.973 us = 5063.84 us (9.937 GFLOPS/s)
MUL_MAT_ADD MUL_MAT_VEC q4_K m=2048 n=1 k=6144: 12 x 1036.19 us = 12434.3 us (24.2848 GFLOPS/s)
MUL_MAT_ADD MUL_MAT_VEC q6_K m=2048 n=1 k=6144: 12 x 1851 us = 22212 us (13.5947 GFLOPS/s)
MUL_MAT_VEC f32 m=256 n=2 k=256: 6 x 471.806 us = 2830.84 us (0.554532 GFLOPS/s)
MUL_MAT_VEC f32 m=256 n=8 k=256: 6 x 690.82 us = 4144.92 us (1.51491 GFLOPS/s)
MUL_MAT_VEC f32 m=64 n=8 k=64: 6 x 471.066 us = 2826.4 us (0.138036 GFLOPS/s)
MUL_MAT_VEC q4_K m=16 n=1 k=2048: 36 x 329.507 us = 11862.3 us (0.198842 GFLOPS/s)
MUL_MAT_VEC q4_K m=2048 n=1 k=2048: 36 x 619.967 us = 22318.8 us (13.5274 GFLOPS/s)
MUL_MAT_VEC q4_K m=4096 n=1 k=2048: 6 x 967.646 us = 5805.88 us (17.3339 GFLOPS/s)
MUL_MAT_VEC q4_K m=512 n=1 k=2048: 10 x 244.588 us = 2445.88 us (8.57213 GFLOPS/s)
MUL_MAT_VEC q4_K m=6144 n=1 k=2048: 56 x 1336.47 us = 74842.5 us (18.8254 GFLOPS/s)
MUL_MAT_VEC q6_K m=248320 n=1 k=2048: 1 x 54877.7 us = 54877.7 us (18.5298 GFLOPS/s)
MUL_MAT_VEC q6_K m=512 n=1 k=2048: 2 x 866.06 us = 1732.12 us (2.42089 GFLOPS/s)
MUL_MAT_VEC q6_K m=6144 n=1 k=2048: 10 x 1587.39 us = 15873.9 us (15.8497 GFLOPS/s)
RMS_NORM_MUL RMS_NORM(128,16,1,1): 18 x 487.491 us = 8774.84 us
RMS_NORM_MUL RMS_NORM(2048,1,1,1): 49 x 392.386 us = 19226.9 us
RMS_NORM_MUL RMS_NORM(256,2,1,1): 6 x 472.013 us = 2832.08 us
RMS_NORM_MUL RMS_NORM(256,8,1,1): 6 x 477.746 us = 2866.48 us
ROPE: 12 x 472.54 us = 5670.48 us
SET_ROWS: 12 x 472.636 us = 5671.64 us
SIGMOID: 24 x 365.575 us = 8773.8 us
SILU: 18 x 330.98 us = 5957.64 us
SOFTPLUS: 18 x 322.668 us = 5808.04 us
SSM_CONV_SILU SSM_CONV: 18 x 277.928 us = 5002.72 us
Total time: 398919 us.
----------------
Vulkan Timings:
ADD: 36 x 255.253 us = 9189.12 us
CONCAT: 18 x 301.571 us = 5428.28 us
CONT: 6 x 473.733 us = 2842.4 us
CPY: 36 x 304.47 us = 10960.9 us
FLASH_ATTN_EXT dst(256,8,1,1),  q(256,1,8,1),  k(256,256,2,1),  v(256,256,2,1),  m(256,1,1,1): 6 x 571.273 us = 3427.64 us (3.67101 GFLOPS/s)
GATED_DELTA_NET: 18 x 386.26 us = 6952.68 us
GET_ROWS: 38 x 442.575 us = 16817.9 us
GLU: 24 x 321.191 us = 7708.6 us
L2_NORM: 36 x 262.004 us = 9432.16 us
MUL: 42 x 285.741 us = 12001.2 us
MUL_MAT f32 m=64 n=32 k=64: 6 x 687.706 us = 4126.24 us (0.378208 GFLOPS/s)
MUL_MAT_ADD MUL_MAT_VEC q4_K m=2048 n=1 k=2048: 6 x 831.926 us = 4991.56 us (10.0809 GFLOPS/s)
MUL_MAT_ADD MUL_MAT_VEC q4_K m=2048 n=1 k=6144: 12 x 1014.33 us = 12171.9 us (24.8084 GFLOPS/s)
MUL_MAT_ADD MUL_MAT_VEC q6_K m=2048 n=1 k=6144: 12 x 1837.86 us = 22054.3 us (13.6919 GFLOPS/s)
MUL_MAT_VEC f32 m=256 n=2 k=256: 6 x 470.84 us = 2825.04 us (0.555671 GFLOPS/s)
MUL_MAT_VEC f32 m=256 n=8 k=256: 6 x 695.96 us = 4175.76 us (1.50372 GFLOPS/s)
MUL_MAT_VEC f32 m=64 n=8 k=64: 6 x 471.926 us = 2831.56 us (0.137784 GFLOPS/s)
MUL_MAT_VEC q4_K m=16 n=1 k=2048: 36 x 327.336 us = 11784.1 us (0.200161 GFLOPS/s)
MUL_MAT_VEC q4_K m=2048 n=1 k=2048: 36 x 608.637 us = 21911 us (13.7792 GFLOPS/s)
MUL_MAT_VEC q4_K m=4096 n=1 k=2048: 6 x 955.14 us = 5730.84 us (17.5609 GFLOPS/s)
MUL_MAT_VEC q4_K m=512 n=1 k=2048: 10 x 244.204 us = 2442.04 us (8.58561 GFLOPS/s)
MUL_MAT_VEC q4_K m=6144 n=1 k=2048: 56 x 1314.29 us = 73600.1 us (19.1432 GFLOPS/s)
MUL_MAT_VEC q6_K m=248320 n=1 k=2048: 1 x 54935.4 us = 54935.4 us (18.5103 GFLOPS/s)
MUL_MAT_VEC q6_K m=512 n=1 k=2048: 2 x 871.1 us = 1742.2 us (2.40689 GFLOPS/s)
MUL_MAT_VEC q6_K m=6144 n=1 k=2048: 10 x 1571.4 us = 15714 us (16.011 GFLOPS/s)
RMS_NORM_MUL RMS_NORM(128,16,1,1): 18 x 347.588 us = 6256.6 us
RMS_NORM_MUL RMS_NORM(2048,1,1,1): 49 x 391.112 us = 19164.5 us
RMS_NORM_MUL RMS_NORM(256,2,1,1): 6 x 473.96 us = 2843.76 us
RMS_NORM_MUL RMS_NORM(256,8,1,1): 6 x 478.94 us = 2873.64 us
ROPE: 12 x 471.08 us = 5652.96 us
SET_ROWS: 12 x 472.023 us = 5664.28 us
SIGMOID: 24 x 362.706 us = 8704.96 us
SILU: 18 x 328.753 us = 5917.56 us
SOFTPLUS: 18 x 327.031 us = 5886.56 us
SSM_CONV_SILU SSM_CONV: 18 x 278.408 us = 5011.36 us
Total time: 393773 us.
----------------
Vulkan Timings:
ADD: 36 x 253.164 us = 9113.92 us
CONCAT: 18 x 299.453 us = 5390.16 us
CONT: 6 x 475.253 us = 2851.52 us
CPY: 36 x 301.614 us = 10858.1 us
FLASH_ATTN_EXT dst(256,8,1,1),  q(256,1,8,1),  k(256,256,2,1),  v(256,256,2,1),  m(256,1,1,1): 6 x 577.44 us = 3464.64 us (3.63181 GFLOPS/s)
GATED_DELTA_NET: 18 x 387.111 us = 6968 us
GET_ROWS: 38 x 442.492 us = 16814.7 us
GLU: 24 x 319.926 us = 7678.24 us
L2_NORM: 36 x 261.991 us = 9431.68 us
MUL: 42 x 286.602 us = 12037.3 us
MUL_MAT f32 m=64 n=32 k=64: 6 x 686.973 us = 4121.84 us (0.378611 GFLOPS/s)
MUL_MAT_ADD MUL_MAT_VEC q4_K m=2048 n=1 k=2048: 6 x 834.746 us = 5008.48 us (10.0468 GFLOPS/s)
MUL_MAT_ADD MUL_MAT_VEC q4_K m=2048 n=1 k=6144: 12 x 1015.56 us = 12186.7 us (24.7783 GFLOPS/s)
MUL_MAT_ADD MUL_MAT_VEC q6_K m=2048 n=1 k=6144: 12 x 1836.58 us = 22038.9 us (13.7015 GFLOPS/s)
MUL_MAT_VEC f32 m=256 n=2 k=256: 6 x 474.593 us = 2847.56 us (0.551276 GFLOPS/s)
MUL_MAT_VEC f32 m=256 n=8 k=256: 6 x 691.32 us = 4147.92 us (1.51381 GFLOPS/s)
MUL_MAT_VEC f32 m=64 n=8 k=64: 6 x 472.693 us = 2836.16 us (0.137561 GFLOPS/s)
MUL_MAT_VEC q4_K m=16 n=1 k=2048: 36 x 325.843 us = 11730.4 us (0.201078 GFLOPS/s)
MUL_MAT_VEC q4_K m=2048 n=1 k=2048: 36 x 607.613 us = 21874.1 us (13.8025 GFLOPS/s)
MUL_MAT_VEC q4_K m=4096 n=1 k=2048: 6 x 956.5 us = 5739 us (17.5359 GFLOPS/s)
MUL_MAT_VEC q4_K m=512 n=1 k=2048: 10 x 243.356 us = 2433.56 us (8.61553 GFLOPS/s)
MUL_MAT_VEC q4_K m=6144 n=1 k=2048: 56 x 1312.63 us = 73507.4 us (19.1674 GFLOPS/s)
MUL_MAT_VEC q6_K m=248320 n=1 k=2048: 1 x 54856.1 us = 54856.1 us (18.537 GFLOPS/s)
MUL_MAT_VEC q6_K m=512 n=1 k=2048: 2 x 862.62 us = 1725.24 us (2.43055 GFLOPS/s)
MUL_MAT_VEC q6_K m=6144 n=1 k=2048: 10 x 1571.97 us = 15719.7 us (16.0052 GFLOPS/s)
RMS_NORM_MUL RMS_NORM(128,16,1,1): 18 x 346.662 us = 6239.92 us
RMS_NORM_MUL RMS_NORM(2048,1,1,1): 49 x 390.328 us = 19126.1 us
RMS_NORM_MUL RMS_NORM(256,2,1,1): 6 x 471.013 us = 2826.08 us
RMS_NORM_MUL RMS_NORM(256,8,1,1): 6 x 482.78 us = 2896.68 us
ROPE: 12 x 474.036 us = 5688.44 us
SET_ROWS: 12 x 473.18 us = 5678.16 us
SIGMOID: 24 x 364.423 us = 8746.16 us
SILU: 18 x 326.04 us = 5868.72 us
SOFTPLUS: 18 x 322.12 us = 5798.16 us
SSM_CONV_SILU SSM_CONV: 18 x 276.568 us = 4978.24 us
Total time: 393228 us.
----------------
Vulkan Timings:
ADD: 36 x 253.711 us = 9133.6 us
CONCAT: 18 x 300.82 us = 5414.76 us
CONT: 6 x 487.346 us = 2924.08 us
CPY: 36 x 302.417 us = 10887 us
FLASH_ATTN_EXT dst(256,8,1,1),  q(256,1,8,1),  k(256,256,2,1),  v(256,256,2,1),  m(256,1,1,1): 6 x 575.253 us = 3451.52 us (3.64561 GFLOPS/s)
GATED_DELTA_NET: 18 x 383.275 us = 6898.96 us
GET_ROWS: 38 x 440.635 us = 16744.2 us
GLU: 24 x 323.643 us = 7767.44 us
L2_NORM: 36 x 260.698 us = 9385.16 us
MUL: 42 x 286.009 us = 12012.4 us
MUL_MAT f32 m=64 n=32 k=64: 6 x 688.086 us = 4128.52 us (0.377999 GFLOPS/s)
MUL_MAT_ADD MUL_MAT_VEC q4_K m=2048 n=1 k=2048: 6 x 829.52 us = 4977.12 us (10.1101 GFLOPS/s)
MUL_MAT_ADD MUL_MAT_VEC q4_K m=2048 n=1 k=6144: 12 x 1007.17 us = 12086 us (24.9846 GFLOPS/s)
MUL_MAT_ADD MUL_MAT_VEC q6_K m=2048 n=1 k=6144: 12 x 1831.63 us = 21979.5 us (13.7385 GFLOPS/s)
MUL_MAT_VEC f32 m=256 n=2 k=256: 6 x 476.28 us = 2857.68 us (0.549324 GFLOPS/s)
MUL_MAT_VEC f32 m=256 n=8 k=256: 6 x 691.24 us = 4147.44 us (1.51399 GFLOPS/s)
MUL_MAT_VEC f32 m=64 n=8 k=64: 6 x 468.153 us = 2808.92 us (0.138895 GFLOPS/s)
MUL_MAT_VEC q4_K m=16 n=1 k=2048: 36 x 325.213 us = 11707.7 us (0.201468 GFLOPS/s)
MUL_MAT_VEC q4_K m=2048 n=1 k=2048: 36 x 603.858 us = 21738.9 us (13.8883 GFLOPS/s)
MUL_MAT_VEC q4_K m=4096 n=1 k=2048: 6 x 954.986 us = 5729.92 us (17.5637 GFLOPS/s)
MUL_MAT_VEC q4_K m=512 n=1 k=2048: 10 x 243.232 us = 2432.32 us (8.61992 GFLOPS/s)
MUL_MAT_VEC q4_K m=6144 n=1 k=2048: 56 x 1303.79 us = 73012.2 us (19.2974 GFLOPS/s)
MUL_MAT_VEC q6_K m=248320 n=1 k=2048: 1 x 54885.6 us = 54885.6 us (18.5271 GFLOPS/s)
MUL_MAT_VEC q6_K m=512 n=1 k=2048: 2 x 870.4 us = 1740.8 us (2.40882 GFLOPS/s)
MUL_MAT_VEC q6_K m=6144 n=1 k=2048: 10 x 1563.79 us = 15637.9 us (16.0889 GFLOPS/s)
RMS_NORM_MUL RMS_NORM(128,16,1,1): 18 x 347.537 us = 6255.68 us
RMS_NORM_MUL RMS_NORM(2048,1,1,1): 49 x 392.096 us = 19212.7 us
RMS_NORM_MUL RMS_NORM(256,2,1,1): 6 x 470.14 us = 2820.84 us
RMS_NORM_MUL RMS_NORM(256,8,1,1): 6 x 476.3 us = 2857.8 us
ROPE: 12 x 468.723 us = 5624.68 us
SET_ROWS: 12 x 470.053 us = 5640.64 us
SIGMOID: 24 x 361.541 us = 8677 us
SILU: 18 x 327.348 us = 5892.28 us
SOFTPLUS: 18 x 344.128 us = 6194.32 us
SSM_CONV_SILU SSM_CONV: 18 x 277.413 us = 4993.44 us
Total time: 392659 us.
----------------
Vulkan Timings:
ADD: 36 x 252.644 us = 9095.2 us
CONCAT: 18 x 299.164 us = 5384.96 us
CONT: 6 x 477.42 us = 2864.52 us
CPY: 36 x 303.148 us = 10913.4 us
FLASH_ATTN_EXT dst(256,8,1,1),  q(256,1,8,1),  k(256,256,2,1),  v(256,256,2,1),  m(256,1,1,1): 6 x 573.406 us = 3440.44 us (3.65736 GFLOPS/s)
GATED_DELTA_NET: 18 x 386.064 us = 6949.16 us
GET_ROWS: 38 x 441.696 us = 16784.5 us
GLU: 24 x 321.32 us = 7711.68 us
L2_NORM: 36 x 260.872 us = 9391.4 us
MUL: 42 x 285.832 us = 12005 us
MUL_MAT f32 m=64 n=32 k=64: 6 x 688.486 us = 4130.92 us (0.377779 GFLOPS/s)
MUL_MAT_ADD MUL_MAT_VEC q4_K m=2048 n=1 k=2048: 6 x 833.313 us = 4999.88 us (10.0641 GFLOPS/s)
MUL_MAT_ADD MUL_MAT_VEC q4_K m=2048 n=1 k=6144: 12 x 1013.21 us = 12158.5 us (24.8357 GFLOPS/s)
MUL_MAT_ADD MUL_MAT_VEC q6_K m=2048 n=1 k=6144: 12 x 1831.3 us = 21975.6 us (13.7409 GFLOPS/s)
MUL_MAT_VEC f32 m=256 n=2 k=256: 6 x 472.806 us = 2836.84 us (0.553359 GFLOPS/s)
MUL_MAT_VEC f32 m=256 n=8 k=256: 6 x 691.093 us = 4146.56 us (1.51431 GFLOPS/s)
MUL_MAT_VEC f32 m=64 n=8 k=64: 6 x 467.893 us = 2807.36 us (0.138972 GFLOPS/s)
MUL_MAT_VEC q4_K m=16 n=1 k=2048: 36 x 325.508 us = 11718.3 us (0.201285 GFLOPS/s)
MUL_MAT_VEC q4_K m=2048 n=1 k=2048: 36 x 607.45 us = 21868.2 us (13.8062 GFLOPS/s)
MUL_MAT_VEC q4_K m=4096 n=1 k=2048: 6 x 955.14 us = 5730.84 us (17.5609 GFLOPS/s)
MUL_MAT_VEC q4_K m=512 n=1 k=2048: 10 x 242.812 us = 2428.12 us (8.63483 GFLOPS/s)
MUL_MAT_VEC q4_K m=6144 n=1 k=2048: 56 x 1310.49 us = 73387.5 us (19.1987 GFLOPS/s)
MUL_MAT_VEC q6_K m=248320 n=1 k=2048: 1 x 54880.6 us = 54880.6 us (18.5288 GFLOPS/s)
MUL_MAT_VEC q6_K m=512 n=1 k=2048: 2 x 865.66 us = 1731.32 us (2.42201 GFLOPS/s)
MUL_MAT_VEC q6_K m=6144 n=1 k=2048: 10 x 1569.02 us = 15690.2 us (16.0353 GFLOPS/s)
RMS_NORM_MUL RMS_NORM(128,16,1,1): 18 x 348.233 us = 6268.2 us
RMS_NORM_MUL RMS_NORM(2048,1,1,1): 49 x 391.244 us = 19171 us
RMS_NORM_MUL RMS_NORM(256,2,1,1): 6 x 468.9 us = 2813.4 us
RMS_NORM_MUL RMS_NORM(256,8,1,1): 6 x 478.373 us = 2870.24 us
ROPE: 12 x 470.736 us = 5648.84 us
SET_ROWS: 12 x 473.833 us = 5686 us
SIGMOID: 24 x 362.791 us = 8707 us
SILU: 18 x 327.446 us = 5894.04 us
SOFTPLUS: 18 x 321.426 us = 5785.68 us
SSM_CONV_SILU SSM_CONV: 18 x 276.933 us = 4984.8 us
Total time: 392860 us.
----------------
Vulkan Timings:
ADD: 36 x 254.267 us = 9153.64 us
CONCAT: 18 x 303.773 us = 5467.92 us
CONT: 6 x 471.58 us = 2829.48 us
CPY: 36 x 303.911 us = 10940.8 us
FLASH_ATTN_EXT dst(256,8,1,1),  q(256,1,8,1),  k(256,256,2,1),  v(256,256,2,1),  m(256,1,1,1): 6 x 572.473 us = 3434.84 us (3.66332 GFLOPS/s)
GATED_DELTA_NET: 18 x 386.108 us = 6949.96 us
GET_ROWS: 38 x 455.238 us = 17299.1 us
GLU: 24 x 321.94 us = 7726.56 us
L2_NORM: 36 x 262.386 us = 9445.92 us
MUL: 42 x 286.805 us = 12045.8 us
MUL_MAT f32 m=64 n=32 k=64: 6 x 685.453 us = 4112.72 us (0.379451 GFLOPS/s)
MUL_MAT_ADD MUL_MAT_VEC q4_K m=2048 n=1 k=2048: 6 x 838.046 us = 5028.28 us (10.0073 GFLOPS/s)
MUL_MAT_ADD MUL_MAT_VEC q4_K m=2048 n=1 k=6144: 12 x 1030.69 us = 12368.2 us (24.4146 GFLOPS/s)
MUL_MAT_ADD MUL_MAT_VEC q6_K m=2048 n=1 k=6144: 12 x 1850.96 us = 22211.5 us (13.595 GFLOPS/s)
MUL_MAT_VEC f32 m=256 n=2 k=256: 6 x 472.48 us = 2834.88 us (0.553742 GFLOPS/s)
MUL_MAT_VEC f32 m=256 n=8 k=256: 6 x 691.993 us = 4151.96 us (1.51234 GFLOPS/s)
MUL_MAT_VEC f32 m=64 n=8 k=64: 6 x 468.673 us = 2812.04 us (0.138741 GFLOPS/s)
MUL_MAT_VEC q4_K m=16 n=1 k=2048: 36 x 327.991 us = 11807.7 us (0.199762 GFLOPS/s)
MUL_MAT_VEC q4_K m=2048 n=1 k=2048: 36 x 612.52 us = 22050.7 us (13.6919 GFLOPS/s)
MUL_MAT_VEC q4_K m=4096 n=1 k=2048: 6 x 963.433 us = 5780.6 us (17.4097 GFLOPS/s)
MUL_MAT_VEC q4_K m=512 n=1 k=2048: 10 x 244.988 us = 2449.88 us (8.55813 GFLOPS/s)
MUL_MAT_VEC q4_K m=6144 n=1 k=2048: 56 x 1326.08 us = 74260.2 us (18.973 GFLOPS/s)
MUL_MAT_VEC q6_K m=248320 n=1 k=2048: 1 x 54912.4 us = 54912.4 us (18.518 GFLOPS/s)
MUL_MAT_VEC q6_K m=512 n=1 k=2048: 2 x 875.02 us = 1750.04 us (2.39611 GFLOPS/s)
MUL_MAT_VEC q6_K m=6144 n=1 k=2048: 10 x 1586.2 us = 15862 us (15.8616 GFLOPS/s)
RMS_NORM_MUL RMS_NORM(128,16,1,1): 18 x 349.795 us = 6296.32 us
RMS_NORM_MUL RMS_NORM(2048,1,1,1): 49 x 392.2 us = 19217.8 us
RMS_NORM_MUL RMS_NORM(256,2,1,1): 6 x 470.106 us = 2820.64 us
RMS_NORM_MUL RMS_NORM(256,8,1,1): 6 x 478.48 us = 2870.88 us
ROPE: 12 x 481.293 us = 5775.52 us
SET_ROWS: 12 x 474.8 us = 5697.6 us
SIGMOID: 24 x 361.681 us = 8680.36 us
SILU: 18 x 328.384 us = 5910.92 us
SOFTPLUS: 18 x 323.168 us = 5817.04 us
SSM_CONV_SILU SSM_CONV: 18 x 277.448 us = 4994.08 us
Total time: 395768 us.
----------------
Vulkan Timings:
ADD: 36 x 254.983 us = 9179.4 us
CONCAT: 18 x 301.415 us = 5425.48 us
CONT: 6 x 472.906 us = 2837.44 us
CPY: 36 x 302.606 us = 10893.8 us
FLASH_ATTN_EXT dst(256,8,1,1),  q(256,1,8,1),  k(256,256,2,1),  v(256,256,2,1),  m(256,1,1,1): 6 x 571.993 us = 3431.96 us (3.66639 GFLOPS/s)
GATED_DELTA_NET: 18 x 383.024 us = 6894.44 us
GET_ROWS: 38 x 440.335 us = 16732.8 us
GLU: 24 x 319.96 us = 7679.04 us
L2_NORM: 36 x 262.688 us = 9456.8 us
MUL: 42 x 286.517 us = 12033.7 us
MUL_MAT f32 m=64 n=32 k=64: 6 x 685.593 us = 4113.56 us (0.379374 GFLOPS/s)
MUL_MAT_ADD MUL_MAT_VEC q4_K m=2048 n=1 k=2048: 6 x 836.78 us = 5020.68 us (10.0224 GFLOPS/s)
MUL_MAT_ADD MUL_MAT_VEC q4_K m=2048 n=1 k=6144: 12 x 1009.34 us = 12112.1 us (24.9308 GFLOPS/s)
MUL_MAT_ADD MUL_MAT_VEC q6_K m=2048 n=1 k=6144: 12 x 1832.29 us = 21987.5 us (13.7335 GFLOPS/s)
MUL_MAT_VEC f32 m=256 n=2 k=256: 6 x 474.426 us = 2846.56 us (0.55147 GFLOPS/s)
MUL_MAT_VEC f32 m=256 n=8 k=256: 6 x 690.1 us = 4140.6 us (1.51649 GFLOPS/s)
MUL_MAT_VEC f32 m=64 n=8 k=64: 6 x 471.94 us = 2831.64 us (0.13778 GFLOPS/s)
MUL_MAT_VEC q4_K m=16 n=1 k=2048: 36 x 326.604 us = 11757.8 us (0.20061 GFLOPS/s)
MUL_MAT_VEC q4_K m=2048 n=1 k=2048: 36 x 603.386 us = 21721.9 us (13.8991 GFLOPS/s)
MUL_MAT_VEC q4_K m=4096 n=1 k=2048: 6 x 953.86 us = 5723.16 us (17.5845 GFLOPS/s)
MUL_MAT_VEC q4_K m=512 n=1 k=2048: 10 x 244.236 us = 2442.36 us (8.58448 GFLOPS/s)
MUL_MAT_VEC q4_K m=6144 n=1 k=2048: 56 x 1303.61 us = 73002.2 us (19.3 GFLOPS/s)
MUL_MAT_VEC q6_K m=248320 n=1 k=2048: 1 x 54947.5 us = 54947.5 us (18.5062 GFLOPS/s)
MUL_MAT_VEC q6_K m=512 n=1 k=2048: 2 x 871.34 us = 1742.68 us (2.40622 GFLOPS/s)
MUL_MAT_VEC q6_K m=6144 n=1 k=2048: 10 x 1563.78 us = 15637.8 us (16.089 GFLOPS/s)
RMS_NORM_MUL RMS_NORM(128,16,1,1): 18 x 349.702 us = 6294.64 us
RMS_NORM_MUL RMS_NORM(2048,1,1,1): 49 x 389.564 us = 19088.6 us
RMS_NORM_MUL RMS_NORM(256,2,1,1): 6 x 474.033 us = 2844.2 us
RMS_NORM_MUL RMS_NORM(256,8,1,1): 6 x 478.966 us = 2873.8 us
ROPE: 12 x 472.013 us = 5664.16 us
SET_ROWS: 12 x 471.893 us = 5662.72 us
SIGMOID: 24 x 360.751 us = 8658.04 us
SILU: 18 x 329.988 us = 5939.8 us
SOFTPLUS: 18 x 322.755 us = 5809.6 us
SSM_CONV_SILU SSM_CONV: 18 x 278.651 us = 5015.72 us
Total time: 392444 us.
----------------
Vulkan Timings:
ADD: 36 x 252.576 us = 9092.76 us
CONCAT: 18 x 299.62 us = 5393.16 us
CONT: 6 x 478.94 us = 2873.64 us
CPY: 36 x 302.112 us = 10876 us
FLASH_ATTN_EXT dst(256,8,1,1),  q(256,1,8,1),  k(256,256,2,1),  v(256,256,2,1),  m(256,1,1,1): 6 x 572.533 us = 3435.2 us (3.66293 GFLOPS/s)
GATED_DELTA_NET: 18 x 386.724 us = 6961.04 us
GET_ROWS: 38 x 442.167 us = 16802.4 us
GLU: 24 x 320.233 us = 7685.6 us
L2_NORM: 36 x 260.248 us = 9368.96 us
MUL: 42 x 286.058 us = 12014.4 us
MUL_MAT f32 m=64 n=32 k=64: 6 x 688.386 us = 4130.32 us (0.377834 GFLOPS/s)
MUL_MAT_ADD MUL_MAT_VEC q4_K m=2048 n=1 k=2048: 6 x 833.653 us = 5001.92 us (10.06 GFLOPS/s)
MUL_MAT_ADD MUL_MAT_VEC q4_K m=2048 n=1 k=6144: 12 x 1015.41 us = 12184.9 us (24.782 GFLOPS/s)
MUL_MAT_ADD MUL_MAT_VEC q6_K m=2048 n=1 k=6144: 12 x 1833.75 us = 22005 us (13.7226 GFLOPS/s)
MUL_MAT_VEC f32 m=256 n=2 k=256: 6 x 473.786 us = 2842.72 us (0.552215 GFLOPS/s)
MUL_MAT_VEC f32 m=256 n=8 k=256: 6 x 690.266 us = 4141.6 us (1.51612 GFLOPS/s)
MUL_MAT_VEC f32 m=64 n=8 k=64: 6 x 476.713 us = 2860.28 us (0.136401 GFLOPS/s)
MUL_MAT_VEC q4_K m=16 n=1 k=2048: 36 x 325.848 us = 11730.6 us (0.201075 GFLOPS/s)
MUL_MAT_VEC q4_K m=2048 n=1 k=2048: 36 x 606.644 us = 21839.2 us (13.8245 GFLOPS/s)
MUL_MAT_VEC q4_K m=4096 n=1 k=2048: 6 x 955.486 us = 5732.92 us (17.5545 GFLOPS/s)
MUL_MAT_VEC q4_K m=512 n=1 k=2048: 10 x 243.244 us = 2432.44 us (8.61949 GFLOPS/s)
MUL_MAT_VEC q4_K m=6144 n=1 k=2048: 56 x 1312.1 us = 73477.4 us (19.1752 GFLOPS/s)
MUL_MAT_VEC q6_K m=248320 n=1 k=2048: 1 x 54830.4 us = 54830.4 us (18.5458 GFLOPS/s)
MUL_MAT_VEC q6_K m=512 n=1 k=2048: 2 x 863.1 us = 1726.2 us (2.4292 GFLOPS/s)
MUL_MAT_VEC q6_K m=6144 n=1 k=2048: 10 x 1570.12 us = 15701.2 us (16.0241 GFLOPS/s)
RMS_NORM_MUL RMS_NORM(128,16,1,1): 18 x 346.573 us = 6238.32 us
RMS_NORM_MUL RMS_NORM(2048,1,1,1): 49 x 396.327 us = 19420 us
RMS_NORM_MUL RMS_NORM(256,2,1,1): 6 x 474.24 us = 2845.44 us
RMS_NORM_MUL RMS_NORM(256,8,1,1): 6 x 476.426 us = 2858.56 us
ROPE: 12 x 473.253 us = 5679.04 us
SET_ROWS: 12 x 472.336 us = 5668.04 us
SIGMOID: 24 x 362.933 us = 8710.4 us
SILU: 18 x 326.062 us = 5869.12 us
SOFTPLUS: 18 x 321.68 us = 5790.24 us
SSM_CONV_SILU SSM_CONV: 18 x 276.755 us = 4981.6 us
Total time: 393201 us.
----------------
Vulkan Timings:
ADD: 36 x 254.09 us = 9147.24 us
CONCAT: 18 x 300.555 us = 5410 us
CONT: 6 x 472.126 us = 2832.76 us
CPY: 36 x 303.106 us = 10911.8 us
FLASH_ATTN_EXT dst(256,8,1,1),  q(256,1,8,1),  k(256,256,2,1),  v(256,256,2,1),  m(256,1,1,1): 6 x 573.113 us = 3438.68 us (3.65923 GFLOPS/s)
GATED_DELTA_NET: 18 x 384.393 us = 6919.08 us
GET_ROWS: 38 x 441.817 us = 16789.1 us
GLU: 24 x 320.156 us = 7683.76 us
L2_NORM: 36 x 263.137 us = 9472.96 us
MUL: 42 x 286.332 us = 12026 us
MUL_MAT f32 m=64 n=32 k=64: 6 x 683.42 us = 4100.52 us (0.38058 GFLOPS/s)
MUL_MAT_ADD MUL_MAT_VEC q4_K m=2048 n=1 k=2048: 6 x 839.313 us = 5035.88 us (9.99217 GFLOPS/s)
MUL_MAT_ADD MUL_MAT_VEC q4_K m=2048 n=1 k=6144: 12 x 1014.29 us = 12171.5 us (24.8093 GFLOPS/s)
MUL_MAT_ADD MUL_MAT_VEC q6_K m=2048 n=1 k=6144: 12 x 1833.32 us = 21999.8 us (13.7258 GFLOPS/s)
MUL_MAT_VEC f32 m=256 n=2 k=256: 6 x 472.98 us = 2837.88 us (0.553157 GFLOPS/s)
MUL_MAT_VEC f32 m=256 n=8 k=256: 6 x 692.853 us = 4157.12 us (1.51046 GFLOPS/s)
MUL_MAT_VEC f32 m=64 n=8 k=64: 6 x 472.446 us = 2834.68 us (0.137632 GFLOPS/s)
MUL_MAT_VEC q4_K m=16 n=1 k=2048: 36 x 326.636 us = 11758.9 us (0.20059 GFLOPS/s)
MUL_MAT_VEC q4_K m=2048 n=1 k=2048: 36 x 607.728 us = 21878.2 us (13.7998 GFLOPS/s)
MUL_MAT_VEC q4_K m=4096 n=1 k=2048: 6 x 956.046 us = 5736.28 us (17.5442 GFLOPS/s)
MUL_MAT_VEC q4_K m=512 n=1 k=2048: 10 x 244.172 us = 2441.72 us (8.58673 GFLOPS/s)
MUL_MAT_VEC q4_K m=6144 n=1 k=2048: 56 x 1311.85 us = 73463.6 us (19.1788 GFLOPS/s)
MUL_MAT_VEC q6_K m=248320 n=1 k=2048: 1 x 54941.5 us = 54941.5 us (18.5082 GFLOPS/s)
MUL_MAT_VEC q6_K m=512 n=1 k=2048: 2 x 868.06 us = 1736.12 us (2.41532 GFLOPS/s)
MUL_MAT_VEC q6_K m=6144 n=1 k=2048: 10 x 1570.8 us = 15708 us (16.0171 GFLOPS/s)
RMS_NORM_MUL RMS_NORM(128,16,1,1): 18 x 350.697 us = 6312.56 us
RMS_NORM_MUL RMS_NORM(2048,1,1,1): 49 x 389.874 us = 19103.8 us
RMS_NORM_MUL RMS_NORM(256,2,1,1): 6 x 474.113 us = 2844.68 us
RMS_NORM_MUL RMS_NORM(256,8,1,1): 6 x 491 us = 2946 us
ROPE: 12 x 471.643 us = 5659.72 us
SET_ROWS: 12 x 473.296 us = 5679.56 us
SIGMOID: 24 x 362.448 us = 8698.76 us
SILU: 18 x 329.877 us = 5937.8 us
SOFTPLUS: 18 x 323.117 us = 5816.12 us
SSM_CONV_SILU SSM_CONV: 18 x 278.011 us = 5004.2 us
Total time: 393436 us.
----------------
Vulkan Timings:
ADD: 36 x 252.446 us = 9088.08 us
CONCAT: 18 x 301.162 us = 5420.92 us
CONT: 6 x 476.32 us = 2857.92 us
CPY: 36 x 301.987 us = 10871.6 us
FLASH_ATTN_EXT dst(256,8,1,1),  q(256,1,8,1),  k(256,256,2,1),  v(256,256,2,1),  m(256,1,1,1): 6 x 572.986 us = 3437.92 us (3.66004 GFLOPS/s)
GATED_DELTA_NET: 18 x 384.186 us = 6915.36 us
GET_ROWS: 38 x 442.111 us = 16800.2 us
GLU: 24 x 321.943 us = 7726.64 us
L2_NORM: 36 x 262.121 us = 9436.36 us
MUL: 42 x 287.141 us = 12060 us
MUL_MAT f32 m=64 n=32 k=64: 6 x 692.293 us = 4153.76 us (0.375702 GFLOPS/s)
MUL_MAT_ADD MUL_MAT_VEC q4_K m=2048 n=1 k=2048: 6 x 831.593 us = 4989.56 us (10.0849 GFLOPS/s)
MUL_MAT_ADD MUL_MAT_VEC q4_K m=2048 n=1 k=6144: 12 x 1012.69 us = 12152.3 us (24.8484 GFLOPS/s)
MUL_MAT_ADD MUL_MAT_VEC q6_K m=2048 n=1 k=6144: 12 x 1837.52 us = 22050.2 us (13.6944 GFLOPS/s)
MUL_MAT_VEC f32 m=256 n=2 k=256: 6 x 474.526 us = 2847.16 us (0.551354 GFLOPS/s)
MUL_MAT_VEC f32 m=256 n=8 k=256: 6 x 690.226 us = 4141.36 us (1.51621 GFLOPS/s)
MUL_MAT_VEC f32 m=64 n=8 k=64: 6 x 468.813 us = 2812.88 us (0.138699 GFLOPS/s)
MUL_MAT_VEC q4_K m=16 n=1 k=2048: 36 x 330.726 us = 11906.2 us (0.198109 GFLOPS/s)
MUL_MAT_VEC q4_K m=2048 n=1 k=2048: 36 x 607.437 us = 21867.8 us (13.8065 GFLOPS/s)
MUL_MAT_VEC q4_K m=4096 n=1 k=2048: 6 x 953.806 us = 5722.84 us (17.5855 GFLOPS/s)
MUL_MAT_VEC q4_K m=512 n=1 k=2048: 10 x 242.556 us = 2425.56 us (8.64394 GFLOPS/s)
MUL_MAT_VEC q4_K m=6144 n=1 k=2048: 56 x 1309.52 us = 73332.8 us (19.213 GFLOPS/s)
MUL_MAT_VEC q6_K m=248320 n=1 k=2048: 1 x 54880.2 us = 54880.2 us (18.5289 GFLOPS/s)
MUL_MAT_VEC q6_K m=512 n=1 k=2048: 2 x 867.1 us = 1734.2 us (2.41799 GFLOPS/s)
MUL_MAT_VEC q6_K m=6144 n=1 k=2048: 10 x 1570.1 us = 15701 us (16.0243 GFLOPS/s)
RMS_NORM_MUL RMS_NORM(128,16,1,1): 18 x 349.231 us = 6286.16 us
RMS_NORM_MUL RMS_NORM(2048,1,1,1): 49 x 390.839 us = 19151.1 us
RMS_NORM_MUL RMS_NORM(256,2,1,1): 6 x 471.053 us = 2826.32 us
RMS_NORM_MUL RMS_NORM(256,8,1,1): 6 x 480.84 us = 2885.04 us
ROPE: 12 x 469.4 us = 5632.8 us
SET_ROWS: 12 x 472.81 us = 5673.72 us
SIGMOID: 24 x 361.966 us = 8687.2 us
SILU: 18 x 328.773 us = 5917.92 us
SOFTPLUS: 18 x 321.375 us = 5784.76 us
SSM_CONV_SILU SSM_CONV: 18 x 275.102 us = 4951.84 us
Total time: 393130 us.
----------------
Vulkan Timings:
ADD: 36 x 252.777 us = 9100 us
CONCAT: 18 x 299.097 us = 5383.76 us
CONT: 6 x 473.233 us = 2839.4 us
CPY: 36 x 301.194 us = 10843 us
FLASH_ATTN_EXT dst(256,8,1,1),  q(256,1,8,1),  k(256,256,2,1),  v(256,256,2,1),  m(256,1,1,1): 6 x 575.413 us = 3452.48 us (3.6446 GFLOPS/s)
GATED_DELTA_NET: 18 x 386.768 us = 6961.84 us
GET_ROWS: 38 x 442.07 us = 16798.7 us
GLU: 24 x 320.583 us = 7694 us
L2_NORM: 36 x 261.203 us = 9403.32 us
MUL: 42 x 287.185 us = 12061.8 us
MUL_MAT f32 m=64 n=32 k=64: 6 x 684.366 us = 4106.2 us (0.380054 GFLOPS/s)
MUL_MAT_ADD MUL_MAT_VEC q4_K m=2048 n=1 k=2048: 6 x 833.226 us = 4999.36 us (10.0652 GFLOPS/s)
MUL_MAT_ADD MUL_MAT_VEC q4_K m=2048 n=1 k=6144: 12 x 1015.55 us = 12186.6 us (24.7786 GFLOPS/s)
MUL_MAT_ADD MUL_MAT_VEC q6_K m=2048 n=1 k=6144: 12 x 1832.62 us = 21991.4 us (13.731 GFLOPS/s)
MUL_MAT_VEC f32 m=256 n=2 k=256: 6 x 473.386 us = 2840.32 us (0.552681 GFLOPS/s)
MUL_MAT_VEC f32 m=256 n=8 k=256: 6 x 693.84 us = 4163.04 us (1.50831 GFLOPS/s)
MUL_MAT_VEC f32 m=64 n=8 k=64: 6 x 474.113 us = 2844.68 us (0.137149 GFLOPS/s)
MUL_MAT_VEC q4_K m=16 n=1 k=2048: 36 x 326.204 us = 11743.4 us (0.200856 GFLOPS/s)
MUL_MAT_VEC q4_K m=2048 n=1 k=2048: 36 x 606.417 us = 21831 us (13.8297 GFLOPS/s)
MUL_MAT_VEC q4_K m=4096 n=1 k=2048: 6 x 952.606 us = 5715.64 us (17.6076 GFLOPS/s)
MUL_MAT_VEC q4_K m=512 n=1 k=2048: 10 x 242.908 us = 2429.08 us (8.63142 GFLOPS/s)
MUL_MAT_VEC q4_K m=6144 n=1 k=2048: 56 x 1311.31 us = 73433.4 us (19.1867 GFLOPS/s)
MUL_MAT_VEC q6_K m=248320 n=1 k=2048: 1 x 54943.6 us = 54943.6 us (18.5075 GFLOPS/s)
MUL_MAT_VEC q6_K m=512 n=1 k=2048: 2 x 865.82 us = 1731.64 us (2.42157 GFLOPS/s)
MUL_MAT_VEC q6_K m=6144 n=1 k=2048: 10 x 1571.98 us = 15719.8 us (16.0051 GFLOPS/s)
RMS_NORM_MUL RMS_NORM(128,16,1,1): 18 x 346.284 us = 6233.12 us
RMS_NORM_MUL RMS_NORM(2048,1,1,1): 49 x 390.614 us = 19140.1 us
RMS_NORM_MUL RMS_NORM(256,2,1,1): 6 x 476.28 us = 2857.68 us
RMS_NORM_MUL RMS_NORM(256,8,1,1): 6 x 478.706 us = 2872.24 us
ROPE: 12 x 472.286 us = 5667.44 us
SET_ROWS: 12 x 472.366 us = 5668.4 us
SIGMOID: 24 x 363.351 us = 8720.44 us
SILU: 18 x 326.824 us = 5882.84 us
SOFTPLUS: 18 x 321.357 us = 5784.44 us
SSM_CONV_SILU SSM_CONV: 18 x 278.917 us = 5020.52 us
Total time: 393065 us.
----------------
Vulkan Timings:
ADD: 36 x 252.7 us = 9097.2 us
CONCAT: 18 x 300.542 us = 5409.76 us
CONT: 6 x 478.433 us = 2870.6 us
CPY: 36 x 303.032 us = 10909.2 us
FLASH_ATTN_EXT dst(256,8,1,1),  q(256,1,8,1),  k(256,256,2,1),  v(256,256,2,1),  m(256,1,1,1): 6 x 575.12 us = 3450.72 us (3.64646 GFLOPS/s)
GATED_DELTA_NET: 18 x 385.92 us = 6946.56 us
GET_ROWS: 38 x 444.011 us = 16872.4 us
GLU: 24 x 322.556 us = 7741.36 us
L2_NORM: 36 x 261.057 us = 9398.08 us
MUL: 42 x 286.419 us = 12029.6 us
MUL_MAT f32 m=64 n=32 k=64: 6 x 689.613 us = 4137.68 us (0.377162 GFLOPS/s)
MUL_MAT_ADD MUL_MAT_VEC q4_K m=2048 n=1 k=2048: 6 x 835.593 us = 5013.56 us (10.0367 GFLOPS/s)
MUL_MAT_ADD MUL_MAT_VEC q4_K m=2048 n=1 k=6144: 12 x 1022.23 us = 12266.7 us (24.6166 GFLOPS/s)
MUL_MAT_ADD MUL_MAT_VEC q6_K m=2048 n=1 k=6144: 12 x 1843.05 us = 22116.6 us (13.6534 GFLOPS/s)
MUL_MAT_VEC f32 m=256 n=2 k=256: 6 x 470.96 us = 2825.76 us (0.555529 GFLOPS/s)
MUL_MAT_VEC f32 m=256 n=8 k=256: 6 x 696.233 us = 4177.4 us (1.50313 GFLOPS/s)
MUL_MAT_VEC f32 m=64 n=8 k=64: 6 x 481.386 us = 2888.32 us (0.135076 GFLOPS/s)
MUL_MAT_VEC q4_K m=16 n=1 k=2048: 36 x 325.872 us = 11731.4 us (0.20106 GFLOPS/s)
MUL_MAT_VEC q4_K m=2048 n=1 k=2048: 36 x 610.703 us = 21985.3 us (13.7326 GFLOPS/s)
MUL_MAT_VEC q4_K m=4096 n=1 k=2048: 6 x 959.433 us = 5756.6 us (17.4823 GFLOPS/s)
MUL_MAT_VEC q4_K m=512 n=1 k=2048: 10 x 243.084 us = 2430.84 us (8.62517 GFLOPS/s)
MUL_MAT_VEC q4_K m=6144 n=1 k=2048: 56 x 1321.11 us = 73982 us (19.0444 GFLOPS/s)
MUL_MAT_VEC q6_K m=248320 n=1 k=2048: 1 x 54913 us = 54913 us (18.5178 GFLOPS/s)
MUL_MAT_VEC q6_K m=512 n=1 k=2048: 2 x 866.7 us = 1733.4 us (2.41911 GFLOPS/s)
MUL_MAT_VEC q6_K m=6144 n=1 k=2048: 10 x 1581.94 us = 15819.4 us (15.9043 GFLOPS/s)
RMS_NORM_MUL RMS_NORM(128,16,1,1): 18 x 348.942 us = 6280.96 us
RMS_NORM_MUL RMS_NORM(2048,1,1,1): 49 x 394.991 us = 19354.6 us
RMS_NORM_MUL RMS_NORM(256,2,1,1): 6 x 470.52 us = 2823.12 us
RMS_NORM_MUL RMS_NORM(256,8,1,1): 6 x 476.433 us = 2858.6 us
ROPE: 12 x 471.246 us = 5654.96 us
SET_ROWS: 12 x 471.31 us = 5655.72 us
SIGMOID: 24 x 361.913 us = 8685.92 us
SILU: 18 x 328.58 us = 5914.44 us
SOFTPLUS: 18 x 322.513 us = 5805.24 us
SSM_CONV_SILU SSM_CONV: 18 x 277.395 us = 4993.12 us
Total time: 394530 us.
----------------
Vulkan Timings:
ADD: 36 x 255.853 us = 9210.72 us
CONCAT: 18 x 304.693 us = 5484.48 us
CONT: 6 x 476.033 us = 2856.2 us
CPY: 36 x 305.787 us = 11008.4 us
FLASH_ATTN_EXT dst(256,8,1,1),  q(256,1,8,1),  k(256,256,2,1),  v(256,256,2,1),  m(256,1,1,1): 6 x 593.853 us = 3563.12 us (3.53143 GFLOPS/s)
GATED_DELTA_NET: 18 x 394.744 us = 7105.4 us
GET_ROWS: 38 x 451.43 us = 17154.4 us
GLU: 24 x 322.905 us = 7749.72 us
L2_NORM: 36 x 264.546 us = 9523.68 us
MUL: 42 x 288.252 us = 12106.6 us
MUL_MAT f32 m=64 n=32 k=64: 6 x 689.426 us = 4136.56 us (0.377264 GFLOPS/s)
MUL_MAT_ADD MUL_MAT_VEC q4_K m=2048 n=1 k=2048: 6 x 860.513 us = 5163.08 us (9.746 GFLOPS/s)
MUL_MAT_ADD MUL_MAT_VEC q4_K m=2048 n=1 k=6144: 12 x 1079.41 us = 12952.9 us (23.3126 GFLOPS/s)
MUL_MAT_ADD MUL_MAT_VEC q6_K m=2048 n=1 k=6144: 12 x 1896.56 us = 22758.7 us (13.2681 GFLOPS/s)
MUL_MAT_VEC f32 m=256 n=2 k=256: 6 x 476.56 us = 2859.36 us (0.549001 GFLOPS/s)
MUL_MAT_VEC f32 m=256 n=8 k=256: 6 x 700.86 us = 4205.16 us (1.49321 GFLOPS/s)
MUL_MAT_VEC f32 m=64 n=8 k=64: 6 x 475.626 us = 2853.76 us (0.136712 GFLOPS/s)
MUL_MAT_VEC q4_K m=16 n=1 k=2048: 36 x 329.7 us = 11869.2 us (0.198726 GFLOPS/s)
MUL_MAT_VEC q4_K m=2048 n=1 k=2048: 36 x 631.957 us = 22750.5 us (13.2708 GFLOPS/s)
MUL_MAT_VEC q4_K m=4096 n=1 k=2048: 6 x 994.74 us = 5968.44 us (16.8618 GFLOPS/s)
MUL_MAT_VEC q4_K m=512 n=1 k=2048: 10 x 248.908 us = 2489.08 us (8.42335 GFLOPS/s)
MUL_MAT_VEC q4_K m=6144 n=1 k=2048: 56 x 1379.05 us = 77227 us (18.2442 GFLOPS/s)
MUL_MAT_VEC q6_K m=248320 n=1 k=2048: 1 x 54860.4 us = 54860.4 us (18.5356 GFLOPS/s)
MUL_MAT_VEC q6_K m=512 n=1 k=2048: 2 x 879.74 us = 1759.48 us (2.38325 GFLOPS/s)
MUL_MAT_VEC q6_K m=6144 n=1 k=2048: 10 x 1641.39 us = 16413.9 us (15.3283 GFLOPS/s)
RMS_NORM_MUL RMS_NORM(128,16,1,1): 18 x 351.491 us = 6326.84 us
RMS_NORM_MUL RMS_NORM(2048,1,1,1): 49 x 394.217 us = 19316.7 us
RMS_NORM_MUL RMS_NORM(256,2,1,1): 6 x 476.686 us = 2860.12 us
RMS_NORM_MUL RMS_NORM(256,8,1,1): 6 x 481.76 us = 2890.56 us
ROPE: 12 x 474.183 us = 5690.2 us
SET_ROWS: 12 x 478.836 us = 5746.04 us
SIGMOID: 24 x 367.035 us = 8808.84 us
SILU: 18 x 330.186 us = 5943.36 us
SOFTPLUS: 18 x 328.337 us = 5910.08 us
SSM_CONV_SILU SSM_CONV: 18 x 280.524 us = 5049.44 us
Total time: 402572 us.
----------------
Vulkan Timings:
ADD: 36 x 254.068 us = 9146.48 us
CONCAT: 18 x 299.451 us = 5390.12 us
CONT: 6 x 475.446 us = 2852.68 us
CPY: 36 x 303.442 us = 10923.9 us
FLASH_ATTN_EXT dst(256,8,1,1),  q(256,1,8,1),  k(256,256,2,1),  v(256,256,2,1),  m(256,1,1,1): 6 x 572.72 us = 3436.32 us (3.66174 GFLOPS/s)
GATED_DELTA_NET: 18 x 386.164 us = 6950.96 us
GET_ROWS: 38 x 443.012 us = 16834.5 us
GLU: 24 x 321.111 us = 7706.68 us
L2_NORM: 36 x 262.8 us = 9460.8 us
MUL: 42 x 294.297 us = 12360.5 us
MUL_MAT f32 m=64 n=32 k=64: 6 x 687.266 us = 4123.6 us (0.37845 GFLOPS/s)
MUL_MAT_ADD MUL_MAT_VEC q4_K m=2048 n=1 k=2048: 6 x 832.94 us = 4997.64 us (10.0686 GFLOPS/s)
MUL_MAT_ADD MUL_MAT_VEC q4_K m=2048 n=1 k=6144: 12 x 1012.88 us = 12154.5 us (24.8439 GFLOPS/s)
MUL_MAT_ADD MUL_MAT_VEC q6_K m=2048 n=1 k=6144: 12 x 1844.42 us = 22133 us (13.6432 GFLOPS/s)
MUL_MAT_VEC f32 m=256 n=2 k=256: 6 x 477.106 us = 2862.64 us (0.548372 GFLOPS/s)
MUL_MAT_VEC f32 m=256 n=8 k=256: 6 x 698.233 us = 4189.4 us (1.49882 GFLOPS/s)
MUL_MAT_VEC f32 m=64 n=8 k=64: 6 x 471.313 us = 2827.88 us (0.137963 GFLOPS/s)
MUL_MAT_VEC q4_K m=16 n=1 k=2048: 36 x 325.474 us = 11717.1 us (0.201306 GFLOPS/s)
MUL_MAT_VEC q4_K m=2048 n=1 k=2048: 36 x 607.188 us = 21858.8 us (13.8121 GFLOPS/s)
MUL_MAT_VEC q4_K m=4096 n=1 k=2048: 6 x 960.873 us = 5765.24 us (17.4561 GFLOPS/s)
MUL_MAT_VEC q4_K m=512 n=1 k=2048: 10 x 242.876 us = 2428.76 us (8.63255 GFLOPS/s)
MUL_MAT_VEC q4_K m=6144 n=1 k=2048: 56 x 1311.62 us = 73450.9 us (19.1821 GFLOPS/s)
MUL_MAT_VEC q6_K m=248320 n=1 k=2048: 1 x 54875.3 us = 54875.3 us (18.5306 GFLOPS/s)
MUL_MAT_VEC q6_K m=512 n=1 k=2048: 2 x 864.86 us = 1729.72 us (2.42425 GFLOPS/s)
MUL_MAT_VEC q6_K m=6144 n=1 k=2048: 10 x 1567.24 us = 15672.4 us (16.0535 GFLOPS/s)
RMS_NORM_MUL RMS_NORM(128,16,1,1): 18 x 347.568 us = 6256.24 us
RMS_NORM_MUL RMS_NORM(2048,1,1,1): 49 x 389.808 us = 19100.6 us
RMS_NORM_MUL RMS_NORM(256,2,1,1): 6 x 472.58 us = 2835.48 us
RMS_NORM_MUL RMS_NORM(256,8,1,1): 6 x 483.146 us = 2898.88 us
ROPE: 12 x 474.713 us = 5696.56 us
SET_ROWS: 12 x 477.3 us = 5727.6 us
SIGMOID: 24 x 363.616 us = 8726.8 us
SILU: 18 x 327.117 us = 5888.12 us
SOFTPLUS: 18 x 322.44 us = 5803.92 us
SSM_CONV_SILU SSM_CONV: 18 x 276.4 us = 4975.2 us
Total time: 393759 us.
----------------
Vulkan Timings:
ADD: 36 x 256.036 us = 9217.32 us
CONCAT: 18 x 299.322 us = 5387.8 us
CONT: 6 x 475.973 us = 2855.84 us
CPY: 36 x 303.09 us = 10911.2 us
FLASH_ATTN_EXT dst(256,8,1,1),  q(256,1,8,1),  k(256,256,2,1),  v(256,256,2,1),  m(256,1,1,1): 6 x 575.113 us = 3450.68 us (3.6465 GFLOPS/s)
GATED_DELTA_NET: 18 x 386.155 us = 6950.8 us
GET_ROWS: 38 x 443.911 us = 16868.6 us
GLU: 24 x 321.505 us = 7716.12 us
L2_NORM: 36 x 262.368 us = 9445.28 us
MUL: 42 x 285.809 us = 12004 us
MUL_MAT f32 m=64 n=32 k=64: 6 x 684.74 us = 4108.44 us (0.379846 GFLOPS/s)
MUL_MAT_ADD MUL_MAT_VEC q4_K m=2048 n=1 k=2048: 6 x 832.593 us = 4995.56 us (10.0728 GFLOPS/s)
MUL_MAT_ADD MUL_MAT_VEC q4_K m=2048 n=1 k=6144: 12 x 1020.32 us = 12243.8 us (24.6627 GFLOPS/s)
MUL_MAT_ADD MUL_MAT_VEC q6_K m=2048 n=1 k=6144: 12 x 1840.42 us = 22085 us (13.6728 GFLOPS/s)
MUL_MAT_VEC f32 m=256 n=2 k=256: 6 x 474.986 us = 2849.92 us (0.55082 GFLOPS/s)
MUL_MAT_VEC f32 m=256 n=8 k=256: 6 x 691.72 us = 4150.32 us (1.51294 GFLOPS/s)
MUL_MAT_VEC f32 m=64 n=8 k=64: 6 x 472.54 us = 2835.24 us (0.137605 GFLOPS/s)
MUL_MAT_VEC q4_K m=16 n=1 k=2048: 36 x 326.844 us = 11766.4 us (0.200462 GFLOPS/s)
MUL_MAT_VEC q4_K m=2048 n=1 k=2048: 36 x 607.665 us = 21876 us (13.8013 GFLOPS/s)
MUL_MAT_VEC q4_K m=4096 n=1 k=2048: 6 x 959.486 us = 5756.92 us (17.4813 GFLOPS/s)
MUL_MAT_VEC q4_K m=512 n=1 k=2048: 10 x 244.22 us = 2442.2 us (8.58505 GFLOPS/s)
MUL_MAT_VEC q4_K m=6144 n=1 k=2048: 56 x 1315.24 us = 73653.5 us (19.1293 GFLOPS/s)
MUL_MAT_VEC q6_K m=248320 n=1 k=2048: 1 x 54875.1 us = 54875.1 us (18.5306 GFLOPS/s)
MUL_MAT_VEC q6_K m=512 n=1 k=2048: 2 x 870.3 us = 1740.6 us (2.4091 GFLOPS/s)
MUL_MAT_VEC q6_K m=6144 n=1 k=2048: 10 x 1572.38 us = 15723.8 us (16.001 GFLOPS/s)
RMS_NORM_MUL RMS_NORM(128,16,1,1): 18 x 346.451 us = 6236.12 us
RMS_NORM_MUL RMS_NORM(2048,1,1,1): 49 x 392.263 us = 19220.9 us
RMS_NORM_MUL RMS_NORM(256,2,1,1): 6 x 475.266 us = 2851.6 us
RMS_NORM_MUL RMS_NORM(256,8,1,1): 6 x 481.48 us = 2888.88 us
ROPE: 12 x 471.916 us = 5663 us
SET_ROWS: 12 x 474.48 us = 5693.76 us
SIGMOID: 24 x 362.91 us = 8709.84 us
SILU: 18 x 327.302 us = 5891.44 us
SOFTPLUS: 18 x 323.026 us = 5814.48 us
SSM_CONV_SILU SSM_CONV: 18 x 277.928 us = 5002.72 us
Total time: 393883 us.
----------------
Vulkan Timings:
ADD: 36 x 252.698 us = 9097.16 us
CONCAT: 18 x 299.335 us = 5388.04 us
CONT: 6 x 476.213 us = 2857.28 us
CPY: 36 x 302.587 us = 10893.2 us
FLASH_ATTN_EXT dst(256,8,1,1),  q(256,1,8,1),  k(256,256,2,1),  v(256,256,2,1),  m(256,1,1,1): 6 x 577.806 us = 3466.84 us (3.6295 GFLOPS/s)
GATED_DELTA_NET: 18 x 385.644 us = 6941.6 us
GET_ROWS: 38 x 442.186 us = 16803.1 us
GLU: 24 x 320.17 us = 7684.08 us
L2_NORM: 36 x 260.457 us = 9376.48 us
MUL: 42 x 286.028 us = 12013.2 us
MUL_MAT f32 m=64 n=32 k=64: 6 x 689.166 us = 4135 us (0.377407 GFLOPS/s)
MUL_MAT_ADD MUL_MAT_VEC q4_K m=2048 n=1 k=2048: 6 x 835.3 us = 5011.8 us (10.0402 GFLOPS/s)
MUL_MAT_ADD MUL_MAT_VEC q4_K m=2048 n=1 k=6144: 12 x 1019.01 us = 12228.1 us (24.6944 GFLOPS/s)
MUL_MAT_ADD MUL_MAT_VEC q6_K m=2048 n=1 k=6144: 12 x 1843.61 us = 22123.4 us (13.6492 GFLOPS/s)
MUL_MAT_VEC f32 m=256 n=2 k=256: 6 x 472.253 us = 2833.52 us (0.554008 GFLOPS/s)
MUL_MAT_VEC f32 m=256 n=8 k=256: 6 x 695.606 us = 4173.64 us (1.50448 GFLOPS/s)
MUL_MAT_VEC f32 m=64 n=8 k=64: 6 x 468.066 us = 2808.4 us (0.13892 GFLOPS/s)
MUL_MAT_VEC q4_K m=16 n=1 k=2048: 36 x 326.42 us = 11751.1 us (0.200723 GFLOPS/s)
MUL_MAT_VEC q4_K m=2048 n=1 k=2048: 36 x 609.036 us = 21925.3 us (13.7702 GFLOPS/s)
MUL_MAT_VEC q4_K m=4096 n=1 k=2048: 6 x 960.58 us = 5763.48 us (17.4615 GFLOPS/s)
MUL_MAT_VEC q4_K m=512 n=1 k=2048: 10 x 244.508 us = 2445.08 us (8.57493 GFLOPS/s)
MUL_MAT_VEC q4_K m=6144 n=1 k=2048: 56 x 1319.26 us = 73878.5 us (19.0711 GFLOPS/s)
MUL_MAT_VEC q6_K m=248320 n=1 k=2048: 1 x 54910.6 us = 54910.6 us (18.5186 GFLOPS/s)
MUL_MAT_VEC q6_K m=512 n=1 k=2048: 2 x 868.24 us = 1736.48 us (2.41482 GFLOPS/s)
MUL_MAT_VEC q6_K m=6144 n=1 k=2048: 10 x 1577.74 us = 15777.4 us (15.9467 GFLOPS/s)
RMS_NORM_MUL RMS_NORM(128,16,1,1): 18 x 348.504 us = 6273.08 us
RMS_NORM_MUL RMS_NORM(2048,1,1,1): 49 x 390.1 us = 19114.9 us
RMS_NORM_MUL RMS_NORM(256,2,1,1): 6 x 469.42 us = 2816.52 us
RMS_NORM_MUL RMS_NORM(256,8,1,1): 6 x 478.14 us = 2868.84 us
ROPE: 12 x 471.076 us = 5652.92 us
SET_ROWS: 12 x 472.803 us = 5673.64 us
SIGMOID: 24 x 361.491 us = 8675.8 us
SILU: 18 x 327.8 us = 5900.4 us
SOFTPLUS: 18 x 321.408 us = 5785.36 us
SSM_CONV_SILU SSM_CONV: 18 x 280.195 us = 5043.52 us
Total time: 393828 us.
----------------
Vulkan Timings:
ADD: 36 x 252.997 us = 9107.92 us
CONCAT: 18 x 299.095 us = 5383.72 us
CONT: 6 x 476.166 us = 2857 us
CPY: 36 x 301.904 us = 10868.6 us
FLASH_ATTN_EXT dst(256,8,1,1),  q(256,1,8,1),  k(256,256,2,1),  v(256,256,2,1),  m(256,1,1,1): 6 x 577.46 us = 3464.76 us (3.63168 GFLOPS/s)
GATED_DELTA_NET: 18 x 384.691 us = 6924.44 us
GET_ROWS: 38 x 443.069 us = 16836.6 us
GLU: 24 x 320.685 us = 7696.44 us
L2_NORM: 36 x 261.142 us = 9401.12 us
MUL: 42 x 287.199 us = 12062.4 us
MUL_MAT f32 m=64 n=32 k=64: 6 x 698.493 us = 4190.96 us (0.372367 GFLOPS/s)
MUL_MAT_ADD MUL_MAT_VEC q4_K m=2048 n=1 k=2048: 6 x 834.473 us = 5006.84 us (10.0501 GFLOPS/s)
MUL_MAT_ADD MUL_MAT_VEC q4_K m=2048 n=1 k=6144: 12 x 1012.92 us = 12155.1 us (24.8427 GFLOPS/s)
MUL_MAT_ADD MUL_MAT_VEC q6_K m=2048 n=1 k=6144: 12 x 1832.08 us = 21985 us (13.7351 GFLOPS/s)
MUL_MAT_VEC f32 m=256 n=2 k=256: 6 x 472.886 us = 2837.32 us (0.553266 GFLOPS/s)
MUL_MAT_VEC f32 m=256 n=8 k=256: 6 x 691.906 us = 4151.44 us (1.51253 GFLOPS/s)
MUL_MAT_VEC f32 m=64 n=8 k=64: 6 x 466.76 us = 2800.56 us (0.139309 GFLOPS/s)
MUL_MAT_VEC q4_K m=16 n=1 k=2048: 36 x 328.69 us = 11832.8 us (0.199337 GFLOPS/s)
MUL_MAT_VEC q4_K m=2048 n=1 k=2048: 36 x 607.853 us = 21882.7 us (13.797 GFLOPS/s)
MUL_MAT_VEC q4_K m=4096 n=1 k=2048: 6 x 953.46 us = 5720.76 us (17.5918 GFLOPS/s)
MUL_MAT_VEC q4_K m=512 n=1 k=2048: 10 x 242.428 us = 2424.28 us (8.64851 GFLOPS/s)
MUL_MAT_VEC q4_K m=6144 n=1 k=2048: 56 x 1311.4 us = 73438.2 us (19.1854 GFLOPS/s)
MUL_MAT_VEC q6_K m=248320 n=1 k=2048: 1 x 54850.8 us = 54850.8 us (18.5388 GFLOPS/s)
MUL_MAT_VEC q6_K m=512 n=1 k=2048: 2 x 862.62 us = 1725.24 us (2.43055 GFLOPS/s)
MUL_MAT_VEC q6_K m=6144 n=1 k=2048: 10 x 1570.46 us = 15704.6 us (16.0206 GFLOPS/s)
RMS_NORM_MUL RMS_NORM(128,16,1,1): 18 x 348.395 us = 6271.12 us
RMS_NORM_MUL RMS_NORM(2048,1,1,1): 49 x 390.827 us = 19150.6 us
RMS_NORM_MUL RMS_NORM(256,2,1,1): 6 x 474.8 us = 2848.8 us
RMS_NORM_MUL RMS_NORM(256,8,1,1): 6 x 481.693 us = 2890.16 us
ROPE: 12 x 468.49 us = 5621.88 us
SET_ROWS: 12 x 470.793 us = 5649.52 us
SIGMOID: 24 x 362.331 us = 8695.96 us
SILU: 18 x 327.444 us = 5894 us
SOFTPLUS: 18 x 321.866 us = 5793.6 us
SSM_CONV_SILU SSM_CONV: 18 x 276.044 us = 4968.8 us
Total time: 393094 us.
----------------
Vulkan Timings:
ADD: 36 x 253.211 us = 9115.6 us
CONCAT: 18 x 299.426 us = 5389.68 us
CONT: 6 x 475.206 us = 2851.24 us
CPY: 36 x 302.272 us = 10881.8 us
FLASH_ATTN_EXT dst(256,8,1,1),  q(256,1,8,1),  k(256,256,2,1),  v(256,256,2,1),  m(256,1,1,1): 6 x 571.066 us = 3426.4 us (3.67234 GFLOPS/s)
GATED_DELTA_NET: 18 x 387.16 us = 6968.88 us
GET_ROWS: 38 x 441.64 us = 16782.3 us
GLU: 24 x 320.375 us = 7689 us
L2_NORM: 36 x 261.184 us = 9402.64 us
MUL: 42 x 286.726 us = 12042.5 us
MUL_MAT f32 m=64 n=32 k=64: 6 x 688.993 us = 4133.96 us (0.377501 GFLOPS/s)
MUL_MAT_ADD MUL_MAT_VEC q4_K m=2048 n=1 k=2048: 6 x 835.673 us = 5014.04 us (10.0357 GFLOPS/s)
MUL_MAT_ADD MUL_MAT_VEC q4_K m=2048 n=1 k=6144: 12 x 1012.58 us = 12151 us (24.8511 GFLOPS/s)
MUL_MAT_ADD MUL_MAT_VEC q6_K m=2048 n=1 k=6144: 12 x 1837.78 us = 22053.4 us (13.6925 GFLOPS/s)
MUL_MAT_VEC f32 m=256 n=2 k=256: 6 x 473.94 us = 2843.64 us (0.552036 GFLOPS/s)
MUL_MAT_VEC f32 m=256 n=8 k=256: 6 x 713.04 us = 4278.24 us (1.4677 GFLOPS/s)
MUL_MAT_VEC f32 m=64 n=8 k=64: 6 x 466.873 us = 2801.24 us (0.139275 GFLOPS/s)
MUL_MAT_VEC q4_K m=16 n=1 k=2048: 36 x 327.146 us = 11777.3 us (0.200277 GFLOPS/s)
MUL_MAT_VEC q4_K m=2048 n=1 k=2048: 36 x 606.87 us = 21847.3 us (13.8194 GFLOPS/s)
MUL_MAT_VEC q4_K m=4096 n=1 k=2048: 6 x 951.433 us = 5708.6 us (17.6293 GFLOPS/s)
MUL_MAT_VEC q4_K m=512 n=1 k=2048: 10 x 243.504 us = 2435.04 us (8.61029 GFLOPS/s)
MUL_MAT_VEC q4_K m=6144 n=1 k=2048: 56 x 1311.14 us = 73423.9 us (19.1891 GFLOPS/s)
MUL_MAT_VEC q6_K m=248320 n=1 k=2048: 1 x 54882.5 us = 54882.5 us (18.5281 GFLOPS/s)
MUL_MAT_VEC q6_K m=512 n=1 k=2048: 2 x 865.02 us = 1730.04 us (2.42381 GFLOPS/s)
MUL_MAT_VEC q6_K m=6144 n=1 k=2048: 10 x 1570.61 us = 15706.1 us (16.0191 GFLOPS/s)
RMS_NORM_MUL RMS_NORM(128,16,1,1): 18 x 347.72 us = 6258.96 us
RMS_NORM_MUL RMS_NORM(2048,1,1,1): 49 x 389.946 us = 19107.4 us
RMS_NORM_MUL RMS_NORM(256,2,1,1): 6 x 479.766 us = 2878.6 us
RMS_NORM_MUL RMS_NORM(256,8,1,1): 6 x 479.72 us = 2878.32 us
ROPE: 12 x 470.096 us = 5641.16 us
SET_ROWS: 12 x 480.586 us = 5767.04 us
SIGMOID: 24 x 363.021 us = 8712.52 us
SILU: 18 x 327.568 us = 5896.24 us
SOFTPLUS: 18 x 321.497 us = 5786.96 us
SSM_CONV_SILU SSM_CONV: 18 x 275.982 us = 4967.68 us
Total time: 393231 us.
----------------
Vulkan Timings:
ADD: 36 x 254.527 us = 9163 us
CONCAT: 18 x 302.002 us = 5436.04 us
CONT: 6 x 473.386 us = 2840.32 us
CPY: 36 x 302.743 us = 10898.8 us
FLASH_ATTN_EXT dst(256,8,1,1),  q(256,1,8,1),  k(256,256,2,1),  v(256,256,2,1),  m(256,1,1,1): 6 x 569.473 us = 3416.84 us (3.68262 GFLOPS/s)
GATED_DELTA_NET: 18 x 384.92 us = 6928.56 us
GET_ROWS: 38 x 445.049 us = 16911.9 us
GLU: 24 x 320.908 us = 7701.8 us
L2_NORM: 36 x 261.866 us = 9427.2 us
MUL: 42 x 285.964 us = 12010.5 us
MUL_MAT f32 m=64 n=32 k=64: 6 x 724.833 us = 4349 us (0.358836 GFLOPS/s)
MUL_MAT_ADD MUL_MAT_VEC q4_K m=2048 n=1 k=2048: 6 x 833.066 us = 4998.4 us (10.0671 GFLOPS/s)
MUL_MAT_ADD MUL_MAT_VEC q4_K m=2048 n=1 k=6144: 12 x 1015.9 us = 12190.8 us (24.7699 GFLOPS/s)
MUL_MAT_ADD MUL_MAT_VEC q6_K m=2048 n=1 k=6144: 12 x 1836.55 us = 22038.6 us (13.7017 GFLOPS/s)
MUL_MAT_VEC f32 m=256 n=2 k=256: 6 x 470.68 us = 2824.08 us (0.55586 GFLOPS/s)
MUL_MAT_VEC f32 m=256 n=8 k=256: 6 x 692.26 us = 4153.56 us (1.51176 GFLOPS/s)
MUL_MAT_VEC f32 m=64 n=8 k=64: 6 x 474.153 us = 2844.92 us (0.137137 GFLOPS/s)
MUL_MAT_VEC q4_K m=16 n=1 k=2048: 36 x 327.542 us = 11791.5 us (0.200035 GFLOPS/s)
MUL_MAT_VEC q4_K m=2048 n=1 k=2048: 36 x 607.177 us = 21858.4 us (13.8124 GFLOPS/s)
MUL_MAT_VEC q4_K m=4096 n=1 k=2048: 6 x 957.513 us = 5745.08 us (17.5174 GFLOPS/s)
MUL_MAT_VEC q4_K m=512 n=1 k=2048: 10 x 244.332 us = 2443.32 us (8.58111 GFLOPS/s)
MUL_MAT_VEC q4_K m=6144 n=1 k=2048: 56 x 1316.37 us = 73716.4 us (19.113 GFLOPS/s)
MUL_MAT_VEC q6_K m=248320 n=1 k=2048: 1 x 54920.8 us = 54920.8 us (18.5152 GFLOPS/s)
MUL_MAT_VEC q6_K m=512 n=1 k=2048: 2 x 870.94 us = 1741.88 us (2.40733 GFLOPS/s)
MUL_MAT_VEC q6_K m=6144 n=1 k=2048: 10 x 1572.76 us = 15727.6 us (15.9972 GFLOPS/s)
RMS_NORM_MUL RMS_NORM(128,16,1,1): 18 x 348.068 us = 6265.24 us
RMS_NORM_MUL RMS_NORM(2048,1,1,1): 49 x 391.687 us = 19192.7 us
RMS_NORM_MUL RMS_NORM(256,2,1,1): 6 x 473.446 us = 2840.68 us
RMS_NORM_MUL RMS_NORM(256,8,1,1): 6 x 480.233 us = 2881.4 us
ROPE: 12 x 471.406 us = 5656.88 us
SET_ROWS: 12 x 480.77 us = 5769.24 us
SIGMOID: 24 x 363.411 us = 8721.88 us
SILU: 18 x 329.322 us = 5927.8 us
SOFTPLUS: 18 x 322.857 us = 5811.44 us
SSM_CONV_SILU SSM_CONV: 18 x 277.173 us = 4989.12 us
Total time: 394136 us.
----------------
Vulkan Timings:
ADD: 36 x 254.321 us = 9155.56 us
CONCAT: 18 x 298.926 us = 5380.68 us
CONT: 6 x 1716.8 us = 10300.8 us
CPY: 36 x 316.188 us = 11382.8 us
FLASH_ATTN_EXT dst(256,8,1,1),  q(256,1,8,1),  k(256,256,2,1),  v(256,256,2,1),  m(256,1,1,1): 6 x 939.793 us = 5638.76 us (2.2315 GFLOPS/s)
GATED_DELTA_NET: 18 x 410.135 us = 7382.44 us
GET_ROWS: 38 x 441.926 us = 16793.2 us
GLU: 24 x 320.421 us = 7690.12 us
L2_NORM: 36 x 262.107 us = 9435.88 us
MUL: 42 x 287.541 us = 12076.8 us
MUL_MAT f32 m=64 n=32 k=64: 6 x 697.086 us = 4182.52 us (0.373119 GFLOPS/s)
MUL_MAT_ADD MUL_MAT_VEC q4_K m=2048 n=1 k=2048: 6 x 837.486 us = 5024.92 us (10.014 GFLOPS/s)
MUL_MAT_ADD MUL_MAT_VEC q4_K m=2048 n=1 k=6144: 12 x 1023.02 us = 12276.2 us (24.5975 GFLOPS/s)
MUL_MAT_ADD MUL_MAT_VEC q6_K m=2048 n=1 k=6144: 12 x 1842.3 us = 22107.6 us (13.6589 GFLOPS/s)
MUL_MAT_VEC f32 m=256 n=2 k=256: 6 x 475.62 us = 2853.72 us (0.550086 GFLOPS/s)
MUL_MAT_VEC f32 m=256 n=8 k=256: 6 x 1476.22 us = 8857.32 us (0.708924 GFLOPS/s)
MUL_MAT_VEC f32 m=64 n=8 k=64: 6 x 474.946 us = 2849.68 us (0.136908 GFLOPS/s)
MUL_MAT_VEC q4_K m=16 n=1 k=2048: 36 x 327.505 us = 11790.2 us (0.200058 GFLOPS/s)
MUL_MAT_VEC q4_K m=2048 n=1 k=2048: 36 x 609.721 us = 21950 us (13.7547 GFLOPS/s)
MUL_MAT_VEC q4_K m=4096 n=1 k=2048: 6 x 960.526 us = 5763.16 us (17.4624 GFLOPS/s)
MUL_MAT_VEC q4_K m=512 n=1 k=2048: 10 x 243.836 us = 2438.36 us (8.59857 GFLOPS/s)
MUL_MAT_VEC q4_K m=6144 n=1 k=2048: 56 x 1322.51 us = 74060.8 us (19.0241 GFLOPS/s)
MUL_MAT_VEC q6_K m=248320 n=1 k=2048: 1 x 54843.5 us = 54843.5 us (18.5413 GFLOPS/s)
MUL_MAT_VEC q6_K m=512 n=1 k=2048: 2 x 862.3 us = 1724.6 us (2.43145 GFLOPS/s)
MUL_MAT_VEC q6_K m=6144 n=1 k=2048: 10 x 1573.47 us = 15734.7 us (15.9899 GFLOPS/s)
RMS_NORM_MUL RMS_NORM(128,16,1,1): 18 x 348.728 us = 6277.12 us
RMS_NORM_MUL RMS_NORM(2048,1,1,1): 49 x 396.335 us = 19420.4 us
RMS_NORM_MUL RMS_NORM(256,2,1,1): 6 x 473.72 us = 2842.32 us
RMS_NORM_MUL RMS_NORM(256,8,1,1): 6 x 477.726 us = 2866.36 us
ROPE: 12 x 649.53 us = 7794.36 us
SET_ROWS: 12 x 494.576 us = 5934.92 us
SIGMOID: 24 x 363.316 us = 8719.6 us
SILU: 18 x 329.284 us = 5927.12 us
SOFTPLUS: 18 x 323.117 us = 5816.12 us
SSM_CONV_SILU SSM_CONV: 18 x 280.48 us = 5048.64 us
Total time: 412341 us.
----------------
Vulkan Timings:
ADD: 36 x 293.572 us = 10568.6 us
CONCAT: 18 x 307.342 us = 5532.16 us
CONT: 6 x 474.086 us = 2844.52 us
CPY: 36 x 535.862 us = 19291 us
FLASH_ATTN_EXT dst(256,8,1,1),  q(256,1,8,1),  k(256,256,2,1),  v(256,256,2,1),  m(256,1,1,1): 6 x 573.446 us = 3440.68 us (3.6571 GFLOPS/s)
GATED_DELTA_NET: 18 x 393.66 us = 7085.88 us
GET_ROWS: 38 x 621.704 us = 23624.8 us
GLU: 24 x 392.991 us = 9431.8 us
L2_NORM: 36 x 290.555 us = 10460 us
MUL: 42 x 290.435 us = 12198.3 us
MUL_MAT f32 m=64 n=32 k=64: 6 x 687.326 us = 4123.96 us (0.378417 GFLOPS/s)
MUL_MAT_ADD MUL_MAT_VEC q4_K m=2048 n=1 k=2048: 6 x 839.06 us = 5034.36 us (9.99519 GFLOPS/s)
MUL_MAT_ADD MUL_MAT_VEC q4_K m=2048 n=1 k=6144: 12 x 1055.7 us = 12668.4 us (23.8362 GFLOPS/s)
MUL_MAT_ADD MUL_MAT_VEC q6_K m=2048 n=1 k=6144: 12 x 1884.27 us = 22611.2 us (13.3547 GFLOPS/s)
MUL_MAT_VEC f32 m=256 n=2 k=256: 6 x 476.5 us = 2859 us (0.54907 GFLOPS/s)
MUL_MAT_VEC f32 m=256 n=8 k=256: 6 x 704.133 us = 4224.8 us (1.48626 GFLOPS/s)
MUL_MAT_VEC f32 m=64 n=8 k=64: 6 x 471.506 us = 2829.04 us (0.137907 GFLOPS/s)
MUL_MAT_VEC q4_K m=16 n=1 k=2048: 36 x 329.372 us = 11857.4 us (0.198924 GFLOPS/s)
MUL_MAT_VEC q4_K m=2048 n=1 k=2048: 36 x 619.594 us = 22305.4 us (13.5356 GFLOPS/s)
MUL_MAT_VEC q4_K m=4096 n=1 k=2048: 6 x 963.593 us = 5781.56 us (17.4068 GFLOPS/s)
MUL_MAT_VEC q4_K m=512 n=1 k=2048: 10 x 262.908 us = 2629.08 us (7.9748 GFLOPS/s)
MUL_MAT_VEC q4_K m=6144 n=1 k=2048: 56 x 1345.36 us = 75340.1 us (18.7011 GFLOPS/s)
MUL_MAT_VEC q6_K m=248320 n=1 k=2048: 1 x 54931.8 us = 54931.8 us (18.5115 GFLOPS/s)
MUL_MAT_VEC q6_K m=512 n=1 k=2048: 2 x 868.94 us = 1737.88 us (2.41287 GFLOPS/s)
MUL_MAT_VEC q6_K m=6144 n=1 k=2048: 10 x 1589.39 us = 15893.9 us (15.8298 GFLOPS/s)
RMS_NORM_MUL RMS_NORM(128,16,1,1): 18 x 353.251 us = 6358.52 us
RMS_NORM_MUL RMS_NORM(2048,1,1,1): 49 x 430.859 us = 21112.1 us
RMS_NORM_MUL RMS_NORM(256,2,1,1): 6 x 471.96 us = 2831.76 us
RMS_NORM_MUL RMS_NORM(256,8,1,1): 6 x 481.493 us = 2888.96 us
ROPE: 12 x 474.52 us = 5694.24 us
SET_ROWS: 12 x 479.463 us = 5753.56 us
SIGMOID: 24 x 408.513 us = 9804.32 us
SILU: 18 x 402.717 us = 7248.92 us
SOFTPLUS: 18 x 360.662 us = 6491.92 us
SSM_CONV_SILU SSM_CONV: 18 x 290.5 us = 5229 us
Total time: 422719 us.
----------------
Vulkan Timings:
ADD: 36 x 252.898 us = 9104.36 us
CONCAT: 18 x 299.762 us = 5395.72 us
CONT: 6 x 477.42 us = 2864.52 us
CPY: 36 x 303.765 us = 10935.6 us
FLASH_ATTN_EXT dst(256,8,1,1),  q(256,1,8,1),  k(256,256,2,1),  v(256,256,2,1),  m(256,1,1,1): 6 x 579.02 us = 3474.12 us (3.6219 GFLOPS/s)
GATED_DELTA_NET: 18 x 386.048 us = 6948.88 us
GET_ROWS: 38 x 441.088 us = 16761.4 us
GLU: 24 x 323.055 us = 7753.32 us
L2_NORM: 36 x 261.164 us = 9401.92 us
MUL: 42 x 289.34 us = 12152.3 us
MUL_MAT f32 m=64 n=32 k=64: 6 x 711.886 us = 4271.32 us (0.365362 GFLOPS/s)
MUL_MAT_ADD MUL_MAT_VEC q4_K m=2048 n=1 k=2048: 6 x 831.093 us = 4986.56 us (10.091 GFLOPS/s)
MUL_MAT_ADD MUL_MAT_VEC q4_K m=2048 n=1 k=6144: 12 x 1008.19 us = 12098.2 us (24.9594 GFLOPS/s)
MUL_MAT_ADD MUL_MAT_VEC q6_K m=2048 n=1 k=6144: 12 x 1829.21 us = 21950.5 us (13.7566 GFLOPS/s)
MUL_MAT_VEC f32 m=256 n=2 k=256: 6 x 475.46 us = 2852.76 us (0.550271 GFLOPS/s)
MUL_MAT_VEC f32 m=256 n=8 k=256: 6 x 690.386 us = 4142.32 us (1.51586 GFLOPS/s)
MUL_MAT_VEC f32 m=64 n=8 k=64: 6 x 467.273 us = 2803.64 us (0.139156 GFLOPS/s)
MUL_MAT_VEC q4_K m=16 n=1 k=2048: 36 x 327.246 us = 11780.9 us (0.200216 GFLOPS/s)
MUL_MAT_VEC q4_K m=2048 n=1 k=2048: 36 x 605.248 us = 21789 us (13.8564 GFLOPS/s)
MUL_MAT_VEC q4_K m=4096 n=1 k=2048: 6 x 953.006 us = 5718.04 us (17.6002 GFLOPS/s)
MUL_MAT_VEC q4_K m=512 n=1 k=2048: 10 x 242.668 us = 2426.68 us (8.63995 GFLOPS/s)
MUL_MAT_VEC q4_K m=6144 n=1 k=2048: 56 x 1305.26 us = 73094.6 us (19.2756 GFLOPS/s)
MUL_MAT_VEC q6_K m=248320 n=1 k=2048: 1 x 54880.6 us = 54880.6 us (18.5288 GFLOPS/s)
MUL_MAT_VEC q6_K m=512 n=1 k=2048: 2 x 867.58 us = 1735.16 us (2.41665 GFLOPS/s)
MUL_MAT_VEC q6_K m=6144 n=1 k=2048: 10 x 1567.73 us = 15677.3 us (16.0485 GFLOPS/s)
RMS_NORM_MUL RMS_NORM(128,16,1,1): 18 x 348.646 us = 6275.64 us
RMS_NORM_MUL RMS_NORM(2048,1,1,1): 49 x 390.671 us = 19142.9 us
RMS_NORM_MUL RMS_NORM(256,2,1,1): 6 x 469.986 us = 2819.92 us
RMS_NORM_MUL RMS_NORM(256,8,1,1): 6 x 477.2 us = 2863.2 us
ROPE: 12 x 472.04 us = 5664.48 us
SET_ROWS: 12 x 469.153 us = 5629.84 us
SIGMOID: 24 x 361.856 us = 8684.56 us
SILU: 18 x 328.693 us = 5916.48 us
SOFTPLUS: 18 x 321.053 us = 5778.96 us
SSM_CONV_SILU SSM_CONV: 18 x 275.771 us = 4963.88 us
Total time: 392739 us.
----------------
Vulkan Timings:
ADD: 36 x 254.832 us = 9173.96 us
CONCAT: 18 x 301.913 us = 5434.44 us
CONT: 6 x 472.7 us = 2836.2 us
CPY: 36 x 303.474 us = 10925.1 us
FLASH_ATTN_EXT dst(256,8,1,1),  q(256,1,8,1),  k(256,256,2,1),  v(256,256,2,1),  m(256,1,1,1): 6 x 568.846 us = 3413.08 us (3.68667 GFLOPS/s)
GATED_DELTA_NET: 18 x 383.788 us = 6908.2 us
GET_ROWS: 38 x 441.152 us = 16763.8 us
GLU: 24 x 320.1 us = 7682.4 us
L2_NORM: 36 x 263.111 us = 9472 us
MUL: 42 x 286.571 us = 12036 us
MUL_MAT f32 m=64 n=32 k=64: 6 x 685.72 us = 4114.32 us (0.379304 GFLOPS/s)
MUL_MAT_ADD MUL_MAT_VEC q4_K m=2048 n=1 k=2048: 6 x 829.1 us = 4974.6 us (10.1153 GFLOPS/s)
MUL_MAT_ADD MUL_MAT_VEC q4_K m=2048 n=1 k=6144: 12 x 1009.89 us = 12118.7 us (24.9173 GFLOPS/s)
MUL_MAT_ADD MUL_MAT_VEC q6_K m=2048 n=1 k=6144: 12 x 1830.65 us = 21967.8 us (13.7458 GFLOPS/s)
MUL_MAT_VEC f32 m=256 n=2 k=256: 6 x 471.96 us = 2831.76 us (0.554352 GFLOPS/s)
MUL_MAT_VEC f32 m=256 n=8 k=256: 6 x 691.34 us = 4148.04 us (1.51377 GFLOPS/s)
MUL_MAT_VEC f32 m=64 n=8 k=64: 6 x 472 us = 2832 us (0.137763 GFLOPS/s)
MUL_MAT_VEC q4_K m=16 n=1 k=2048: 36 x 327.312 us = 11783.2 us (0.200176 GFLOPS/s)
MUL_MAT_VEC q4_K m=2048 n=1 k=2048: 36 x 604.416 us = 21759 us (13.8755 GFLOPS/s)
MUL_MAT_VEC q4_K m=4096 n=1 k=2048: 6 x 950.953 us = 5705.72 us (17.6382 GFLOPS/s)
MUL_MAT_VEC q4_K m=512 n=1 k=2048: 10 x 243.132 us = 2431.32 us (8.62346 GFLOPS/s)
MUL_MAT_VEC q4_K m=6144 n=1 k=2048: 56 x 1303.9 us = 73018.2 us (19.2958 GFLOPS/s)
MUL_MAT_VEC q6_K m=248320 n=1 k=2048: 1 x 54918.4 us = 54918.4 us (18.516 GFLOPS/s)
MUL_MAT_VEC q6_K m=512 n=1 k=2048: 2 x 872.38 us = 1744.76 us (2.40336 GFLOPS/s)
MUL_MAT_VEC q6_K m=6144 n=1 k=2048: 10 x 1562.93 us = 15629.3 us (16.0977 GFLOPS/s)
RMS_NORM_MUL RMS_NORM(128,16,1,1): 18 x 347.137 us = 6248.48 us
RMS_NORM_MUL RMS_NORM(2048,1,1,1): 49 x 389.714 us = 19096 us
RMS_NORM_MUL RMS_NORM(256,2,1,1): 6 x 474.28 us = 2845.68 us
RMS_NORM_MUL RMS_NORM(256,8,1,1): 6 x 478.466 us = 2870.8 us
ROPE: 12 x 474.046 us = 5688.56 us
SET_ROWS: 12 x 470.6 us = 5647.2 us
SIGMOID: 24 x 363.17 us = 8716.08 us
SILU: 18 x 330.3 us = 5945.4 us
SOFTPLUS: 18 x 324.073 us = 5833.32 us
SSM_CONV_SILU SSM_CONV: 18 x 278.002 us = 5004.04 us
Total time: 392518 us.
----------------
Vulkan Timings:
ADD: 36 x 254.388 us = 9158 us
CONCAT: 18 x 299.388 us = 5389 us
CONT: 6 x 477.173 us = 2863.04 us
CPY: 36 x 303.615 us = 10930.2 us
FLASH_ATTN_EXT dst(256,8,1,1),  q(256,1,8,1),  k(256,256,2,1),  v(256,256,2,1),  m(256,1,1,1): 6 x 571.42 us = 3428.52 us (3.67007 GFLOPS/s)
GATED_DELTA_NET: 18 x 385.404 us = 6937.28 us
GET_ROWS: 38 x 442.461 us = 16813.5 us
GLU: 24 x 333.626 us = 8007.04 us
L2_NORM: 36 x 261.728 us = 9422.24 us
MUL: 42 x 286.409 us = 12029.2 us
MUL_MAT f32 m=64 n=32 k=64: 6 x 685.026 us = 4110.16 us (0.379687 GFLOPS/s)
MUL_MAT_ADD MUL_MAT_VEC q4_K m=2048 n=1 k=2048: 6 x 830.826 us = 4984.96 us (10.0942 GFLOPS/s)
MUL_MAT_ADD MUL_MAT_VEC q4_K m=2048 n=1 k=6144: 12 x 1014.79 us = 12177.5 us (24.7969 GFLOPS/s)
MUL_MAT_ADD MUL_MAT_VEC q6_K m=2048 n=1 k=6144: 12 x 1841.6 us = 22099.2 us (13.6641 GFLOPS/s)
MUL_MAT_VEC f32 m=256 n=2 k=256: 6 x 472.186 us = 2833.12 us (0.554086 GFLOPS/s)
MUL_MAT_VEC f32 m=256 n=8 k=256: 6 x 695.76 us = 4174.56 us (1.50415 GFLOPS/s)
MUL_MAT_VEC f32 m=64 n=8 k=64: 6 x 471.7 us = 2830.2 us (0.13785 GFLOPS/s)
MUL_MAT_VEC q4_K m=16 n=1 k=2048: 36 x 329.455 us = 11860.4 us (0.198874 GFLOPS/s)
MUL_MAT_VEC q4_K m=2048 n=1 k=2048: 36 x 608.31 us = 21899.2 us (13.7867 GFLOPS/s)
MUL_MAT_VEC q4_K m=4096 n=1 k=2048: 6 x 953.273 us = 5719.64 us (17.5953 GFLOPS/s)
MUL_MAT_VEC q4_K m=512 n=1 k=2048: 10 x 243.708 us = 2437.08 us (8.60308 GFLOPS/s)
MUL_MAT_VEC q4_K m=6144 n=1 k=2048: 56 x 1311.84 us = 73463.2 us (19.1789 GFLOPS/s)
MUL_MAT_VEC q6_K m=248320 n=1 k=2048: 1 x 54922.3 us = 54922.3 us (18.5147 GFLOPS/s)
MUL_MAT_VEC q6_K m=512 n=1 k=2048: 2 x 869.26 us = 1738.52 us (2.41198 GFLOPS/s)
MUL_MAT_VEC q6_K m=6144 n=1 k=2048: 10 x 1570.13 us = 15701.3 us (16.0239 GFLOPS/s)
RMS_NORM_MUL RMS_NORM(128,16,1,1): 18 x 349.595 us = 6292.72 us
RMS_NORM_MUL RMS_NORM(2048,1,1,1): 49 x 392.548 us = 19234.9 us
RMS_NORM_MUL RMS_NORM(256,2,1,1): 6 x 470.973 us = 2825.84 us
RMS_NORM_MUL RMS_NORM(256,8,1,1): 6 x 481.206 us = 2887.24 us
ROPE: 12 x 470.293 us = 5643.52 us
SET_ROWS: 12 x 471.763 us = 5661.16 us
SIGMOID: 24 x 361.478 us = 8675.48 us
SILU: 18 x 330.784 us = 5954.12 us
SOFTPLUS: 18 x 323.508 us = 5823.16 us
SSM_CONV_SILU SSM_CONV: 18 x 277.537 us = 4995.68 us
Total time: 393923 us.
----------------
Vulkan Timings:
ADD: 36 x 254.006 us = 9144.24 us
CONCAT: 18 x 299.508 us = 5391.16 us
CONT: 6 x 473.053 us = 2838.32 us
CPY: 36 x 304.311 us = 10955.2 us
FLASH_ATTN_EXT dst(256,8,1,1),  q(256,1,8,1),  k(256,256,2,1),  v(256,256,2,1),  m(256,1,1,1): 6 x 569.68 us = 3418.08 us (3.68128 GFLOPS/s)
GATED_DELTA_NET: 18 x 383.688 us = 6906.4 us
GET_ROWS: 38 x 446.464 us = 16965.6 us
GLU: 24 x 321.133 us = 7707.2 us
L2_NORM: 36 x 261.684 us = 9420.64 us
MUL: 42 x 287.847 us = 12089.6 us
MUL_MAT f32 m=64 n=32 k=64: 6 x 683.226 us = 4099.36 us (0.380688 GFLOPS/s)
MUL_MAT_ADD MUL_MAT_VEC q4_K m=2048 n=1 k=2048: 6 x 830.08 us = 4980.48 us (10.1033 GFLOPS/s)
MUL_MAT_ADD MUL_MAT_VEC q4_K m=2048 n=1 k=6144: 12 x 1008.62 us = 12103.4 us (24.9487 GFLOPS/s)
MUL_MAT_ADD MUL_MAT_VEC q6_K m=2048 n=1 k=6144: 12 x 1826.38 us = 21916.5 us (13.778 GFLOPS/s)
MUL_MAT_VEC f32 m=256 n=2 k=256: 6 x 472.186 us = 2833.12 us (0.554086 GFLOPS/s)
MUL_MAT_VEC f32 m=256 n=8 k=256: 6 x 689.586 us = 4137.52 us (1.51762 GFLOPS/s)
MUL_MAT_VEC f32 m=64 n=8 k=64: 6 x 472.793 us = 2836.76 us (0.137532 GFLOPS/s)
MUL_MAT_VEC q4_K m=16 n=1 k=2048: 36 x 327.01 us = 11772.4 us (0.200361 GFLOPS/s)
MUL_MAT_VEC q4_K m=2048 n=1 k=2048: 36 x 604.775 us = 21771.9 us (13.8672 GFLOPS/s)
MUL_MAT_VEC q4_K m=4096 n=1 k=2048: 6 x 951.62 us = 5709.72 us (17.6259 GFLOPS/s)
MUL_MAT_VEC q4_K m=512 n=1 k=2048: 10 x 244.828 us = 2448.28 us (8.56373 GFLOPS/s)
MUL_MAT_VEC q4_K m=6144 n=1 k=2048: 56 x 1305.21 us = 73092 us (19.2763 GFLOPS/s)
MUL_MAT_VEC q6_K m=248320 n=1 k=2048: 1 x 54931.1 us = 54931.1 us (18.5117 GFLOPS/s)
MUL_MAT_VEC q6_K m=512 n=1 k=2048: 2 x 871.9 us = 1743.8 us (2.40468 GFLOPS/s)
MUL_MAT_VEC q6_K m=6144 n=1 k=2048: 10 x 1565.69 us = 15656.9 us (16.0694 GFLOPS/s)
RMS_NORM_MUL RMS_NORM(128,16,1,1): 18 x 348.924 us = 6280.64 us
RMS_NORM_MUL RMS_NORM(2048,1,1,1): 49 x 389.752 us = 19097.9 us
RMS_NORM_MUL RMS_NORM(256,2,1,1): 6 x 472.546 us = 2835.28 us
RMS_NORM_MUL RMS_NORM(256,8,1,1): 6 x 479.293 us = 2875.76 us
ROPE: 12 x 478.083 us = 5737 us
SET_ROWS: 12 x 469.896 us = 5638.76 us
SIGMOID: 24 x 361.148 us = 8667.56 us
SILU: 18 x 327.624 us = 5897.24 us
SOFTPLUS: 18 x 325.193 us = 5853.48 us
SSM_CONV_SILU SSM_CONV: 18 x 277.173 us = 4989.12 us
Total time: 392743 us.
----------------
Vulkan Timings:
ADD: 36 x 255.345 us = 9192.44 us
CONCAT: 18 x 306.231 us = 5512.16 us
CONT: 6 x 480.586 us = 2883.52 us
CPY: 36 x 306.732 us = 11042.4 us
FLASH_ATTN_EXT dst(256,8,1,1),  q(256,1,8,1),  k(256,256,2,1),  v(256,256,2,1),  m(256,1,1,1): 6 x 585.286 us = 3511.72 us (3.58312 GFLOPS/s)
GATED_DELTA_NET: 18 x 393.402 us = 7081.24 us
GET_ROWS: 38 x 453.051 us = 17216 us
GLU: 24 x 323.963 us = 7775.12 us
L2_NORM: 36 x 263.956 us = 9502.44 us
MUL: 42 x 289.34 us = 12152.3 us
MUL_MAT f32 m=64 n=32 k=64: 6 x 693.58 us = 4161.48 us (0.375005 GFLOPS/s)
MUL_MAT_ADD MUL_MAT_VEC q4_K m=2048 n=1 k=2048: 6 x 855.633 us = 5133.8 us (9.80158 GFLOPS/s)
MUL_MAT_ADD MUL_MAT_VEC q4_K m=2048 n=1 k=6144: 12 x 1082.27 us = 12987.3 us (23.2509 GFLOPS/s)
MUL_MAT_ADD MUL_MAT_VEC q6_K m=2048 n=1 k=6144: 12 x 1901.38 us = 22816.5 us (13.2345 GFLOPS/s)
MUL_MAT_VEC f32 m=256 n=2 k=256: 6 x 476.413 us = 2858.48 us (0.54917 GFLOPS/s)
MUL_MAT_VEC f32 m=256 n=8 k=256: 6 x 700.5 us = 4203 us (1.49397 GFLOPS/s)
MUL_MAT_VEC f32 m=64 n=8 k=64: 6 x 470.713 us = 2824.28 us (0.138139 GFLOPS/s)
MUL_MAT_VEC q4_K m=16 n=1 k=2048: 36 x 329.135 us = 11848.9 us (0.199067 GFLOPS/s)
MUL_MAT_VEC q4_K m=2048 n=1 k=2048: 36 x 634.43 us = 22839.5 us (13.219 GFLOPS/s)
MUL_MAT_VEC q4_K m=4096 n=1 k=2048: 6 x 996.446 us = 5978.68 us (16.8329 GFLOPS/s)
MUL_MAT_VEC q4_K m=512 n=1 k=2048: 10 x 249.676 us = 2496.76 us (8.39744 GFLOPS/s)
MUL_MAT_VEC q4_K m=6144 n=1 k=2048: 56 x 1382.21 us = 77403.9 us (18.2025 GFLOPS/s)
MUL_MAT_VEC q6_K m=248320 n=1 k=2048: 1 x 54896.7 us = 54896.7 us (18.5233 GFLOPS/s)
MUL_MAT_VEC q6_K m=512 n=1 k=2048: 2 x 873.58 us = 1747.16 us (2.40005 GFLOPS/s)
MUL_MAT_VEC q6_K m=6144 n=1 k=2048: 10 x 1652.86 us = 16528.6 us (15.2219 GFLOPS/s)
RMS_NORM_MUL RMS_NORM(128,16,1,1): 18 x 354.64 us = 6383.52 us
RMS_NORM_MUL RMS_NORM(2048,1,1,1): 49 x 394.772 us = 19343.8 us
RMS_NORM_MUL RMS_NORM(256,2,1,1): 6 x 475.146 us = 2850.88 us
RMS_NORM_MUL RMS_NORM(256,8,1,1): 6 x 478.126 us = 2868.76 us
ROPE: 12 x 471.853 us = 5662.24 us
SET_ROWS: 12 x 475.413 us = 5704.96 us
SIGMOID: 24 x 365.15 us = 8763.6 us
SILU: 18 x 333.148 us = 5996.68 us
SOFTPLUS: 18 x 324.697 us = 5844.56 us
SSM_CONV_SILU SSM_CONV: 18 x 279.368 us = 5028.64 us
Total time: 403042 us.
----------------
Vulkan Timings:
ADD: 36 x 253.78 us = 9136.08 us
CONCAT: 18 x 299.22 us = 5385.96 us
CONT: 6 x 473.42 us = 2840.52 us
CPY: 36 x 303.227 us = 10916.2 us
FLASH_ATTN_EXT dst(256,8,1,1),  q(256,1,8,1),  k(256,256,2,1),  v(256,256,2,1),  m(256,1,1,1): 6 x 570.16 us = 3420.96 us (3.67818 GFLOPS/s)
GATED_DELTA_NET: 18 x 386.882 us = 6963.88 us
GET_ROWS: 38 x 441.728 us = 16785.7 us
GLU: 24 x 321.348 us = 7712.36 us
L2_NORM: 36 x 261.48 us = 9413.28 us
MUL: 42 x 287.252 us = 12064.6 us
MUL_MAT f32 m=64 n=32 k=64: 6 x 684.62 us = 4107.72 us (0.379913 GFLOPS/s)
MUL_MAT_ADD MUL_MAT_VEC q4_K m=2048 n=1 k=2048: 6 x 840.166 us = 5041 us (9.98202 GFLOPS/s)
MUL_MAT_ADD MUL_MAT_VEC q4_K m=2048 n=1 k=6144: 12 x 1013.34 us = 12160.1 us (24.8325 GFLOPS/s)
MUL_MAT_ADD MUL_MAT_VEC q6_K m=2048 n=1 k=6144: 12 x 1838.39 us = 22060.6 us (13.688 GFLOPS/s)
MUL_MAT_VEC f32 m=256 n=2 k=256: 6 x 470.7 us = 2824.2 us (0.555836 GFLOPS/s)
MUL_MAT_VEC f32 m=256 n=8 k=256: 6 x 690.06 us = 4140.36 us (1.51658 GFLOPS/s)
MUL_MAT_VEC f32 m=64 n=8 k=64: 6 x 469.313 us = 2815.88 us (0.138551 GFLOPS/s)
MUL_MAT_VEC q4_K m=16 n=1 k=2048: 36 x 327.842 us = 11802.3 us (0.199852 GFLOPS/s)
MUL_MAT_VEC q4_K m=2048 n=1 k=2048: 36 x 607.508 us = 21870.3 us (13.8048 GFLOPS/s)
MUL_MAT_VEC q4_K m=4096 n=1 k=2048: 6 x 955.246 us = 5731.48 us (17.5589 GFLOPS/s)
MUL_MAT_VEC q4_K m=512 n=1 k=2048: 10 x 244.172 us = 2441.72 us (8.58673 GFLOPS/s)
MUL_MAT_VEC q4_K m=6144 n=1 k=2048: 56 x 1312.01 us = 73472.6 us (19.1764 GFLOPS/s)
MUL_MAT_VEC q6_K m=248320 n=1 k=2048: 1 x 54920.4 us = 54920.4 us (18.5153 GFLOPS/s)
MUL_MAT_VEC q6_K m=512 n=1 k=2048: 2 x 867.58 us = 1735.16 us (2.41665 GFLOPS/s)
MUL_MAT_VEC q6_K m=6144 n=1 k=2048: 10 x 1570.94 us = 15709.4 us (16.0157 GFLOPS/s)
RMS_NORM_MUL RMS_NORM(128,16,1,1): 18 x 348.702 us = 6276.64 us
RMS_NORM_MUL RMS_NORM(2048,1,1,1): 49 x 391.731 us = 19194.8 us
RMS_NORM_MUL RMS_NORM(256,2,1,1): 6 x 471.233 us = 2827.4 us
RMS_NORM_MUL RMS_NORM(256,8,1,1): 6 x 476.546 us = 2859.28 us
ROPE: 12 x 471.813 us = 5661.76 us
SET_ROWS: 12 x 471.383 us = 5656.6 us
SIGMOID: 24 x 362.41 us = 8697.84 us
SILU: 18 x 329.173 us = 5925.12 us
SOFTPLUS: 18 x 323.482 us = 5822.68 us
SSM_CONV_SILU SSM_CONV: 18 x 277.513 us = 4995.24 us
Total time: 393390 us.
----------------
Vulkan Timings:
ADD: 36 x 255.867 us = 9211.24 us
CONCAT: 18 x 299.777 us = 5396 us
CONT: 6 x 473.153 us = 2838.92 us
CPY: 36 x 302.694 us = 10897 us
FLASH_ATTN_EXT dst(256,8,1,1),  q(256,1,8,1),  k(256,256,2,1),  v(256,256,2,1),  m(256,1,1,1): 6 x 570.466 us = 3422.8 us (3.6762 GFLOPS/s)
GATED_DELTA_NET: 18 x 384.644 us = 6923.6 us
GET_ROWS: 38 x 443.024 us = 16834.9 us
GLU: 24 x 320.735 us = 7697.64 us
L2_NORM: 36 x 262.213 us = 9439.68 us
MUL: 42 x 285.742 us = 12001.2 us
MUL_MAT f32 m=64 n=32 k=64: 6 x 689.013 us = 4134.08 us (0.377491 GFLOPS/s)
MUL_MAT_ADD MUL_MAT_VEC q4_K m=2048 n=1 k=2048: 6 x 833.606 us = 5001.64 us (10.0606 GFLOPS/s)
MUL_MAT_ADD MUL_MAT_VEC q4_K m=2048 n=1 k=6144: 12 x 1014.96 us = 12179.5 us (24.793 GFLOPS/s)
MUL_MAT_ADD MUL_MAT_VEC q6_K m=2048 n=1 k=6144: 12 x 1836.14 us = 22033.7 us (13.7047 GFLOPS/s)
MUL_MAT_VEC f32 m=256 n=2 k=256: 6 x 470.666 us = 2824 us (0.555875 GFLOPS/s)
MUL_MAT_VEC f32 m=256 n=8 k=256: 6 x 693.933 us = 4163.6 us (1.50811 GFLOPS/s)
MUL_MAT_VEC f32 m=64 n=8 k=64: 6 x 472.033 us = 2832.2 us (0.137753 GFLOPS/s)
MUL_MAT_VEC q4_K m=16 n=1 k=2048: 36 x 328.295 us = 11818.6 us (0.199576 GFLOPS/s)
MUL_MAT_VEC q4_K m=2048 n=1 k=2048: 36 x 607.192 us = 21858.9 us (13.812 GFLOPS/s)
MUL_MAT_VEC q4_K m=4096 n=1 k=2048: 6 x 961.673 us = 5770.04 us (17.4416 GFLOPS/s)
MUL_MAT_VEC q4_K m=512 n=1 k=2048: 10 x 244.988 us = 2449.88 us (8.55813 GFLOPS/s)
MUL_MAT_VEC q4_K m=6144 n=1 k=2048: 56 x 1313.88 us = 73577.1 us (19.1492 GFLOPS/s)
MUL_MAT_VEC q6_K m=248320 n=1 k=2048: 1 x 54898.3 us = 54898.3 us (18.5228 GFLOPS/s)
MUL_MAT_VEC q6_K m=512 n=1 k=2048: 2 x 867.58 us = 1735.16 us (2.41665 GFLOPS/s)
MUL_MAT_VEC q6_K m=6144 n=1 k=2048: 10 x 1570.93 us = 15709.3 us (16.0158 GFLOPS/s)
RMS_NORM_MUL RMS_NORM(128,16,1,1): 18 x 346.857 us = 6243.44 us
RMS_NORM_MUL RMS_NORM(2048,1,1,1): 49 x 392.513 us = 19233.2 us
RMS_NORM_MUL RMS_NORM(256,2,1,1): 6 x 475.233 us = 2851.4 us
RMS_NORM_MUL RMS_NORM(256,8,1,1): 6 x 480.326 us = 2881.96 us
ROPE: 12 x 500.78 us = 6009.36 us
SET_ROWS: 12 x 472.283 us = 5667.4 us
SIGMOID: 24 x 362.576 us = 8701.84 us
SILU: 18 x 327.222 us = 5890 us
SOFTPLUS: 18 x 322.462 us = 5804.32 us
SSM_CONV_SILU SSM_CONV: 18 x 278.311 us = 5009.6 us
Total time: 393942 us.
----------------
Vulkan Timings:
ADD: 36 x 254.002 us = 9144.08 us
CONCAT: 18 x 300.764 us = 5413.76 us
CONT: 6 x 474.74 us = 2848.44 us
CPY: 36 x 302.916 us = 10905 us
FLASH_ATTN_EXT dst(256,8,1,1),  q(256,1,8,1),  k(256,256,2,1),  v(256,256,2,1),  m(256,1,1,1): 6 x 571.033 us = 3426.2 us (3.67256 GFLOPS/s)
GATED_DELTA_NET: 18 x 384.44 us = 6919.92 us
GET_ROWS: 38 x 442.371 us = 16810.1 us
GLU: 24 x 321.001 us = 7704.04 us
L2_NORM: 36 x 263.212 us = 9475.64 us
MUL: 42 x 286.772 us = 12044.4 us
MUL_MAT f32 m=64 n=32 k=64: 6 x 691.946 us = 4151.68 us (0.37589 GFLOPS/s)
MUL_MAT_ADD MUL_MAT_VEC q4_K m=2048 n=1 k=2048: 6 x 833.746 us = 5002.48 us (10.0589 GFLOPS/s)
MUL_MAT_ADD MUL_MAT_VEC q4_K m=2048 n=1 k=6144: 12 x 1017.78 us = 12213.3 us (24.7243 GFLOPS/s)
MUL_MAT_ADD MUL_MAT_VEC q6_K m=2048 n=1 k=6144: 12 x 1838.66 us = 22063.9 us (13.6859 GFLOPS/s)
MUL_MAT_VEC f32 m=256 n=2 k=256: 6 x 471.36 us = 2828.16 us (0.555058 GFLOPS/s)
MUL_MAT_VEC f32 m=256 n=8 k=256: 6 x 688.786 us = 4132.72 us (1.51938 GFLOPS/s)
MUL_MAT_VEC f32 m=64 n=8 k=64: 6 x 469.633 us = 2817.8 us (0.138457 GFLOPS/s)
MUL_MAT_VEC q4_K m=16 n=1 k=2048: 36 x 326.522 us = 11754.8 us (0.20066 GFLOPS/s)
MUL_MAT_VEC q4_K m=2048 n=1 k=2048: 36 x 609.563 us = 21944.3 us (13.7583 GFLOPS/s)
MUL_MAT_VEC q4_K m=4096 n=1 k=2048: 6 x 969.04 us = 5814.24 us (17.309 GFLOPS/s)
MUL_MAT_VEC q4_K m=512 n=1 k=2048: 10 x 243.804 us = 2438.04 us (8.59969 GFLOPS/s)
MUL_MAT_VEC q4_K m=6144 n=1 k=2048: 56 x 1315.83 us = 73686.4 us (19.1208 GFLOPS/s)
MUL_MAT_VEC q6_K m=248320 n=1 k=2048: 1 x 54921.2 us = 54921.2 us (18.5151 GFLOPS/s)
MUL_MAT_VEC q6_K m=512 n=1 k=2048: 2 x 874.62 us = 1749.24 us (2.3972 GFLOPS/s)
MUL_MAT_VEC q6_K m=6144 n=1 k=2048: 10 x 1572.74 us = 15727.4 us (15.9974 GFLOPS/s)
RMS_NORM_MUL RMS_NORM(128,16,1,1): 18 x 347.475 us = 6254.56 us
RMS_NORM_MUL RMS_NORM(2048,1,1,1): 49 x 395.135 us = 19361.6 us
RMS_NORM_MUL RMS_NORM(256,2,1,1): 6 x 471.92 us = 2831.52 us
RMS_NORM_MUL RMS_NORM(256,8,1,1): 6 x 479.68 us = 2878.08 us
ROPE: 12 x 469.273 us = 5631.28 us
SET_ROWS: 12 x 478.746 us = 5744.96 us
SIGMOID: 24 x 363.123 us = 8714.96 us
SILU: 18 x 329.102 us = 5923.84 us
SOFTPLUS: 18 x 323.055 us = 5815 us
SSM_CONV_SILU SSM_CONV: 18 x 277.466 us = 4994.4 us
Total time: 394088 us.
----------------
Vulkan Timings:
ADD: 36 x 252.552 us = 9091.88 us
CONCAT: 18 x 301.048 us = 5418.88 us
CONT: 6 x 473.573 us = 2841.44 us
CPY: 36 x 308.413 us = 11102.9 us
FLASH_ATTN_EXT dst(256,8,1,1),  q(256,1,8,1),  k(256,256,2,1),  v(256,256,2,1),  m(256,1,1,1): 6 x 608.66 us = 3651.96 us (3.44552 GFLOPS/s)
GATED_DELTA_NET: 18 x 385.351 us = 6936.32 us
GET_ROWS: 38 x 441.809 us = 16788.8 us
GLU: 24 x 321.498 us = 7715.96 us
L2_NORM: 36 x 261.57 us = 9416.52 us
MUL: 42 x 285.969 us = 12010.7 us
MUL_MAT f32 m=64 n=32 k=64: 6 x 688.366 us = 4130.2 us (0.377845 GFLOPS/s)
MUL_MAT_ADD MUL_MAT_VEC q4_K m=2048 n=1 k=2048: 6 x 833.286 us = 4999.72 us (10.0644 GFLOPS/s)
MUL_MAT_ADD MUL_MAT_VEC q4_K m=2048 n=1 k=6144: 12 x 1012.41 us = 12148.9 us (24.8554 GFLOPS/s)
MUL_MAT_ADD MUL_MAT_VEC q6_K m=2048 n=1 k=6144: 12 x 1834.6 us = 22015.2 us (13.7162 GFLOPS/s)
MUL_MAT_VEC f32 m=256 n=2 k=256: 6 x 473.293 us = 2839.76 us (0.55279 GFLOPS/s)
MUL_MAT_VEC f32 m=256 n=8 k=256: 6 x 692.3 us = 4153.8 us (1.51167 GFLOPS/s)
MUL_MAT_VEC f32 m=64 n=8 k=64: 6 x 467.773 us = 2806.64 us (0.139007 GFLOPS/s)
MUL_MAT_VEC q4_K m=16 n=1 k=2048: 36 x 327.247 us = 11780.9 us (0.200215 GFLOPS/s)
MUL_MAT_VEC q4_K m=2048 n=1 k=2048: 36 x 606.725 us = 21842.1 us (13.8227 GFLOPS/s)
MUL_MAT_VEC q4_K m=4096 n=1 k=2048: 6 x 951.62 us = 5709.72 us (17.6259 GFLOPS/s)
MUL_MAT_VEC q4_K m=512 n=1 k=2048: 10 x 242.588 us = 2425.88 us (8.6428 GFLOPS/s)
MUL_MAT_VEC q4_K m=6144 n=1 k=2048: 56 x 1308.53 us = 73277.5 us (19.2275 GFLOPS/s)
MUL_MAT_VEC q6_K m=248320 n=1 k=2048: 1 x 54897.3 us = 54897.3 us (18.5231 GFLOPS/s)
MUL_MAT_VEC q6_K m=512 n=1 k=2048: 2 x 862.46 us = 1724.92 us (2.431 GFLOPS/s)
MUL_MAT_VEC q6_K m=6144 n=1 k=2048: 10 x 1569.92 us = 15699.2 us (16.0261 GFLOPS/s)
RMS_NORM_MUL RMS_NORM(128,16,1,1): 18 x 346.666 us = 6240 us
RMS_NORM_MUL RMS_NORM(2048,1,1,1): 49 x 391.526 us = 19184.8 us
RMS_NORM_MUL RMS_NORM(256,2,1,1): 6 x 470.146 us = 2820.88 us
RMS_NORM_MUL RMS_NORM(256,8,1,1): 6 x 483.473 us = 2900.84 us
ROPE: 12 x 470.236 us = 5642.84 us
SET_ROWS: 12 x 472.116 us = 5665.4 us
SIGMOID: 24 x 361.283 us = 8670.8 us
SILU: 18 x 327.275 us = 5890.96 us
SOFTPLUS: 18 x 322.164 us = 5798.96 us
SSM_CONV_SILU SSM_CONV: 18 x 275.644 us = 4961.6 us
Total time: 393204 us.
----------------
Vulkan Timings:
ADD: 36 x 254.935 us = 9177.68 us
CONCAT: 18 x 299.386 us = 5388.96 us
CONT: 6 x 471.84 us = 2831.04 us
CPY: 36 x 306.481 us = 11033.3 us
FLASH_ATTN_EXT dst(256,8,1,1),  q(256,1,8,1),  k(256,256,2,1),  v(256,256,2,1),  m(256,1,1,1): 6 x 607.146 us = 3642.88 us (3.45411 GFLOPS/s)
GATED_DELTA_NET: 18 x 386.148 us = 6950.68 us
GET_ROWS: 38 x 443.152 us = 16839.8 us
GLU: 24 x 320.965 us = 7703.16 us
L2_NORM: 36 x 262.686 us = 9456.72 us
MUL: 42 x 296.92 us = 12470.6 us
MUL_MAT f32 m=64 n=32 k=64: 6 x 694.013 us = 4164.08 us (0.374771 GFLOPS/s)
MUL_MAT_ADD MUL_MAT_VEC q4_K m=2048 n=1 k=2048: 6 x 833.42 us = 5000.52 us (10.0628 GFLOPS/s)
MUL_MAT_ADD MUL_MAT_VEC q4_K m=2048 n=1 k=6144: 12 x 1013.74 us = 12164.9 us (24.8226 GFLOPS/s)
MUL_MAT_ADD MUL_MAT_VEC q6_K m=2048 n=1 k=6144: 12 x 1835.54 us = 22026.5 us (13.7092 GFLOPS/s)
MUL_MAT_VEC f32 m=256 n=2 k=256: 6 x 475.94 us = 2855.64 us (0.549716 GFLOPS/s)
MUL_MAT_VEC f32 m=256 n=8 k=256: 6 x 695.493 us = 4172.96 us (1.50473 GFLOPS/s)
MUL_MAT_VEC f32 m=64 n=8 k=64: 6 x 469.873 us = 2819.24 us (0.138386 GFLOPS/s)
MUL_MAT_VEC q4_K m=16 n=1 k=2048: 36 x 328.195 us = 11815 us (0.199637 GFLOPS/s)
MUL_MAT_VEC q4_K m=2048 n=1 k=2048: 36 x 608.462 us = 21904.6 us (13.7832 GFLOPS/s)
MUL_MAT_VEC q4_K m=4096 n=1 k=2048: 6 x 956.1 us = 5736.6 us (17.5433 GFLOPS/s)
MUL_MAT_VEC q4_K m=512 n=1 k=2048: 10 x 244.044 us = 2440.44 us (8.59124 GFLOPS/s)
MUL_MAT_VEC q4_K m=6144 n=1 k=2048: 56 x 1311.32 us = 73434 us (19.1865 GFLOPS/s)
MUL_MAT_VEC q6_K m=248320 n=1 k=2048: 1 x 54900.7 us = 54900.7 us (18.522 GFLOPS/s)
MUL_MAT_VEC q6_K m=512 n=1 k=2048: 2 x 870.14 us = 1740.28 us (2.40954 GFLOPS/s)
MUL_MAT_VEC q6_K m=6144 n=1 k=2048: 10 x 1569.02 us = 15690.2 us (16.0353 GFLOPS/s)
RMS_NORM_MUL RMS_NORM(128,16,1,1): 18 x 347.542 us = 6255.76 us
RMS_NORM_MUL RMS_NORM(2048,1,1,1): 49 x 391.827 us = 19199.6 us
RMS_NORM_MUL RMS_NORM(256,2,1,1): 6 x 474.14 us = 2844.84 us
RMS_NORM_MUL RMS_NORM(256,8,1,1): 6 x 481 us = 2886 us
ROPE: 12 x 475.073 us = 5700.88 us
SET_ROWS: 12 x 474.386 us = 5692.64 us
SIGMOID: 24 x 362.793 us = 8707.04 us
SILU: 18 x 327.853 us = 5901.36 us
SOFTPLUS: 18 x 323.091 us = 5815.64 us
SSM_CONV_SILU SSM_CONV: 18 x 277.253 us = 4990.56 us
Total time: 394355 us.
----------------
Vulkan Timings:
ADD: 36 x 252.855 us = 9102.8 us
CONCAT: 18 x 298.793 us = 5378.28 us
CONT: 6 x 473.58 us = 2841.48 us
CPY: 36 x 301.365 us = 10849.2 us
FLASH_ATTN_EXT dst(256,8,1,1),  q(256,1,8,1),  k(256,256,2,1),  v(256,256,2,1),  m(256,1,1,1): 6 x 615.92 us = 3695.52 us (3.40491 GFLOPS/s)
GATED_DELTA_NET: 18 x 386.26 us = 6952.68 us
GET_ROWS: 38 x 442.701 us = 16822.6 us
GLU: 24 x 319.876 us = 7677.04 us
L2_NORM: 36 x 261.617 us = 9418.24 us
MUL: 42 x 286.401 us = 12028.9 us
MUL_MAT f32 m=64 n=32 k=64: 6 x 690.573 us = 4143.44 us (0.376638 GFLOPS/s)
MUL_MAT_ADD MUL_MAT_VEC q4_K m=2048 n=1 k=2048: 6 x 835.82 us = 5014.92 us (10.0339 GFLOPS/s)
MUL_MAT_ADD MUL_MAT_VEC q4_K m=2048 n=1 k=6144: 12 x 1013.13 us = 12157.5 us (24.8377 GFLOPS/s)
MUL_MAT_ADD MUL_MAT_VEC q6_K m=2048 n=1 k=6144: 12 x 1831.7 us = 21980.4 us (13.7379 GFLOPS/s)
MUL_MAT_VEC f32 m=256 n=2 k=256: 6 x 475.466 us = 2852.8 us (0.550264 GFLOPS/s)
MUL_MAT_VEC f32 m=256 n=8 k=256: 6 x 693.433 us = 4160.6 us (1.5092 GFLOPS/s)
MUL_MAT_VEC f32 m=64 n=8 k=64: 6 x 474.493 us = 2846.96 us (0.137039 GFLOPS/s)
MUL_MAT_VEC q4_K m=16 n=1 k=2048: 36 x 326.605 us = 11757.8 us (0.200609 GFLOPS/s)
MUL_MAT_VEC q4_K m=2048 n=1 k=2048: 36 x 607.157 us = 21857.7 us (13.8128 GFLOPS/s)
MUL_MAT_VEC q4_K m=4096 n=1 k=2048: 6 x 953.913 us = 5723.48 us (17.5835 GFLOPS/s)
MUL_MAT_VEC q4_K m=512 n=1 k=2048: 10 x 243.068 us = 2430.68 us (8.62573 GFLOPS/s)
MUL_MAT_VEC q4_K m=6144 n=1 k=2048: 56 x 1312.07 us = 73476 us (19.1756 GFLOPS/s)
MUL_MAT_VEC q6_K m=248320 n=1 k=2048: 1 x 54788.6 us = 54788.6 us (18.5599 GFLOPS/s)
MUL_MAT_VEC q6_K m=512 n=1 k=2048: 2 x 861.66 us = 1723.32 us (2.43326 GFLOPS/s)
MUL_MAT_VEC q6_K m=6144 n=1 k=2048: 10 x 1569.89 us = 15698.9 us (16.0264 GFLOPS/s)
RMS_NORM_MUL RMS_NORM(128,16,1,1): 18 x 353.666 us = 6366 us
RMS_NORM_MUL RMS_NORM(2048,1,1,1): 49 x 389.919 us = 19106 us
RMS_NORM_MUL RMS_NORM(256,2,1,1): 6 x 470.833 us = 2825 us
RMS_NORM_MUL RMS_NORM(256,8,1,1): 6 x 483.766 us = 2902.6 us
ROPE: 12 x 475.65 us = 5707.8 us
SET_ROWS: 12 x 475.966 us = 5711.6 us
SIGMOID: 24 x 362.328 us = 8695.88 us
SILU: 18 x 327.346 us = 5892.24 us
SOFTPLUS: 18 x 320.797 us = 5774.36 us
SSM_CONV_SILU SSM_CONV: 18 x 277.991 us = 5003.84 us
Total time: 393365 us.
----------------
Vulkan Timings:
ADD: 36 x 254.636 us = 9166.92 us
CONCAT: 18 x 302.706 us = 5448.72 us
CONT: 6 x 473.553 us = 2841.32 us
CPY: 36 x 303.458 us = 10924.5 us
FLASH_ATTN_EXT dst(256,8,1,1),  q(256,1,8,1),  k(256,256,2,1),  v(256,256,2,1),  m(256,1,1,1): 6 x 609.846 us = 3659.08 us (3.43882 GFLOPS/s)
GATED_DELTA_NET: 18 x 384.046 us = 6912.84 us
GET_ROWS: 38 x 441.392 us = 16772.9 us
GLU: 24 x 321.443 us = 7714.64 us
L2_NORM: 36 x 263.178 us = 9474.44 us
MUL: 42 x 285.954 us = 12010.1 us
MUL_MAT f32 m=64 n=32 k=64: 6 x 688.246 us = 4129.48 us (0.377911 GFLOPS/s)
MUL_MAT_ADD MUL_MAT_VEC q4_K m=2048 n=1 k=2048: 6 x 832.833 us = 4997 us (10.0699 GFLOPS/s)
MUL_MAT_ADD MUL_MAT_VEC q4_K m=2048 n=1 k=6144: 12 x 1013.86 us = 12166.4 us (24.8197 GFLOPS/s)
MUL_MAT_ADD MUL_MAT_VEC q6_K m=2048 n=1 k=6144: 12 x 1834.39 us = 22012.7 us (13.7178 GFLOPS/s)
MUL_MAT_VEC f32 m=256 n=2 k=256: 6 x 473.733 us = 2842.4 us (0.552277 GFLOPS/s)
MUL_MAT_VEC f32 m=256 n=8 k=256: 6 x 691.5 us = 4149 us (1.51342 GFLOPS/s)
MUL_MAT_VEC f32 m=64 n=8 k=64: 6 x 472.093 us = 2832.56 us (0.137735 GFLOPS/s)
MUL_MAT_VEC q4_K m=16 n=1 k=2048: 36 x 332.69 us = 11976.8 us (0.19694 GFLOPS/s)
MUL_MAT_VEC q4_K m=2048 n=1 k=2048: 36 x 607.582 us = 21873 us (13.8032 GFLOPS/s)
MUL_MAT_VEC q4_K m=4096 n=1 k=2048: 6 x 956.073 us = 5736.44 us (17.5438 GFLOPS/s)
MUL_MAT_VEC q4_K m=512 n=1 k=2048: 10 x 244.044 us = 2440.44 us (8.59124 GFLOPS/s)
MUL_MAT_VEC q4_K m=6144 n=1 k=2048: 56 x 1311.95 us = 73469.2 us (19.1773 GFLOPS/s)
MUL_MAT_VEC q6_K m=248320 n=1 k=2048: 1 x 54931.9 us = 54931.9 us (18.5115 GFLOPS/s)
MUL_MAT_VEC q6_K m=512 n=1 k=2048: 2 x 870.06 us = 1740.12 us (2.40976 GFLOPS/s)
MUL_MAT_VEC q6_K m=6144 n=1 k=2048: 10 x 1580.06 us = 15800.6 us (15.9232 GFLOPS/s)
RMS_NORM_MUL RMS_NORM(128,16,1,1): 18 x 351.044 us = 6318.8 us
RMS_NORM_MUL RMS_NORM(2048,1,1,1): 49 x 391.426 us = 19179.9 us
RMS_NORM_MUL RMS_NORM(256,2,1,1): 6 x 477.28 us = 2863.68 us
RMS_NORM_MUL RMS_NORM(256,8,1,1): 6 x 480.62 us = 2883.72 us
ROPE: 12 x 472.373 us = 5668.48 us
SET_ROWS: 12 x 473.82 us = 5685.84 us
SIGMOID: 24 x 362.62 us = 8702.88 us
SILU: 18 x 329.266 us = 5926.8 us
SOFTPLUS: 18 x 323.697 us = 5826.56 us
SSM_CONV_SILU SSM_CONV: 18 x 278.506 us = 5013.12 us
Total time: 394093 us.
----------------
Vulkan Timings:
ADD: 36 x 253.877 us = 9139.6 us
CONCAT: 18 x 300.2 us = 5403.6 us
CONT: 6 x 476.406 us = 2858.44 us
CPY: 36 x 303.302 us = 10918.9 us
FLASH_ATTN_EXT dst(256,8,1,1),  q(256,1,8,1),  k(256,256,2,1),  v(256,256,2,1),  m(256,1,1,1): 6 x 612.766 us = 3676.6 us (3.42243 GFLOPS/s)
GATED_DELTA_NET: 18 x 387.446 us = 6974.04 us
GET_ROWS: 38 x 443.581 us = 16856.1 us
GLU: 24 x 321.29 us = 7710.96 us
L2_NORM: 36 x 261.968 us = 9430.88 us
MUL: 42 x 287.028 us = 12055.2 us
MUL_MAT f32 m=64 n=32 k=64: 6 x 691.266 us = 4147.6 us (0.37626 GFLOPS/s)
MUL_MAT_ADD MUL_MAT_VEC q4_K m=2048 n=1 k=2048: 6 x 842.586 us = 5055.52 us (9.95335 GFLOPS/s)
MUL_MAT_ADD MUL_MAT_VEC q4_K m=2048 n=1 k=6144: 12 x 1028.59 us = 12343.1 us (24.4643 GFLOPS/s)
MUL_MAT_ADD MUL_MAT_VEC q6_K m=2048 n=1 k=6144: 12 x 1852.88 us = 22234.5 us (13.5809 GFLOPS/s)
MUL_MAT_VEC f32 m=256 n=2 k=256: 6 x 476.06 us = 2856.36 us (0.549578 GFLOPS/s)
MUL_MAT_VEC f32 m=256 n=8 k=256: 6 x 696.273 us = 4177.64 us (1.50304 GFLOPS/s)
MUL_MAT_VEC f32 m=64 n=8 k=64: 6 x 471.746 us = 2830.48 us (0.137837 GFLOPS/s)
MUL_MAT_VEC q4_K m=16 n=1 k=2048: 36 x 327.05 us = 11773.8 us (0.200336 GFLOPS/s)
MUL_MAT_VEC q4_K m=2048 n=1 k=2048: 36 x 611.431 us = 22011.5 us (13.7163 GFLOPS/s)
MUL_MAT_VEC q4_K m=4096 n=1 k=2048: 6 x 972.313 us = 5833.88 us (17.2507 GFLOPS/s)
MUL_MAT_VEC q4_K m=512 n=1 k=2048: 10 x 246.88 us = 2468.8 us (8.49255 GFLOPS/s)
MUL_MAT_VEC q4_K m=6144 n=1 k=2048: 56 x 1325.17 us = 74209.8 us (18.9859 GFLOPS/s)
MUL_MAT_VEC q6_K m=248320 n=1 k=2048: 1 x 54843.8 us = 54843.8 us (18.5412 GFLOPS/s)
MUL_MAT_VEC q6_K m=512 n=1 k=2048: 2 x 866.72 us = 1733.44 us (2.41905 GFLOPS/s)
MUL_MAT_VEC q6_K m=6144 n=1 k=2048: 10 x 1585.22 us = 15852.2 us (15.8714 GFLOPS/s)
RMS_NORM_MUL RMS_NORM(128,16,1,1): 18 x 347.057 us = 6247.04 us
RMS_NORM_MUL RMS_NORM(2048,1,1,1): 49 x 390.956 us = 19156.9 us
RMS_NORM_MUL RMS_NORM(256,2,1,1): 6 x 472.233 us = 2833.4 us
RMS_NORM_MUL RMS_NORM(256,8,1,1): 6 x 485.62 us = 2913.72 us
ROPE: 12 x 473.7 us = 5684.4 us
SET_ROWS: 12 x 475.86 us = 5710.32 us
SIGMOID: 24 x 362.856 us = 8708.56 us
SILU: 18 x 325.651 us = 5861.72 us
SOFTPLUS: 18 x 323.302 us = 5819.44 us
SSM_CONV_SILU SSM_CONV: 18 x 279.584 us = 5032.52 us
Total time: 395365 us.
----------------
Vulkan Timings:
ADD: 36 x 253.633 us = 9130.8 us
CONCAT: 18 x 299.933 us = 5398.8 us
CONT: 6 x 477.46 us = 2864.76 us
CPY: 36 x 304.584 us = 10965 us
FLASH_ATTN_EXT dst(256,8,1,1),  q(256,1,8,1),  k(256,256,2,1),  v(256,256,2,1),  m(256,1,1,1): 6 x 613.66 us = 3681.96 us (3.41745 GFLOPS/s)
GATED_DELTA_NET: 18 x 386.54 us = 6957.72 us
GET_ROWS: 38 x 444.015 us = 16872.6 us
GLU: 24 x 322.476 us = 7739.44 us
L2_NORM: 36 x 261.942 us = 9429.92 us
MUL: 42 x 287.225 us = 12063.5 us
MUL_MAT f32 m=64 n=32 k=64: 6 x 688.953 us = 4133.72 us (0.377523 GFLOPS/s)
MUL_MAT_ADD MUL_MAT_VEC q4_K m=2048 n=1 k=2048: 6 x 842.36 us = 5054.16 us (9.95603 GFLOPS/s)
MUL_MAT_ADD MUL_MAT_VEC q4_K m=2048 n=1 k=6144: 12 x 1031.02 us = 12372.3 us (24.4066 GFLOPS/s)
MUL_MAT_ADD MUL_MAT_VEC q6_K m=2048 n=1 k=6144: 12 x 1865.98 us = 22391.7 us (13.4856 GFLOPS/s)
MUL_MAT_VEC f32 m=256 n=2 k=256: 6 x 478.473 us = 2870.84 us (0.546806 GFLOPS/s)
MUL_MAT_VEC f32 m=256 n=8 k=256: 6 x 699.073 us = 4194.44 us (1.49702 GFLOPS/s)
MUL_MAT_VEC f32 m=64 n=8 k=64: 6 x 470.08 us = 2820.48 us (0.138325 GFLOPS/s)
MUL_MAT_VEC q4_K m=16 n=1 k=2048: 36 x 325.674 us = 11724.3 us (0.201183 GFLOPS/s)
MUL_MAT_VEC q4_K m=2048 n=1 k=2048: 36 x 615.205 us = 22147.4 us (13.6321 GFLOPS/s)
MUL_MAT_VEC q4_K m=4096 n=1 k=2048: 6 x 966.553 us = 5799.32 us (17.3535 GFLOPS/s)
MUL_MAT_VEC q4_K m=512 n=1 k=2048: 10 x 244.924 us = 2449.24 us (8.56037 GFLOPS/s)
MUL_MAT_VEC q4_K m=6144 n=1 k=2048: 56 x 1332.16 us = 74601.3 us (18.8863 GFLOPS/s)
MUL_MAT_VEC q6_K m=248320 n=1 k=2048: 1 x 54891.5 us = 54891.5 us (18.5251 GFLOPS/s)
MUL_MAT_VEC q6_K m=512 n=1 k=2048: 2 x 862.58 us = 1725.16 us (2.43066 GFLOPS/s)
MUL_MAT_VEC q6_K m=6144 n=1 k=2048: 10 x 1591.74 us = 15917.4 us (15.8064 GFLOPS/s)
RMS_NORM_MUL RMS_NORM(128,16,1,1): 18 x 350.302 us = 6305.44 us
RMS_NORM_MUL RMS_NORM(2048,1,1,1): 49 x 392.12 us = 19213.9 us
RMS_NORM_MUL RMS_NORM(256,2,1,1): 6 x 471.8 us = 2830.8 us
RMS_NORM_MUL RMS_NORM(256,8,1,1): 6 x 477.14 us = 2862.84 us
ROPE: 12 x 470.13 us = 5641.56 us
SET_ROWS: 12 x 471.496 us = 5657.96 us
SIGMOID: 24 x 363.638 us = 8727.32 us
SILU: 18 x 328.395 us = 5911.12 us
SOFTPLUS: 18 x 322.76 us = 5809.68 us
SSM_CONV_SILU SSM_CONV: 18 x 276.704 us = 4980.68 us
Total time: 396139 us.
----------------
Vulkan Timings:
ADD: 36 x 255.676 us = 9204.36 us
CONCAT: 18 x 298.96 us = 5381.28 us
CONT: 6 x 474.006 us = 2844.04 us
CPY: 36 x 302.581 us = 10892.9 us
FLASH_ATTN_EXT dst(256,8,1,1),  q(256,1,8,1),  k(256,256,2,1),  v(256,256,2,1),  m(256,1,1,1): 6 x 611.026 us = 3666.16 us (3.43218 GFLOPS/s)
GATED_DELTA_NET: 18 x 385.813 us = 6944.64 us
GET_ROWS: 38 x 442.246 us = 16805.4 us
GLU: 24 x 320.928 us = 7702.28 us
L2_NORM: 36 x 261.983 us = 9431.4 us
MUL: 42 x 285.653 us = 11997.4 us
MUL_MAT f32 m=64 n=32 k=64: 6 x 685.553 us = 4113.32 us (0.379396 GFLOPS/s)
MUL_MAT_ADD MUL_MAT_VEC q4_K m=2048 n=1 k=2048: 6 x 830.806 us = 4984.84 us (10.0945 GFLOPS/s)
MUL_MAT_ADD MUL_MAT_VEC q4_K m=2048 n=1 k=6144: 12 x 1016.13 us = 12193.6 us (24.7642 GFLOPS/s)
MUL_MAT_ADD MUL_MAT_VEC q6_K m=2048 n=1 k=6144: 12 x 1836.55 us = 22038.6 us (13.7017 GFLOPS/s)
MUL_MAT_VEC f32 m=256 n=2 k=256: 6 x 474.52 us = 2847.12 us (0.551361 GFLOPS/s)
MUL_MAT_VEC f32 m=256 n=8 k=256: 6 x 693.606 us = 4161.64 us (1.50882 GFLOPS/s)
MUL_MAT_VEC f32 m=64 n=8 k=64: 6 x 467.926 us = 2807.56 us (0.138962 GFLOPS/s)
MUL_MAT_VEC q4_K m=16 n=1 k=2048: 36 x 326.357 us = 11748.9 us (0.200761 GFLOPS/s)
MUL_MAT_VEC q4_K m=2048 n=1 k=2048: 36 x 605.514 us = 21798.5 us (13.8503 GFLOPS/s)
MUL_MAT_VEC q4_K m=4096 n=1 k=2048: 6 x 954.9 us = 5729.4 us (17.5653 GFLOPS/s)
MUL_MAT_VEC q4_K m=512 n=1 k=2048: 10 x 244.588 us = 2445.88 us (8.57213 GFLOPS/s)
MUL_MAT_VEC q4_K m=6144 n=1 k=2048: 56 x 1307.15 us = 73200.4 us (19.2477 GFLOPS/s)
MUL_MAT_VEC q6_K m=248320 n=1 k=2048: 1 x 54922.8 us = 54922.8 us (18.5145 GFLOPS/s)
MUL_MAT_VEC q6_K m=512 n=1 k=2048: 2 x 867.26 us = 1734.52 us (2.41754 GFLOPS/s)
MUL_MAT_VEC q6_K m=6144 n=1 k=2048: 10 x 1562.76 us = 15627.6 us (16.0996 GFLOPS/s)
RMS_NORM_MUL RMS_NORM(128,16,1,1): 18 x 350.517 us = 6309.32 us
RMS_NORM_MUL RMS_NORM(2048,1,1,1): 49 x 395.573 us = 19383.1 us
RMS_NORM_MUL RMS_NORM(256,2,1,1): 6 x 477.533 us = 2865.2 us
RMS_NORM_MUL RMS_NORM(256,8,1,1): 6 x 481.82 us = 2890.92 us
ROPE: 12 x 472.333 us = 5668 us
SET_ROWS: 12 x 475.116 us = 5701.4 us
SIGMOID: 24 x 361.975 us = 8687.4 us
SILU: 18 x 328.071 us = 5905.28 us
SOFTPLUS: 18 x 325.96 us = 5867.28 us
SSM_CONV_SILU SSM_CONV: 18 x 277.708 us = 4998.76 us
Total time: 393501 us.
----------------
Vulkan Timings:
ADD: 36 x 252.693 us = 9096.96 us
CONCAT: 18 x 300.222 us = 5404 us
CONT: 6 x 470.833 us = 2825 us
CPY: 36 x 302.171 us = 10878.2 us
FLASH_ATTN_EXT dst(256,8,1,1),  q(256,1,8,1),  k(256,256,2,1),  v(256,256,2,1),  m(256,1,1,1): 6 x 606.933 us = 3641.6 us (3.45533 GFLOPS/s)
GATED_DELTA_NET: 18 x 384.366 us = 6918.6 us
GET_ROWS: 38 x 442.201 us = 16803.6 us
GLU: 24 x 320.328 us = 7687.88 us
L2_NORM: 36 x 261.13 us = 9400.68 us
MUL: 42 x 285.975 us = 12011 us
MUL_MAT f32 m=64 n=32 k=64: 6 x 688.313 us = 4129.88 us (0.377874 GFLOPS/s)
MUL_MAT_ADD MUL_MAT_VEC q4_K m=2048 n=1 k=2048: 6 x 832.833 us = 4997 us (10.0699 GFLOPS/s)
MUL_MAT_ADD MUL_MAT_VEC q4_K m=2048 n=1 k=6144: 12 x 1012.25 us = 12147 us (24.8593 GFLOPS/s)
MUL_MAT_ADD MUL_MAT_VEC q6_K m=2048 n=1 k=6144: 12 x 1827.11 us = 21925.3 us (13.7724 GFLOPS/s)
MUL_MAT_VEC f32 m=256 n=2 k=256: 6 x 472.793 us = 2836.76 us (0.553375 GFLOPS/s)
MUL_MAT_VEC f32 m=256 n=8 k=256: 6 x 690.906 us = 4145.44 us (1.51472 GFLOPS/s)
MUL_MAT_VEC f32 m=64 n=8 k=64: 6 x 471.06 us = 2826.36 us (0.138038 GFLOPS/s)
MUL_MAT_VEC q4_K m=16 n=1 k=2048: 36 x 327.608 us = 11793.9 us (0.199995 GFLOPS/s)
MUL_MAT_VEC q4_K m=2048 n=1 k=2048: 36 x 606.771 us = 21843.8 us (13.8216 GFLOPS/s)
MUL_MAT_VEC q4_K m=4096 n=1 k=2048: 6 x 954.633 us = 5727.8 us (17.5702 GFLOPS/s)
MUL_MAT_VEC q4_K m=512 n=1 k=2048: 10 x 243.612 us = 2436.12 us (8.60647 GFLOPS/s)
MUL_MAT_VEC q4_K m=6144 n=1 k=2048: 56 x 1309.48 us = 73331.1 us (19.2134 GFLOPS/s)
MUL_MAT_VEC q6_K m=248320 n=1 k=2048: 1 x 54898.4 us = 54898.4 us (18.5228 GFLOPS/s)
MUL_MAT_VEC q6_K m=512 n=1 k=2048: 2 x 872.22 us = 1744.44 us (2.4038 GFLOPS/s)
MUL_MAT_VEC q6_K m=6144 n=1 k=2048: 10 x 1565.21 us = 15652.1 us (16.0743 GFLOPS/s)
RMS_NORM_MUL RMS_NORM(128,16,1,1): 18 x 347.948 us = 6263.08 us
RMS_NORM_MUL RMS_NORM(2048,1,1,1): 49 x 389.79 us = 19099.7 us
RMS_NORM_MUL RMS_NORM(256,2,1,1): 6 x 472.986 us = 2837.92 us
RMS_NORM_MUL RMS_NORM(256,8,1,1): 6 x 484.633 us = 2907.8 us
ROPE: 12 x 471.623 us = 5659.48 us
SET_ROWS: 12 x 470.96 us = 5651.52 us
SIGMOID: 24 x 361.24 us = 8669.76 us
SILU: 18 x 327.293 us = 5891.28 us
SOFTPLUS: 18 x 322.388 us = 5803 us
SSM_CONV_SILU SSM_CONV: 18 x 275.688 us = 4962.4 us
Total time: 392849 us.
----------------
Vulkan Timings:
ADD: 36 x 253.465 us = 9124.76 us
CONCAT: 18 x 303.384 us = 5460.92 us
CONT: 6 x 477.973 us = 2867.84 us
CPY: 36 x 303.228 us = 10916.2 us
FLASH_ATTN_EXT dst(256,8,1,1),  q(256,1,8,1),  k(256,256,2,1),  v(256,256,2,1),  m(256,1,1,1): 6 x 611.253 us = 3667.52 us (3.4309 GFLOPS/s)
GATED_DELTA_NET: 18 x 388.791 us = 6998.24 us
GET_ROWS: 38 x 441.967 us = 16794.8 us
GLU: 24 x 321.856 us = 7724.56 us
L2_NORM: 36 x 270.89 us = 9752.04 us
MUL: 42 x 286.707 us = 12041.7 us
MUL_MAT f32 m=64 n=32 k=64: 6 x 706.786 us = 4240.72 us (0.367998 GFLOPS/s)
MUL_MAT_ADD MUL_MAT_VEC q4_K m=2048 n=1 k=2048: 6 x 833.1 us = 4998.6 us (10.0667 GFLOPS/s)
MUL_MAT_ADD MUL_MAT_VEC q4_K m=2048 n=1 k=6144: 12 x 1017.02 us = 12204.2 us (24.7427 GFLOPS/s)
MUL_MAT_ADD MUL_MAT_VEC q6_K m=2048 n=1 k=6144: 12 x 1840.6 us = 22087.2 us (13.6715 GFLOPS/s)
MUL_MAT_VEC f32 m=256 n=2 k=256: 6 x 472.7 us = 2836.2 us (0.553484 GFLOPS/s)
MUL_MAT_VEC f32 m=256 n=8 k=256: 6 x 690.1 us = 4140.6 us (1.51649 GFLOPS/s)
MUL_MAT_VEC f32 m=64 n=8 k=64: 6 x 470.06 us = 2820.36 us (0.138331 GFLOPS/s)
MUL_MAT_VEC q4_K m=16 n=1 k=2048: 36 x 332.196 us = 11959.1 us (0.197233 GFLOPS/s)
MUL_MAT_VEC q4_K m=2048 n=1 k=2048: 36 x 609.147 us = 21929.3 us (13.7677 GFLOPS/s)
MUL_MAT_VEC q4_K m=4096 n=1 k=2048: 6 x 956.26 us = 5737.56 us (17.5403 GFLOPS/s)
MUL_MAT_VEC q4_K m=512 n=1 k=2048: 10 x 243.932 us = 2439.32 us (8.59518 GFLOPS/s)
MUL_MAT_VEC q4_K m=6144 n=1 k=2048: 56 x 1329.85 us = 74471.4 us (18.9192 GFLOPS/s)
MUL_MAT_VEC q6_K m=248320 n=1 k=2048: 1 x 54940.2 us = 54940.2 us (18.5087 GFLOPS/s)
MUL_MAT_VEC q6_K m=512 n=1 k=2048: 2 x 874.54 us = 1749.08 us (2.39742 GFLOPS/s)
MUL_MAT_VEC q6_K m=6144 n=1 k=2048: 10 x 1579.78 us = 15797.8 us (15.926 GFLOPS/s)
RMS_NORM_MUL RMS_NORM(128,16,1,1): 18 x 348.797 us = 6278.36 us
RMS_NORM_MUL RMS_NORM(2048,1,1,1): 49 x 392.476 us = 19231.4 us
RMS_NORM_MUL RMS_NORM(256,2,1,1): 6 x 478.226 us = 2869.36 us
RMS_NORM_MUL RMS_NORM(256,8,1,1): 6 x 476.953 us = 2861.72 us
ROPE: 12 x 470.423 us = 5645.08 us
SET_ROWS: 12 x 472.603 us = 5671.24 us
SIGMOID: 24 x 362.605 us = 8702.52 us
SILU: 18 x 341.324 us = 6143.84 us
SOFTPLUS: 18 x 325.573 us = 5860.32 us
SSM_CONV_SILU SSM_CONV: 18 x 277.308 us = 4991.56 us
Total time: 395956 us.
----------------
Vulkan Timings:
ADD: 36 x 253.837 us = 9138.16 us
CONCAT: 18 x 298.571 us = 5374.28 us
CONT: 6 x 478.233 us = 2869.4 us
CPY: 36 x 302.043 us = 10873.6 us
FLASH_ATTN_EXT dst(256,8,1,1),  q(256,1,8,1),  k(256,256,2,1),  v(256,256,2,1),  m(256,1,1,1): 6 x 613.993 us = 3683.96 us (3.41559 GFLOPS/s)
GATED_DELTA_NET: 18 x 385.351 us = 6936.32 us
GET_ROWS: 38 x 443.44 us = 16850.7 us
GLU: 24 x 319.948 us = 7678.76 us
L2_NORM: 36 x 260.987 us = 9395.56 us
MUL: 42 x 285.315 us = 11983.2 us
MUL_MAT f32 m=64 n=32 k=64: 6 x 686.32 us = 4117.92 us (0.378972 GFLOPS/s)
MUL_MAT_ADD MUL_MAT_VEC q4_K m=2048 n=1 k=2048: 6 x 833.58 us = 5001.48 us (10.0609 GFLOPS/s)
MUL_MAT_ADD MUL_MAT_VEC q4_K m=2048 n=1 k=6144: 12 x 1017.15 us = 12205.8 us (24.7394 GFLOPS/s)
MUL_MAT_ADD MUL_MAT_VEC q6_K m=2048 n=1 k=6144: 12 x 1837.37 us = 22048.4 us (13.6956 GFLOPS/s)
MUL_MAT_VEC f32 m=256 n=2 k=256: 6 x 474.773 us = 2848.64 us (0.551067 GFLOPS/s)
MUL_MAT_VEC f32 m=256 n=8 k=256: 6 x 693.62 us = 4161.72 us (1.50879 GFLOPS/s)
MUL_MAT_VEC f32 m=64 n=8 k=64: 6 x 474.74 us = 2848.44 us (0.136968 GFLOPS/s)
MUL_MAT_VEC q4_K m=16 n=1 k=2048: 36 x 327.648 us = 11795.4 us (0.19997 GFLOPS/s)
MUL_MAT_VEC q4_K m=2048 n=1 k=2048: 36 x 608.845 us = 21918.4 us (13.7745 GFLOPS/s)
MUL_MAT_VEC q4_K m=4096 n=1 k=2048: 6 x 958.686 us = 5752.12 us (17.4959 GFLOPS/s)
MUL_MAT_VEC q4_K m=512 n=1 k=2048: 10 x 244.172 us = 2441.72 us (8.58673 GFLOPS/s)
MUL_MAT_VEC q4_K m=6144 n=1 k=2048: 56 x 1314.89 us = 73633.6 us (19.1345 GFLOPS/s)
MUL_MAT_VEC q6_K m=248320 n=1 k=2048: 1 x 54873.2 us = 54873.2 us (18.5313 GFLOPS/s)
MUL_MAT_VEC q6_K m=512 n=1 k=2048: 2 x 870.3 us = 1740.6 us (2.4091 GFLOPS/s)
MUL_MAT_VEC q6_K m=6144 n=1 k=2048: 10 x 1572.39 us = 15723.9 us (16.0009 GFLOPS/s)
RMS_NORM_MUL RMS_NORM(128,16,1,1): 18 x 345.531 us = 6219.56 us
RMS_NORM_MUL RMS_NORM(2048,1,1,1): 49 x 393.751 us = 19293.8 us
RMS_NORM_MUL RMS_NORM(256,2,1,1): 6 x 471.58 us = 2829.48 us
RMS_NORM_MUL RMS_NORM(256,8,1,1): 6 x 481.506 us = 2889.04 us
ROPE: 12 x 474.106 us = 5689.28 us
SET_ROWS: 12 x 476.263 us = 5715.16 us
SIGMOID: 24 x 363.433 us = 8722.4 us
SILU: 18 x 325.888 us = 5866 us
SOFTPLUS: 18 x 322.313 us = 5801.64 us
SSM_CONV_SILU SSM_CONV: 18 x 278.082 us = 5005.48 us
Total time: 393927 us.
----------------
Vulkan Timings:
ADD: 36 x 254.441 us = 9159.88 us
CONCAT: 18 x 300.437 us = 5407.88 us
CONT: 6 x 473.366 us = 2840.2 us
CPY: 36 x 303.387 us = 10922 us
FLASH_ATTN_EXT dst(256,8,1,1),  q(256,1,8,1),  k(256,256,2,1),  v(256,256,2,1),  m(256,1,1,1): 6 x 608.013 us = 3648.08 us (3.44919 GFLOPS/s)
GATED_DELTA_NET: 18 x 383.471 us = 6902.48 us
GET_ROWS: 38 x 442.124 us = 16800.7 us
GLU: 24 x 320.061 us = 7681.48 us
L2_NORM: 36 x 262.425 us = 9447.32 us
MUL: 42 x 286.812 us = 12046.1 us
MUL_MAT f32 m=64 n=32 k=64: 6 x 683.633 us = 4101.8 us (0.380461 GFLOPS/s)
MUL_MAT_ADD MUL_MAT_VEC q4_K m=2048 n=1 k=2048: 6 x 832.646 us = 4995.88 us (10.0722 GFLOPS/s)
MUL_MAT_ADD MUL_MAT_VEC q4_K m=2048 n=1 k=6144: 12 x 1014.81 us = 12177.7 us (24.7966 GFLOPS/s)
MUL_MAT_ADD MUL_MAT_VEC q6_K m=2048 n=1 k=6144: 12 x 1837.31 us = 22047.8 us (13.696 GFLOPS/s)
MUL_MAT_VEC f32 m=256 n=2 k=256: 6 x 470.986 us = 2825.92 us (0.555498 GFLOPS/s)
MUL_MAT_VEC f32 m=256 n=8 k=256: 6 x 697.306 us = 4183.84 us (1.50081 GFLOPS/s)
MUL_MAT_VEC f32 m=64 n=8 k=64: 6 x 472.506 us = 2835.04 us (0.137615 GFLOPS/s)
MUL_MAT_VEC q4_K m=16 n=1 k=2048: 36 x 327.077 us = 11774.8 us (0.200319 GFLOPS/s)
MUL_MAT_VEC q4_K m=2048 n=1 k=2048: 36 x 608.525 us = 21906.9 us (13.7818 GFLOPS/s)
MUL_MAT_VEC q4_K m=4096 n=1 k=2048: 6 x 955.193 us = 5731.16 us (17.5599 GFLOPS/s)
MUL_MAT_VEC q4_K m=512 n=1 k=2048: 10 x 244.588 us = 2445.88 us (8.57213 GFLOPS/s)
MUL_MAT_VEC q4_K m=6144 n=1 k=2048: 56 x 1313.24 us = 73541.6 us (19.1584 GFLOPS/s)
MUL_MAT_VEC q6_K m=248320 n=1 k=2048: 1 x 54905 us = 54905 us (18.5205 GFLOPS/s)
MUL_MAT_VEC q6_K m=512 n=1 k=2048: 2 x 867.5 us = 1735 us (2.41688 GFLOPS/s)
MUL_MAT_VEC q6_K m=6144 n=1 k=2048: 10 x 1576.66 us = 15766.6 us (15.9576 GFLOPS/s)
RMS_NORM_MUL RMS_NORM(128,16,1,1): 18 x 348.304 us = 6269.48 us
RMS_NORM_MUL RMS_NORM(2048,1,1,1): 49 x 390.706 us = 19144.6 us
RMS_NORM_MUL RMS_NORM(256,2,1,1): 6 x 472 us = 2832 us
RMS_NORM_MUL RMS_NORM(256,8,1,1): 6 x 479.626 us = 2877.76 us
ROPE: 12 x 473.386 us = 5680.64 us
SET_ROWS: 12 x 474.186 us = 5690.24 us
SIGMOID: 24 x 362.926 us = 8710.24 us
SILU: 18 x 330.864 us = 5955.56 us
SOFTPLUS: 18 x 324.335 us = 5838.04 us
SSM_CONV_SILU SSM_CONV: 18 x 277.251 us = 4990.52 us
Total time: 393820 us.
----------------
Vulkan Timings:
ADD: 36 x 253.642 us = 9131.12 us
CONCAT: 18 x 300.786 us = 5414.16 us
CONT: 6 x 475.846 us = 2855.08 us
CPY: 36 x 303.482 us = 10925.4 us
FLASH_ATTN_EXT dst(256,8,1,1),  q(256,1,8,1),  k(256,256,2,1),  v(256,256,2,1),  m(256,1,1,1): 6 x 613.873 us = 3683.24 us (3.41626 GFLOPS/s)
GATED_DELTA_NET: 18 x 385.813 us = 6944.64 us
GET_ROWS: 38 x 444.565 us = 16893.5 us
GLU: 24 x 322.038 us = 7728.92 us
L2_NORM: 36 x 262.624 us = 9454.48 us
MUL: 42 x 286.811 us = 12046.1 us
MUL_MAT f32 m=64 n=32 k=64: 6 x 685.053 us = 4110.32 us (0.379673 GFLOPS/s)
MUL_MAT_ADD MUL_MAT_VEC q4_K m=2048 n=1 k=2048: 6 x 839.273 us = 5035.64 us (9.99264 GFLOPS/s)
MUL_MAT_ADD MUL_MAT_VEC q4_K m=2048 n=1 k=6144: 12 x 1029.04 us = 12348.4 us (24.4537 GFLOPS/s)
MUL_MAT_ADD MUL_MAT_VEC q6_K m=2048 n=1 k=6144: 12 x 1851.95 us = 22223.4 us (13.5877 GFLOPS/s)
MUL_MAT_VEC f32 m=256 n=2 k=256: 6 x 470.446 us = 2822.68 us (0.556135 GFLOPS/s)
MUL_MAT_VEC f32 m=256 n=8 k=256: 6 x 690.886 us = 4145.32 us (1.51476 GFLOPS/s)
MUL_MAT_VEC f32 m=64 n=8 k=64: 6 x 469.246 us = 2815.48 us (0.138571 GFLOPS/s)
MUL_MAT_VEC q4_K m=16 n=1 k=2048: 36 x 327.2 us = 11779.2 us (0.200244 GFLOPS/s)
MUL_MAT_VEC q4_K m=2048 n=1 k=2048: 36 x 613.318 us = 22079.5 us (13.6741 GFLOPS/s)
MUL_MAT_VEC q4_K m=4096 n=1 k=2048: 6 x 975.686 us = 5854.12 us (17.1911 GFLOPS/s)
MUL_MAT_VEC q4_K m=512 n=1 k=2048: 10 x 244.716 us = 2447.16 us (8.56765 GFLOPS/s)
MUL_MAT_VEC q4_K m=6144 n=1 k=2048: 56 x 1327.68 us = 74350 us (18.9501 GFLOPS/s)
MUL_MAT_VEC q6_K m=248320 n=1 k=2048: 1 x 54888.2 us = 54888.2 us (18.5262 GFLOPS/s)
MUL_MAT_VEC q6_K m=512 n=1 k=2048: 2 x 864.38 us = 1728.76 us (2.4256 GFLOPS/s)
MUL_MAT_VEC q6_K m=6144 n=1 k=2048: 10 x 1588.96 us = 15889.6 us (15.8341 GFLOPS/s)
RMS_NORM_MUL RMS_NORM(128,16,1,1): 18 x 353.166 us = 6357 us
RMS_NORM_MUL RMS_NORM(2048,1,1,1): 49 x 391.88 us = 19202.1 us
RMS_NORM_MUL RMS_NORM(256,2,1,1): 6 x 471.906 us = 2831.44 us
RMS_NORM_MUL RMS_NORM(256,8,1,1): 6 x 474.866 us = 2849.2 us
ROPE: 12 x 471.536 us = 5658.44 us
SET_ROWS: 12 x 480.08 us = 5760.96 us
SIGMOID: 24 x 363.825 us = 8731.8 us
SILU: 18 x 342.853 us = 6171.36 us
SOFTPLUS: 18 x 322.597 us = 5806.76 us
SSM_CONV_SILU SSM_CONV: 18 x 276.817 us = 4982.72 us
Total time: 395946 us.
----------------
Vulkan Timings:
ADD: 36 x 252.631 us = 9094.72 us
CONCAT: 18 x 299.128 us = 5384.32 us
CONT: 6 x 475.126 us = 2850.76 us
CPY: 36 x 301.576 us = 10856.8 us
FLASH_ATTN_EXT dst(256,8,1,1),  q(256,1,8,1),  k(256,256,2,1),  v(256,256,2,1),  m(256,1,1,1): 6 x 616.4 us = 3698.4 us (3.40226 GFLOPS/s)
GATED_DELTA_NET: 18 x 385.155 us = 6932.8 us
GET_ROWS: 38 x 441.901 us = 16792.2 us
GLU: 24 x 320.611 us = 7694.68 us
L2_NORM: 36 x 260.26 us = 9369.36 us
MUL: 42 x 285.755 us = 12001.7 us
MUL_MAT f32 m=64 n=32 k=64: 6 x 685.546 us = 4113.28 us (0.379399 GFLOPS/s)
MUL_MAT_ADD MUL_MAT_VEC q4_K m=2048 n=1 k=2048: 6 x 832.16 us = 4992.96 us (10.0781 GFLOPS/s)
MUL_MAT_ADD MUL_MAT_VEC q4_K m=2048 n=1 k=6144: 12 x 1013.05 us = 12156.6 us (24.8397 GFLOPS/s)
MUL_MAT_ADD MUL_MAT_VEC q6_K m=2048 n=1 k=6144: 12 x 1850.21 us = 22202.6 us (13.6005 GFLOPS/s)
MUL_MAT_VEC f32 m=256 n=2 k=256: 6 x 471.94 us = 2831.64 us (0.554376 GFLOPS/s)
MUL_MAT_VEC f32 m=256 n=8 k=256: 6 x 691.446 us = 4148.68 us (1.51353 GFLOPS/s)
MUL_MAT_VEC f32 m=64 n=8 k=64: 6 x 467.406 us = 2804.44 us (0.139117 GFLOPS/s)
MUL_MAT_VEC q4_K m=16 n=1 k=2048: 36 x 328.283 us = 11818.2 us (0.199584 GFLOPS/s)
MUL_MAT_VEC q4_K m=2048 n=1 k=2048: 36 x 606.36 us = 21829 us (13.831 GFLOPS/s)
MUL_MAT_VEC q4_K m=4096 n=1 k=2048: 6 x 952.766 us = 5716.6 us (17.6046 GFLOPS/s)
MUL_MAT_VEC q4_K m=512 n=1 k=2048: 10 x 242.732 us = 2427.32 us (8.63767 GFLOPS/s)
MUL_MAT_VEC q4_K m=6144 n=1 k=2048: 56 x 1310 us = 73360 us (19.2059 GFLOPS/s)
MUL_MAT_VEC q6_K m=248320 n=1 k=2048: 1 x 54893.8 us = 54893.8 us (18.5243 GFLOPS/s)
MUL_MAT_VEC q6_K m=512 n=1 k=2048: 2 x 866.94 us = 1733.88 us (2.41844 GFLOPS/s)
MUL_MAT_VEC q6_K m=6144 n=1 k=2048: 10 x 1569.62 us = 15696.2 us (16.0292 GFLOPS/s)
RMS_NORM_MUL RMS_NORM(128,16,1,1): 18 x 347.188 us = 6249.4 us
RMS_NORM_MUL RMS_NORM(2048,1,1,1): 49 x 389.844 us = 19102.4 us
RMS_NORM_MUL RMS_NORM(256,2,1,1): 6 x 469.44 us = 2816.64 us
RMS_NORM_MUL RMS_NORM(256,8,1,1): 6 x 477.68 us = 2866.08 us
ROPE: 12 x 470.3 us = 5643.6 us
SET_ROWS: 12 x 471.963 us = 5663.56 us
SIGMOID: 24 x 361.86 us = 8684.64 us
SILU: 18 x 326.955 us = 5885.2 us
SOFTPLUS: 18 x 320.726 us = 5773.08 us
SSM_CONV_SILU SSM_CONV: 18 x 278.524 us = 5013.44 us
Total time: 393099 us.
----------------
Vulkan Timings:
ADD: 36 x 254.648 us = 9167.36 us
CONCAT: 18 x 300.693 us = 5412.48 us
CONT: 6 x 473.126 us = 2838.76 us
CPY: 36 x 303.072 us = 10910.6 us
FLASH_ATTN_EXT dst(256,8,1,1),  q(256,1,8,1),  k(256,256,2,1),  v(256,256,2,1),  m(256,1,1,1): 6 x 613.366 us = 3680.2 us (3.41908 GFLOPS/s)
GATED_DELTA_NET: 18 x 386.095 us = 6949.72 us
GET_ROWS: 38 x 449.51 us = 17081.4 us
GLU: 24 x 320.533 us = 7692.8 us
L2_NORM: 36 x 262.2 us = 9439.2 us
MUL: 42 x 285.996 us = 12011.8 us
MUL_MAT f32 m=64 n=32 k=64: 6 x 688.653 us = 4131.92 us (0.377688 GFLOPS/s)
MUL_MAT_ADD MUL_MAT_VEC q4_K m=2048 n=1 k=2048: 6 x 832.693 us = 4996.16 us (10.0716 GFLOPS/s)
MUL_MAT_ADD MUL_MAT_VEC q4_K m=2048 n=1 k=6144: 12 x 1022.42 us = 12269 us (24.612 GFLOPS/s)
MUL_MAT_ADD MUL_MAT_VEC q6_K m=2048 n=1 k=6144: 12 x 1844.09 us = 22129.1 us (13.6456 GFLOPS/s)
MUL_MAT_VEC f32 m=256 n=2 k=256: 6 x 476.353 us = 2858.12 us (0.549239 GFLOPS/s)
MUL_MAT_VEC f32 m=256 n=8 k=256: 6 x 690.173 us = 4141.04 us (1.51633 GFLOPS/s)
MUL_MAT_VEC f32 m=64 n=8 k=64: 6 x 472.246 us = 2833.48 us (0.137691 GFLOPS/s)
MUL_MAT_VEC q4_K m=16 n=1 k=2048: 36 x 333.034 us = 11989.2 us (0.196736 GFLOPS/s)
MUL_MAT_VEC q4_K m=2048 n=1 k=2048: 36 x 609.414 us = 21938.9 us (13.7617 GFLOPS/s)
MUL_MAT_VEC q4_K m=4096 n=1 k=2048: 6 x 963.566 us = 5781.4 us (17.4073 GFLOPS/s)
MUL_MAT_VEC q4_K m=512 n=1 k=2048: 10 x 244.22 us = 2442.2 us (8.58505 GFLOPS/s)
MUL_MAT_VEC q4_K m=6144 n=1 k=2048: 56 x 1319.78 us = 73907.9 us (19.0635 GFLOPS/s)
MUL_MAT_VEC q6_K m=248320 n=1 k=2048: 1 x 54951.3 us = 54951.3 us (18.5049 GFLOPS/s)
MUL_MAT_VEC q6_K m=512 n=1 k=2048: 2 x 870.3 us = 1740.6 us (2.4091 GFLOPS/s)
MUL_MAT_VEC q6_K m=6144 n=1 k=2048: 10 x 1573.38 us = 15733.8 us (15.9909 GFLOPS/s)
RMS_NORM_MUL RMS_NORM(128,16,1,1): 18 x 346.893 us = 6244.08 us
RMS_NORM_MUL RMS_NORM(2048,1,1,1): 49 x 391.776 us = 19197 us
RMS_NORM_MUL RMS_NORM(256,2,1,1): 6 x 475.673 us = 2854.04 us
RMS_NORM_MUL RMS_NORM(256,8,1,1): 6 x 479.913 us = 2879.48 us
ROPE: 12 x 471.626 us = 5659.52 us
SET_ROWS: 12 x 475.036 us = 5700.44 us
SIGMOID: 24 x 361.568 us = 8677.64 us
SILU: 18 x 327.257 us = 5890.64 us
SOFTPLUS: 18 x 323.882 us = 5829.88 us
SSM_CONV_SILU SSM_CONV: 18 x 278.177 us = 5007.2 us
Total time: 394969 us.
----------------
Vulkan Timings:
ADD: 36 x 254.818 us = 9173.48 us
CONCAT: 18 x 300.944 us = 5417 us
CONT: 6 x 475.526 us = 2853.16 us
CPY: 36 x 304.096 us = 10947.5 us
FLASH_ATTN_EXT dst(256,8,1,1),  q(256,1,8,1),  k(256,256,2,1),  v(256,256,2,1),  m(256,1,1,1): 6 x 637.566 us = 3825.4 us (3.28931 GFLOPS/s)
GATED_DELTA_NET: 18 x 385.051 us = 6930.92 us
GET_ROWS: 38 x 441.853 us = 16790.4 us
GLU: 24 x 320.921 us = 7702.12 us
L2_NORM: 36 x 262.992 us = 9467.72 us
MUL: 42 x 285.984 us = 12011.4 us
MUL_MAT f32 m=64 n=32 k=64: 6 x 684.733 us = 4108.4 us (0.37985 GFLOPS/s)
MUL_MAT_ADD MUL_MAT_VEC q4_K m=2048 n=1 k=2048: 6 x 833.146 us = 4998.88 us (10.0661 GFLOPS/s)
MUL_MAT_ADD MUL_MAT_VEC q4_K m=2048 n=1 k=6144: 12 x 1011.61 us = 12139.4 us (24.8749 GFLOPS/s)
MUL_MAT_ADD MUL_MAT_VEC q6_K m=2048 n=1 k=6144: 12 x 1832.11 us = 21985.3 us (13.7349 GFLOPS/s)
MUL_MAT_VEC f32 m=256 n=2 k=256: 6 x 472.106 us = 2832.64 us (0.55418 GFLOPS/s)
MUL_MAT_VEC f32 m=256 n=8 k=256: 6 x 692.186 us = 4153.12 us (1.51192 GFLOPS/s)
MUL_MAT_VEC f32 m=64 n=8 k=64: 6 x 471.153 us = 2826.92 us (0.13801 GFLOPS/s)
MUL_MAT_VEC q4_K m=16 n=1 k=2048: 36 x 326.992 us = 11771.7 us (0.200372 GFLOPS/s)
MUL_MAT_VEC q4_K m=2048 n=1 k=2048: 36 x 608.822 us = 21917.6 us (13.7751 GFLOPS/s)
MUL_MAT_VEC q4_K m=4096 n=1 k=2048: 6 x 953.913 us = 5723.48 us (17.5835 GFLOPS/s)
MUL_MAT_VEC q4_K m=512 n=1 k=2048: 10 x 244.8 us = 2448 us (8.56471 GFLOPS/s)
MUL_MAT_VEC q4_K m=6144 n=1 k=2048: 56 x 1309.78 us = 73347.8 us (19.2091 GFLOPS/s)
MUL_MAT_VEC q6_K m=248320 n=1 k=2048: 1 x 54929.2 us = 54929.2 us (18.5124 GFLOPS/s)
MUL_MAT_VEC q6_K m=512 n=1 k=2048: 2 x 865.34 us = 1730.68 us (2.42291 GFLOPS/s)
MUL_MAT_VEC q6_K m=6144 n=1 k=2048: 10 x 1567.05 us = 15670.5 us (16.0555 GFLOPS/s)
RMS_NORM_MUL RMS_NORM(128,16,1,1): 18 x 348.266 us = 6268.8 us
RMS_NORM_MUL RMS_NORM(2048,1,1,1): 49 x 391.534 us = 19185.2 us
RMS_NORM_MUL RMS_NORM(256,2,1,1): 6 x 480.013 us = 2880.08 us
RMS_NORM_MUL RMS_NORM(256,8,1,1): 6 x 480.486 us = 2882.92 us
ROPE: 12 x 471.996 us = 5663.96 us
SET_ROWS: 12 x 471.803 us = 5661.64 us
SIGMOID: 24 x 375.846 us = 9020.32 us
SILU: 18 x 329.024 us = 5922.44 us
SOFTPLUS: 18 x 323.411 us = 5821.4 us
SSM_CONV_SILU SSM_CONV: 18 x 278.517 us = 5013.32 us
Total time: 394023 us.
----------------
Vulkan Timings:
ADD: 36 x 252.875 us = 9103.52 us
CONCAT: 18 x 300.088 us = 5401.6 us
CONT: 6 x 481.88 us = 2891.28 us
CPY: 36 x 301.463 us = 10852.7 us
FLASH_ATTN_EXT dst(256,8,1,1),  q(256,1,8,1),  k(256,256,2,1),  v(256,256,2,1),  m(256,1,1,1): 6 x 610.986 us = 3665.92 us (3.4324 GFLOPS/s)
GATED_DELTA_NET: 18 x 387.275 us = 6970.96 us
GET_ROWS: 38 x 442.764 us = 16825 us
GLU: 24 x 319.476 us = 7667.44 us
L2_NORM: 36 x 260.671 us = 9384.16 us
MUL: 42 x 285.912 us = 12008.3 us
MUL_MAT f32 m=64 n=32 k=64: 6 x 688.14 us = 4128.84 us (0.37797 GFLOPS/s)
MUL_MAT_ADD MUL_MAT_VEC q4_K m=2048 n=1 k=2048: 6 x 835.173 us = 5011.04 us (10.0417 GFLOPS/s)
MUL_MAT_ADD MUL_MAT_VEC q4_K m=2048 n=1 k=6144: 12 x 1015.81 us = 12189.7 us (24.7721 GFLOPS/s)
MUL_MAT_ADD MUL_MAT_VEC q6_K m=2048 n=1 k=6144: 12 x 1835.59 us = 22027.1 us (13.7088 GFLOPS/s)
MUL_MAT_VEC f32 m=256 n=2 k=256: 6 x 473.06 us = 2838.36 us (0.553063 GFLOPS/s)
MUL_MAT_VEC f32 m=256 n=8 k=256: 6 x 690.32 us = 4141.92 us (1.516 GFLOPS/s)
MUL_MAT_VEC f32 m=64 n=8 k=64: 6 x 472.826 us = 2836.96 us (0.137522 GFLOPS/s)
MUL_MAT_VEC q4_K m=16 n=1 k=2048: 36 x 325.322 us = 11711.6 us (0.2014 GFLOPS/s)
MUL_MAT_VEC q4_K m=2048 n=1 k=2048: 36 x 607.07 us = 21854.5 us (13.8148 GFLOPS/s)
MUL_MAT_VEC q4_K m=4096 n=1 k=2048: 6 x 956.206 us = 5737.24 us (17.5413 GFLOPS/s)
MUL_MAT_VEC q4_K m=512 n=1 k=2048: 10 x 243.052 us = 2430.52 us (8.6263 GFLOPS/s)
MUL_MAT_VEC q4_K m=6144 n=1 k=2048: 56 x 1313.17 us = 73537.4 us (19.1595 GFLOPS/s)
MUL_MAT_VEC q6_K m=248320 n=1 k=2048: 1 x 54814.3 us = 54814.3 us (18.5512 GFLOPS/s)
MUL_MAT_VEC q6_K m=512 n=1 k=2048: 2 x 864.62 us = 1729.24 us (2.42493 GFLOPS/s)
MUL_MAT_VEC q6_K m=6144 n=1 k=2048: 10 x 1569.31 us = 15693.1 us (16.0323 GFLOPS/s)
RMS_NORM_MUL RMS_NORM(128,16,1,1): 18 x 346.571 us = 6238.28 us
RMS_NORM_MUL RMS_NORM(2048,1,1,1): 49 x 390.738 us = 19146.2 us
RMS_NORM_MUL RMS_NORM(256,2,1,1): 6 x 471.2 us = 2827.2 us
RMS_NORM_MUL RMS_NORM(256,8,1,1): 6 x 482.773 us = 2896.64 us
ROPE: 12 x 473.516 us = 5682.2 us
SET_ROWS: 12 x 471.996 us = 5663.96 us
SIGMOID: 24 x 362.741 us = 8705.8 us
SILU: 18 x 326.128 us = 5870.32 us
SOFTPLUS: 18 x 321.186 us = 5781.36 us
SSM_CONV_SILU SSM_CONV: 18 x 276.322 us = 4973.8 us
Total time: 393239 us.
----------------
Vulkan Timings:
ADD: 36 x 252.411 us = 9086.8 us
CONCAT: 18 x 299.606 us = 5392.92 us
CONT: 6 x 473.173 us = 2839.04 us
CPY: 36 x 301.725 us = 10862.1 us
FLASH_ATTN_EXT dst(256,8,1,1),  q(256,1,8,1),  k(256,256,2,1),  v(256,256,2,1),  m(256,1,1,1): 6 x 614.866 us = 3689.2 us (3.41074 GFLOPS/s)
GATED_DELTA_NET: 18 x 385.688 us = 6942.4 us
GET_ROWS: 38 x 443.181 us = 16840.9 us
GLU: 24 x 320.088 us = 7682.12 us
L2_NORM: 36 x 261.204 us = 9403.36 us
MUL: 42 x 289.384 us = 12154.2 us
MUL_MAT f32 m=64 n=32 k=64: 6 x 688.42 us = 4130.52 us (0.377816 GFLOPS/s)
MUL_MAT_ADD MUL_MAT_VEC q4_K m=2048 n=1 k=2048: 6 x 834.026 us = 5004.16 us (10.0555 GFLOPS/s)
MUL_MAT_ADD MUL_MAT_VEC q4_K m=2048 n=1 k=6144: 12 x 1018.61 us = 12223.3 us (24.704 GFLOPS/s)
MUL_MAT_ADD MUL_MAT_VEC q6_K m=2048 n=1 k=6144: 12 x 1838.64 us = 22063.7 us (13.6861 GFLOPS/s)
MUL_MAT_VEC f32 m=256 n=2 k=256: 6 x 472.686 us = 2836.12 us (0.5535 GFLOPS/s)
MUL_MAT_VEC f32 m=256 n=8 k=256: 6 x 693.953 us = 4163.72 us (1.50807 GFLOPS/s)
MUL_MAT_VEC f32 m=64 n=8 k=64: 6 x 467.58 us = 2805.48 us (0.139065 GFLOPS/s)
MUL_MAT_VEC q4_K m=16 n=1 k=2048: 36 x 327.446 us = 11788.1 us (0.200094 GFLOPS/s)
MUL_MAT_VEC q4_K m=2048 n=1 k=2048: 36 x 608.88 us = 21919.7 us (13.7737 GFLOPS/s)
MUL_MAT_VEC q4_K m=4096 n=1 k=2048: 6 x 960.313 us = 5761.88 us (17.4663 GFLOPS/s)
MUL_MAT_VEC q4_K m=512 n=1 k=2048: 10 x 243.132 us = 2431.32 us (8.62346 GFLOPS/s)
MUL_MAT_VEC q4_K m=6144 n=1 k=2048: 56 x 1316.31 us = 73713.2 us (19.1138 GFLOPS/s)
MUL_MAT_VEC q6_K m=248320 n=1 k=2048: 1 x 54879 us = 54879 us (18.5293 GFLOPS/s)
MUL_MAT_VEC q6_K m=512 n=1 k=2048: 2 x 867.5 us = 1735 us (2.41688 GFLOPS/s)
MUL_MAT_VEC q6_K m=6144 n=1 k=2048: 10 x 1577.73 us = 15777.3 us (15.9467 GFLOPS/s)
RMS_NORM_MUL RMS_NORM(128,16,1,1): 18 x 348.6 us = 6274.8 us
RMS_NORM_MUL RMS_NORM(2048,1,1,1): 49 x 390.065 us = 19113.2 us
RMS_NORM_MUL RMS_NORM(256,2,1,1): 6 x 469.906 us = 2819.44 us
RMS_NORM_MUL RMS_NORM(256,8,1,1): 6 x 478.806 us = 2872.84 us
ROPE: 12 x 469.646 us = 5635.76 us
SET_ROWS: 12 x 473.53 us = 5682.36 us
SIGMOID: 24 x 361.831 us = 8683.96 us
SILU: 18 x 326.737 us = 5881.28 us
SOFTPLUS: 18 x 321.484 us = 5786.72 us
SSM_CONV_SILU SSM_CONV: 18 x 276.595 us = 4978.72 us
Total time: 393855 us.
----------------
Vulkan Timings:
ADD: 36 x 255.223 us = 9188.04 us
CONCAT: 18 x 301.268 us = 5422.84 us
CONT: 6 x 474.086 us = 2844.52 us
CPY: 36 x 304.496 us = 10961.9 us
FLASH_ATTN_EXT dst(256,8,1,1),  q(256,1,8,1),  k(256,256,2,1),  v(256,256,2,1),  m(256,1,1,1): 6 x 611.913 us = 3671.48 us (3.4272 GFLOPS/s)
GATED_DELTA_NET: 18 x 387.104 us = 6967.88 us
GET_ROWS: 38 x 446.526 us = 16968 us
GLU: 24 x 321.92 us = 7726.08 us
L2_NORM: 36 x 263.18 us = 9474.48 us
MUL: 42 x 286.5 us = 12033 us
MUL_MAT f32 m=64 n=32 k=64: 6 x 688.553 us = 4131.32 us (0.377743 GFLOPS/s)
MUL_MAT_ADD MUL_MAT_VEC q4_K m=2048 n=1 k=2048: 6 x 835.493 us = 5012.96 us (10.0379 GFLOPS/s)
MUL_MAT_ADD MUL_MAT_VEC q4_K m=2048 n=1 k=6144: 12 x 1017.74 us = 12212.9 us (24.7251 GFLOPS/s)
MUL_MAT_ADD MUL_MAT_VEC q6_K m=2048 n=1 k=6144: 12 x 1841.87 us = 22102.5 us (13.6621 GFLOPS/s)
MUL_MAT_VEC f32 m=256 n=2 k=256: 6 x 472.28 us = 2833.68 us (0.553976 GFLOPS/s)
MUL_MAT_VEC f32 m=256 n=8 k=256: 6 x 689.4 us = 4136.4 us (1.51803 GFLOPS/s)
MUL_MAT_VEC f32 m=64 n=8 k=64: 6 x 472.753 us = 2836.52 us (0.137543 GFLOPS/s)
MUL_MAT_VEC q4_K m=16 n=1 k=2048: 36 x 334.326 us = 12035.8 us (0.195976 GFLOPS/s)
MUL_MAT_VEC q4_K m=2048 n=1 k=2048: 36 x 610.022 us = 21960.8 us (13.748 GFLOPS/s)
MUL_MAT_VEC q4_K m=4096 n=1 k=2048: 6 x 956.233 us = 5737.4 us (17.5408 GFLOPS/s)
MUL_MAT_VEC q4_K m=512 n=1 k=2048: 10 x 245.02 us = 2450.2 us (8.55702 GFLOPS/s)
MUL_MAT_VEC q4_K m=6144 n=1 k=2048: 56 x 1315.23 us = 73652.8 us (19.1295 GFLOPS/s)
MUL_MAT_VEC q6_K m=248320 n=1 k=2048: 1 x 54936.9 us = 54936.9 us (18.5098 GFLOPS/s)
MUL_MAT_VEC q6_K m=512 n=1 k=2048: 2 x 869.68 us = 1739.36 us (2.41082 GFLOPS/s)
MUL_MAT_VEC q6_K m=6144 n=1 k=2048: 10 x 1579.09 us = 15790.9 us (15.933 GFLOPS/s)
RMS_NORM_MUL RMS_NORM(128,16,1,1): 18 x 348.104 us = 6265.88 us
RMS_NORM_MUL RMS_NORM(2048,1,1,1): 49 x 403.968 us = 19794.4 us
RMS_NORM_MUL RMS_NORM(256,2,1,1): 6 x 473.613 us = 2841.68 us
RMS_NORM_MUL RMS_NORM(256,8,1,1): 6 x 480.84 us = 2885.04 us
ROPE: 12 x 472.543 us = 5670.52 us
SET_ROWS: 12 x 472.94 us = 5675.28 us
SIGMOID: 24 x 362.575 us = 8701.8 us
SILU: 18 x 327.544 us = 5895.8 us
SOFTPLUS: 18 x 323.622 us = 5825.2 us
SSM_CONV_SILU SSM_CONV: 18 x 278.595 us = 5014.72 us
Total time: 395399 us.
0.30.474.774 I slot print_timing: id  0 | task 0 | prompt eval time =    1018.00 ms /    19 tokens (   53.58 ms per token,    18.66 tokens per second)
0.30.474.859 I slot print_timing: id  0 | task 0 |        eval time =   25347.67 ms /    64 tokens (  402.34 ms per token,     2.49 tokens per second)
0.30.474.889 I slot print_timing: id  0 | task 0 |       total time =   26365.68 ms /    83 tokens
0.30.474.917 I slot print_timing: id  0 | task 0 |    graphs reused =         63
0.30.474.975 I slot      release: id  0 | task 0 | stop processing: n_tokens = 82, truncated = 0
0.30.502.376 I srv    operator(): operator(): cleaning up before exit...
