shader: MESA_SHADER_COMPUTE
source_blake3: {0x624f4199, 0xe4f289ec, 0xc80ceb13, 0x91525c2b, 0xf4f71d61, 0xa4684daf, 0xeac6eecd, 0xeefd05ca}
spec[0] = 0x00000040
spec[1] = 0x00000002
spec[2] = 0x00000001
workgroup_size: 64, 1, 1
num_ssbos: 6
system_values_read: 0x00000000'00000000'00048400'00000082
shared_size: 8
api_subgroup_size: 64
max_subgroup_size: 64
min_subgroup_size: 64
uses_wide_subgroup_intrinsics: true
bit_sizes_float: 0x30
bit_sizes_int: 0x39
separate_shader: true
flrp_lowered: true
writes_memory: true
uniforms: 52
decl_var push_const INTERP_MODE_NONE none block #0
decl_var ssbo INTERP_MODE_NONE restrict readonly block#2 #1 (~0, 0, 3)
decl_var ssbo INTERP_MODE_NONE restrict readonly block#2 #3 (~0, 0, 4)
decl_var ssbo INTERP_MODE_NONE restrict writeonly block#2 #4 (~0, 0, 2)
decl_var ssbo INTERP_MODE_NONE restrict readonly block#6 #5 (~0, 0, 0)
decl_var ssbo INTERP_MODE_NONE restrict readonly block#8 #7 (~0, 0, 0)
decl_var ssbo INTERP_MODE_NONE restrict readonly block#10 #9 (~0, 0, 1)
decl_function main () (entrypoint)

impl main {
    block b0:     // preds:
    32       %0 = @load_scalar_arg_amd (base=14, arg_upper_bound_u32_amd=0, arg_num_lsb_zero=0)
    32       %1 = @load_scalar_arg_amd (base=15, arg_upper_bound_u32_amd=65535, arg_num_lsb_zero=0)
    32       %2 = @load_scalar_arg_amd (base=16, arg_upper_bound_u32_amd=65535, arg_num_lsb_zero=0)
    32x2     %3 = @load_scalar_arg_amd (base=13, arg_upper_bound_u32_amd=0, arg_num_lsb_zero=0)
    32       %4 = load_const (0x00000000 = 0.000000)
    64       %5 = pack_64_2x32_split %3.x, %3.y
    32       %6 = @load_global_amd (%5, %4 (0x0)) (base=0, access=readonly|reorderable|speculatable|smem-amd, align_mul=4, align_offset=0)
    32       %7 = imul %6, %2
    32       %8 = iadd %0, %7
    32       %9 = @load_scalar_arg_amd (base=3, arg_upper_bound_u32_amd=0, arg_num_lsb_zero=0)
    32      %10 = load_const (0x00000001)
    32      %11 = ishl %8, %10 (0x1)
    32      %12 = load_const (0x00000002)
    32      %13 = iadd %11, %12 (0x2)
    1       %14 = uge %9, %13
                  // succs: b1 b44
    if %14 {
        block b1:     // preds: b0
        32      %15 = @load_vector_arg_amd (base=19, arg_upper_bound_u32_amd=63, arg_num_lsb_zero=0)
        32      %16 = @load_scalar_arg_amd (base=8, arg_upper_bound_u32_amd=0, arg_num_lsb_zero=0)
        32      %17 = @load_scalar_arg_amd (base=9, arg_upper_bound_u32_amd=0, arg_num_lsb_zero=0)
        32      %18 = @load_scalar_arg_amd (base=10, arg_upper_bound_u32_amd=0, arg_num_lsb_zero=0)
        32      %19 = @load_scalar_arg_amd (base=11, arg_upper_bound_u32_amd=0, arg_num_lsb_zero=0)
        32      %20 = iadd %1, %16
        1       %21 = ine %20, %4 (0x0)
                      // succs: b2 b3
        if %21 {
            block b2:     // preds: b1
            32      %22 = load_const (0x4f7ffffe = 4.294967e+09)
            32      %23 = u2f32 %18 // exact
            32      %24 = frcp %23 // exact
            32      %25 = fmul %24, %22 (4.294967e+09) // exact
            32      %26 = f2u32 %25 // exact
            32      %27 = imul %18, %26
            32      %28 = isub %4 (0x0), %27
            32      %29 = umul_high %26, %28
            32      %30 = iadd %26, %29
            32      %31 = umul_high %20, %30
            32      %32 = imul %31, %18
            32      %33 = isub %20, %32
            1       %34 = uge %33, %18
            32      %35 = b2i32 %34
            32      %36 = iadd %31, %35
            32      %37 = isub %33, %18
            32      %38 = bcsel %34, %37, %33
            1       %39 = uge %38, %18
            32      %40 = b2i32 %39
            32      %41 = iadd %36, %40
            32      %42 = isub %38, %18
            32      %43 = bcsel %39, %42, %38
            32      %44 = @load_scalar_arg_amd (base=12, arg_upper_bound_u32_amd=0, arg_num_lsb_zero=0)
            32      %45 = u2f32 %44 // exact
            32      %46 = frcp %45 // exact
            32      %47 = fmul %46, %22 (4.294967e+09) // exact
            32      %48 = f2u32 %47 // exact
            32      %49 = imul %44, %48
            32      %50 = isub %4 (0x0), %49
            32      %51 = umul_high %48, %50
            32      %52 = iadd %48, %51
            32      %53 = umul_high %41, %52
            32      %54 = imul %53, %44
            32      %55 = isub %41, %54
            1       %56 = uge %55, %44
            32      %57 = b2i32 %56
            32      %58 = iadd %53, %57
            32      %59 = isub %55, %44
            32      %60 = bcsel %56, %59, %55
            1       %61 = uge %60, %44
            32      %62 = b2i32 %61
            32      %63 = iadd %58, %62
            32      %64 = u2f32 %19 // exact
            32      %65 = frcp %64 // exact
            32      %66 = fmul %65, %22 (4.294967e+09) // exact
            32      %67 = f2u32 %66 // exact
            32      %68 = imul %19, %67
            32      %69 = isub %4 (0x0), %68
            32      %70 = umul_high %67, %69
            32      %71 = iadd %67, %70
            32      %72 = umul_high %43, %71
            32      %73 = imul %72, %19
            32      %74 = isub %43, %73
            1       %75 = uge %74, %19
            32      %76 = b2i32 %75
            32      %77 = iadd %72, %76
            32      %78 = isub %74, %19
            32      %79 = bcsel %75, %78, %74
            1       %80 = uge %79, %19
            32      %81 = b2i32 %80
            32      %82 = iadd %77, %81
            32      %83 = imul %63, %17
            32      %84 = iadd %83, %82
                          // succs: b4
        } else {
            block b3:  // preds: b1, succs: b4
        }
        block b4:     // preds: b2 b3
        32      %85 = phi b2: %84, b3: %4 (0x0)
        32      %86 = @load_scalar_arg_amd (base=4, arg_upper_bound_u32_amd=0, arg_num_lsb_zero=0)
        32      %87 = @load_scalar_arg_amd (base=5, arg_upper_bound_u32_amd=0, arg_num_lsb_zero=0)
        32      %88 = load_const (0x00000005)
        32      %89 = ushr %86, %88 (0x5)
        32      %90 = imul %85, %89
        32      %91 = @load_scalar_arg_amd (base=6, arg_upper_bound_u32_amd=0, arg_num_lsb_zero=0)
        32      %92 = @load_scalar_arg_amd (base=2, arg_upper_bound_u32_amd=0, arg_num_lsb_zero=0)
        32      %93 = load_const (0x00000003)
        32      %94 = ishl %15, %93 (0x3)
        32      %95 = load_const (0xfffffe00 = -512 = 4294966784)
        32      %96 = iand %92, %95 (0xfffffe00)
        32      %97 = iadd %96, %94
        1       %98 = ult %97, %92
        32      %99 = b2i32 %98
        32     %100 = load_const (0x00000009)
        32     %101 = ushr %92, %100 (0x9)
        32     %102 = iadd %101, %99
        32     %103 = load_const (0x00000010 = 16)
        32     %104 = load_const (0xfffffffc = -4 = 4294967292)
        32     %105 = iand %102, %104 (0xfffffffc)
                      // succs: b5
        loop {
            block b5:     // preds: b4 b8
            32     %106 = phi b4: %4 (0x0), b8: %552
            32     %107 = phi b4: %4 (0x0), b8: %504
            32     %108 = phi b4: %4 (0x0), b8: %553
            1      %109 = uge %108, %105
                          // succs: b6 b7
            if %109 {
                block b6:// preds: b5
                break
                // succs: b9
            } else {
                block b7:  // preds: b5, succs: b8
            }
            block b8:     // preds: b7
            32     %110 = ishl %108, %100 (0x9)
            32     %111 = iadd %110, %94
            32     %112 = load_const (0x0000001f = 31)
            32     %113 = iand %111, %112 (0x1f)
            32     %114 = isub %111, %113
            32     %115 = imul %87, %20
            32     %116 = iadd %115, %114
            32     %117 = iadd %116, %113
            32     %118 = @load_scalar_arg_amd (base=1, arg_upper_bound_u32_amd=0, arg_num_lsb_zero=2)
            32     %119 = load_const (0xffff8000 = -32768 = 4294934528)
            64     %120 = pack_64_2x32_split %118, %119 (0xffff8000)
            32x8   %121 = @load_global_amd (%120, %4 (0x0)) (base=0, access=readonly|reorderable|speculatable|smem-amd, align_mul=4, align_offset=0)
            32x4   %122 = vec4 %121.e, %121.f, %121.g, %121.h
            32     %123 = ushr %117, %12 (0x2)
            32     %124 = load_const (0x00000004)
            32     %125 = ishl %123, %124 (0x4)
            32x4   %126 = @load_ssbo (%122, %125) (access=readonly|reorderable, align_mul=16, align_offset=0, offset_shift=0)
            32     %127 = iadd %125, %103 (0x10)
            32x4   %128 = @load_ssbo (%122, %127) (access=readonly|reorderable, align_mul=16, align_offset=0, offset_shift=0)
            32     %129 = imul %11, %92
            32     %130 = iadd %129, %111
            32     %131 = iadd %129, %92
            32     %132 = ushr %130, %88 (0x5)
            32     %133 = iadd %90, %132
            32     %134 = load_const (0x00000022 = 34)
            32     %135 = imul %133, %134 (0x22)
            32     %136 = iadd %12 (0x2), %135
            32     %137 = iadd %136, %113
            32     %138 = iand %136, %104 (0xfffffffc)
            32     %139 = iadd %138, %113
            32x4   %140 = vec4 %121.a, %121.b, %121.c, %121.d
            32x3   %141 = @load_ssbo (%140, %139) (access=readonly|reorderable, align_mul=4, align_offset=0, offset_shift=0)
            32     %142 = alignbyte_amd %141.y, %141.x, %137
            32     %143 = alignbyte_amd %141.z, %141.y, %137
            16     %144 = @load_ssbo (%140, %135) (access=readonly|reorderable, align_mul=2, align_offset=0, offset_shift=0)
            16x2   %145 = unpack_32_2x16 %142
            32     %146 = i2i32 %145.y
            8x4    %147 = unpack_32_4x8 %146
            32     %148 = i2f32 %147.y
            32     %149 = fmul %126.w, %148
            32     %150 = i2f32 %147.x
            32     %151 = fmul %126.z, %150
            32     %152 = i2i32 %145.x
            8x4    %153 = unpack_32_4x8 %152
            32     %154 = i2f32 %153.y
            32     %155 = fmul %126.y, %154
            32     %156 = i2f32 %153.x
            32     %157 = fmul %126.x, %156
            16x2   %158 = unpack_32_2x16 %143
            32     %159 = i2i32 %158.y
            8x4    %160 = unpack_32_4x8 %159
            32     %161 = i2f32 %160.y
            32     %162 = fmul %128.w, %161
            32     %163 = i2f32 %160.x
            32     %164 = fmul %128.z, %163
            32     %165 = fadd %162, %164
            32     %166 = i2i32 %158.x
            8x4    %167 = unpack_32_4x8 %166
            32     %168 = i2f32 %167.y
            32     %169 = fmul %128.y, %168
            32     %170 = fadd %165, %169
            32     %171 = i2f32 %167.x
            32     %172 = fmul %128.x, %171
            32     %173 = fadd %170, %172
            32     %174 = fadd %151, %173
            32     %175 = fadd %149, %174
            32     %176 = fadd %155, %175
            32     %177 = fadd %157, %176
            32     %178 = f2f32 %144
            32     %179 = fmul %177, %178
            32     %180 = fadd %179, %107
            32     %181 = iadd %131, %111
            32     %182 = ushr %181, %88 (0x5)
            32     %183 = iadd %90, %182
            32     %184 = imul %183, %134 (0x22)
            32     %185 = iadd %12 (0x2), %184
            32     %186 = iadd %185, %113
            32     %187 = iand %185, %104 (0xfffffffc)
            32     %188 = iadd %187, %113
            32x3   %189 = @load_ssbo (%140, %188) (access=readonly|reorderable, align_mul=4, align_offset=0, offset_shift=0)
            32     %190 = alignbyte_amd %189.y, %189.x, %186
            32     %191 = alignbyte_amd %189.z, %189.y, %186
            16     %192 = @load_ssbo (%140, %184) (access=readonly|reorderable, align_mul=2, align_offset=0, offset_shift=0)
            16x2   %193 = unpack_32_2x16 %190
            32     %194 = i2i32 %193.y
            8x4    %195 = unpack_32_4x8 %194
            32     %196 = i2f32 %195.y
            32     %197 = fmul %126.w, %196
            32     %198 = i2f32 %195.x
            32     %199 = fmul %126.z, %198
            32     %200 = i2i32 %193.x
            8x4    %201 = unpack_32_4x8 %200
            32     %202 = i2f32 %201.y
            32     %203 = fmul %126.y, %202
            32     %204 = i2f32 %201.x
            32     %205 = fmul %126.x, %204
            16x2   %206 = unpack_32_2x16 %191
            32     %207 = i2i32 %206.y
            8x4    %208 = unpack_32_4x8 %207
            32     %209 = i2f32 %208.y
            32     %210 = fmul %128.w, %209
            32     %211 = i2f32 %208.x
            32     %212 = fmul %128.z, %211
            32     %213 = fadd %210, %212
            32     %214 = i2i32 %206.x
            8x4    %215 = unpack_32_4x8 %214
            32     %216 = i2f32 %215.y
            32     %217 = fmul %128.y, %216
            32     %218 = fadd %213, %217
            32     %219 = i2f32 %215.x
            32     %220 = fmul %128.x, %219
            32     %221 = fadd %218, %220
            32     %222 = fadd %199, %221
            32     %223 = fadd %197, %222
            32     %224 = fadd %203, %223
            32     %225 = fadd %205, %224
            32     %226 = f2f32 %192
            32     %227 = fmul %225, %226
            32     %228 = fadd %227, %106
            32     %229 = load_const (0x00000200 = 512)
            32     %230 = iadd %110, %229 (0x200)
            32     %231 = iadd %230, %94
            32     %232 = iand %231, %112 (0x1f)
            32     %233 = isub %231, %232
            32     %234 = iadd %115, %233
            32     %235 = iadd %234, %232
            32     %236 = ushr %235, %12 (0x2)
            32     %237 = ishl %236, %124 (0x4)
            32x4   %238 = @load_ssbo (%122, %237) (access=readonly|reorderable, align_mul=16, align_offset=0, offset_shift=0)
            32     %239 = iadd %237, %103 (0x10)
            32x4   %240 = @load_ssbo (%122, %239) (access=readonly|reorderable, align_mul=16, align_offset=0, offset_shift=0)
            32     %241 = iadd %129, %231
            32     %242 = ushr %241, %88 (0x5)
            32     %243 = iadd %90, %242
            32     %244 = imul %243, %134 (0x22)
            32     %245 = iadd %12 (0x2), %244
            32     %246 = iadd %245, %232
            32     %247 = iand %245, %104 (0xfffffffc)
            32     %248 = iadd %247, %232
            32x3   %249 = @load_ssbo (%140, %248) (access=readonly|reorderable, align_mul=4, align_offset=0, offset_shift=0)
            32     %250 = alignbyte_amd %249.y, %249.x, %246
            32     %251 = alignbyte_amd %249.z, %249.y, %246
            16     %252 = @load_ssbo (%140, %244) (access=readonly|reorderable, align_mul=2, align_offset=0, offset_shift=0)
            16x2   %253 = unpack_32_2x16 %250
            32     %254 = i2i32 %253.y
            8x4    %255 = unpack_32_4x8 %254
            32     %256 = i2f32 %255.y
            32     %257 = fmul %238.w, %256
            32     %258 = i2f32 %255.x
            32     %259 = fmul %238.z, %258
            32     %260 = i2i32 %253.x
            8x4    %261 = unpack_32_4x8 %260
            32     %262 = i2f32 %261.y
            32     %263 = fmul %238.y, %262
            32     %264 = i2f32 %261.x
            32     %265 = fmul %238.x, %264
            16x2   %266 = unpack_32_2x16 %251
            32     %267 = i2i32 %266.y
            8x4    %268 = unpack_32_4x8 %267
            32     %269 = i2f32 %268.y
            32     %270 = fmul %240.w, %269
            32     %271 = i2f32 %268.x
            32     %272 = fmul %240.z, %271
            32     %273 = fadd %270, %272
            32     %274 = i2i32 %266.x
            8x4    %275 = unpack_32_4x8 %274
            32     %276 = i2f32 %275.y
            32     %277 = fmul %240.y, %276
            32     %278 = fadd %273, %277
            32     %279 = i2f32 %275.x
            32     %280 = fmul %240.x, %279
            32     %281 = fadd %278, %280
            32     %282 = fadd %259, %281
            32     %283 = fadd %257, %282
            32     %284 = fadd %263, %283
            32     %285 = fadd %265, %284
            32     %286 = f2f32 %252
            32     %287 = fmul %285, %286
            32     %288 = fadd %287, %180
            32     %289 = iadd %131, %231
            32     %290 = ushr %289, %88 (0x5)
            32     %291 = iadd %90, %290
            32     %292 = imul %291, %134 (0x22)
            32     %293 = iadd %12 (0x2), %292
            32     %294 = iadd %293, %232
            32     %295 = iand %293, %104 (0xfffffffc)
            32     %296 = iadd %295, %232
            32x3   %297 = @load_ssbo (%140, %296) (access=readonly|reorderable, align_mul=4, align_offset=0, offset_shift=0)
            32     %298 = alignbyte_amd %297.y, %297.x, %294
            32     %299 = alignbyte_amd %297.z, %297.y, %294
            16     %300 = @load_ssbo (%140, %292) (access=readonly|reorderable, align_mul=2, align_offset=0, offset_shift=0)
            16x2   %301 = unpack_32_2x16 %298
            32     %302 = i2i32 %301.y
            8x4    %303 = unpack_32_4x8 %302
            32     %304 = i2f32 %303.y
            32     %305 = fmul %238.w, %304
            32     %306 = i2f32 %303.x
            32     %307 = fmul %238.z, %306
            32     %308 = i2i32 %301.x
            8x4    %309 = unpack_32_4x8 %308
            32     %310 = i2f32 %309.y
            32     %311 = fmul %238.y, %310
            32     %312 = i2f32 %309.x
            32     %313 = fmul %238.x, %312
            16x2   %314 = unpack_32_2x16 %299
            32     %315 = i2i32 %314.y
            8x4    %316 = unpack_32_4x8 %315
            32     %317 = i2f32 %316.y
            32     %318 = fmul %240.w, %317
            32     %319 = i2f32 %316.x
            32     %320 = fmul %240.z, %319
            32     %321 = fadd %318, %320
            32     %322 = i2i32 %314.x
            8x4    %323 = unpack_32_4x8 %322
            32     %324 = i2f32 %323.y
            32     %325 = fmul %240.y, %324
            32     %326 = fadd %321, %325
            32     %327 = i2f32 %323.x
            32     %328 = fmul %240.x, %327
            32     %329 = fadd %326, %328
            32     %330 = fadd %307, %329
            32     %331 = fadd %305, %330
            32     %332 = fadd %311, %331
            32     %333 = fadd %313, %332
            32     %334 = f2f32 %300
            32     %335 = fmul %333, %334
            32     %336 = fadd %335, %228
            32     %337 = load_const (0x00000400 = 1024)
            32     %338 = iadd %337 (0x400), %110
            32     %339 = iadd %338, %94
            32     %340 = iand %339, %112 (0x1f)
            32     %341 = isub %339, %340
            32     %342 = iadd %115, %341
            32     %343 = iadd %342, %340
            32     %344 = ushr %343, %12 (0x2)
            32     %345 = ishl %344, %124 (0x4)
            32x4   %346 = @load_ssbo (%122, %345) (access=readonly|reorderable, align_mul=16, align_offset=0, offset_shift=0)
            32     %347 = iadd %345, %103 (0x10)
            32x4   %348 = @load_ssbo (%122, %347) (access=readonly|reorderable, align_mul=16, align_offset=0, offset_shift=0)
            32     %349 = iadd %129, %339
            32     %350 = ushr %349, %88 (0x5)
            32     %351 = iadd %90, %350
            32     %352 = imul %351, %134 (0x22)
            32     %353 = iadd %12 (0x2), %352
            32     %354 = iadd %353, %340
            32     %355 = iand %353, %104 (0xfffffffc)
            32     %356 = iadd %355, %340
            32x3   %357 = @load_ssbo (%140, %356) (access=readonly|reorderable, align_mul=4, align_offset=0, offset_shift=0)
            32     %358 = alignbyte_amd %357.y, %357.x, %354
            32     %359 = alignbyte_amd %357.z, %357.y, %354
            16     %360 = @load_ssbo (%140, %352) (access=readonly|reorderable, align_mul=2, align_offset=0, offset_shift=0)
            16x2   %361 = unpack_32_2x16 %358
            32     %362 = i2i32 %361.y
            8x4    %363 = unpack_32_4x8 %362
            32     %364 = i2f32 %363.y
            32     %365 = fmul %346.w, %364
            32     %366 = i2f32 %363.x
            32     %367 = fmul %346.z, %366
            32     %368 = i2i32 %361.x
            8x4    %369 = unpack_32_4x8 %368
            32     %370 = i2f32 %369.y
            32     %371 = fmul %346.y, %370
            32     %372 = i2f32 %369.x
            32     %373 = fmul %346.x, %372
            16x2   %374 = unpack_32_2x16 %359
            32     %375 = i2i32 %374.y
            8x4    %376 = unpack_32_4x8 %375
            32     %377 = i2f32 %376.y
            32     %378 = fmul %348.w, %377
            32     %379 = i2f32 %376.x
            32     %380 = fmul %348.z, %379
            32     %381 = fadd %378, %380
            32     %382 = i2i32 %374.x
            8x4    %383 = unpack_32_4x8 %382
            32     %384 = i2f32 %383.y
            32     %385 = fmul %348.y, %384
            32     %386 = fadd %381, %385
            32     %387 = i2f32 %383.x
            32     %388 = fmul %348.x, %387
            32     %389 = fadd %386, %388
            32     %390 = fadd %367, %389
            32     %391 = fadd %365, %390
            32     %392 = fadd %371, %391
            32     %393 = fadd %373, %392
            32     %394 = f2f32 %360
            32     %395 = fmul %393, %394
            32     %396 = fadd %395, %288
            32     %397 = iadd %131, %339
            32     %398 = ushr %397, %88 (0x5)
            32     %399 = iadd %90, %398
            32     %400 = imul %399, %134 (0x22)
            32     %401 = iadd %12 (0x2), %400
            32     %402 = iadd %401, %340
            32     %403 = iand %401, %104 (0xfffffffc)
            32     %404 = iadd %403, %340
            32x3   %405 = @load_ssbo (%140, %404) (access=readonly|reorderable, align_mul=4, align_offset=0, offset_shift=0)
            32     %406 = alignbyte_amd %405.y, %405.x, %402
            32     %407 = alignbyte_amd %405.z, %405.y, %402
            16     %408 = @load_ssbo (%140, %400) (access=readonly|reorderable, align_mul=2, align_offset=0, offset_shift=0)
            16x2   %409 = unpack_32_2x16 %406
            32     %410 = i2i32 %409.y
            8x4    %411 = unpack_32_4x8 %410
            32     %412 = i2f32 %411.y
            32     %413 = fmul %346.w, %412
            32     %414 = i2f32 %411.x
            32     %415 = fmul %346.z, %414
            32     %416 = i2i32 %409.x
            8x4    %417 = unpack_32_4x8 %416
            32     %418 = i2f32 %417.y
            32     %419 = fmul %346.y, %418
            32     %420 = i2f32 %417.x
            32     %421 = fmul %346.x, %420
            16x2   %422 = unpack_32_2x16 %407
            32     %423 = i2i32 %422.y
            8x4    %424 = unpack_32_4x8 %423
            32     %425 = i2f32 %424.y
            32     %426 = fmul %348.w, %425
            32     %427 = i2f32 %424.x
            32     %428 = fmul %348.z, %427
            32     %429 = fadd %426, %428
            32     %430 = i2i32 %422.x
            8x4    %431 = unpack_32_4x8 %430
            32     %432 = i2f32 %431.y
            32     %433 = fmul %348.y, %432
            32     %434 = fadd %429, %433
            32     %435 = i2f32 %431.x
            32     %436 = fmul %348.x, %435
            32     %437 = fadd %434, %436
            32     %438 = fadd %415, %437
            32     %439 = fadd %413, %438
            32     %440 = fadd %419, %439
            32     %441 = fadd %421, %440
            32     %442 = f2f32 %408
            32     %443 = fmul %441, %442
            32     %444 = fadd %443, %336
            32     %445 = load_const (0x00000600 = 1536)
            32     %446 = iadd %445 (0x600), %110
            32     %447 = iadd %446, %94
            32     %448 = iand %447, %112 (0x1f)
            32     %449 = isub %447, %448
            32     %450 = iadd %115, %449
            32     %451 = iadd %450, %448
            32     %452 = ushr %451, %12 (0x2)
            32     %453 = ishl %452, %124 (0x4)
            32x4   %454 = @load_ssbo (%122, %453) (access=readonly|reorderable, align_mul=16, align_offset=0, offset_shift=0)
            32     %455 = iadd %453, %103 (0x10)
            32x4   %456 = @load_ssbo (%122, %455) (access=readonly|reorderable, align_mul=16, align_offset=0, offset_shift=0)
            32     %457 = iadd %129, %447
            32     %458 = ushr %457, %88 (0x5)
            32     %459 = iadd %90, %458
            32     %460 = imul %459, %134 (0x22)
            32     %461 = iadd %12 (0x2), %460
            32     %462 = iadd %461, %448
            32     %463 = iand %461, %104 (0xfffffffc)
            32     %464 = iadd %463, %448
            32x3   %465 = @load_ssbo (%140, %464) (access=readonly|reorderable, align_mul=4, align_offset=0, offset_shift=0)
            32     %466 = alignbyte_amd %465.y, %465.x, %462
            32     %467 = alignbyte_amd %465.z, %465.y, %462
            16     %468 = @load_ssbo (%140, %460) (access=readonly|reorderable, align_mul=2, align_offset=0, offset_shift=0)
            16x2   %469 = unpack_32_2x16 %466
            32     %470 = i2i32 %469.y
            8x4    %471 = unpack_32_4x8 %470
            32     %472 = i2f32 %471.y
            32     %473 = fmul %454.w, %472
            32     %474 = i2f32 %471.x
            32     %475 = fmul %454.z, %474
            32     %476 = i2i32 %469.x
            8x4    %477 = unpack_32_4x8 %476
            32     %478 = i2f32 %477.y
            32     %479 = fmul %454.y, %478
            32     %480 = i2f32 %477.x
            32     %481 = fmul %454.x, %480
            16x2   %482 = unpack_32_2x16 %467
            32     %483 = i2i32 %482.y
            8x4    %484 = unpack_32_4x8 %483
            32     %485 = i2f32 %484.y
            32     %486 = fmul %456.w, %485
            32     %487 = i2f32 %484.x
            32     %488 = fmul %456.z, %487
            32     %489 = fadd %486, %488
            32     %490 = i2i32 %482.x
            8x4    %491 = unpack_32_4x8 %490
            32     %492 = i2f32 %491.y
            32     %493 = fmul %456.y, %492
            32     %494 = fadd %489, %493
            32     %495 = i2f32 %491.x
            32     %496 = fmul %456.x, %495
            32     %497 = fadd %494, %496
            32     %498 = fadd %475, %497
            32     %499 = fadd %473, %498
            32     %500 = fadd %479, %499
            32     %501 = fadd %481, %500
            32     %502 = f2f32 %468
            32     %503 = fmul %501, %502
            32     %504 = fadd %503, %396
            32     %505 = iadd %131, %447
            32     %506 = ushr %505, %88 (0x5)
            32     %507 = iadd %90, %506
            32     %508 = imul %507, %134 (0x22)
            32     %509 = iadd %12 (0x2), %508
            32     %510 = iadd %509, %448
            32     %511 = iand %509, %104 (0xfffffffc)
            32     %512 = iadd %511, %448
            32x3   %513 = @load_ssbo (%140, %512) (access=readonly|reorderable, align_mul=4, align_offset=0, offset_shift=0)
            32     %514 = alignbyte_amd %513.y, %513.x, %510
            32     %515 = alignbyte_amd %513.z, %513.y, %510
            16     %516 = @load_ssbo (%140, %508) (access=readonly|reorderable, align_mul=2, align_offset=0, offset_shift=0)
            16x2   %517 = unpack_32_2x16 %514
            32     %518 = i2i32 %517.y
            8x4    %519 = unpack_32_4x8 %518
            32     %520 = i2f32 %519.y
            32     %521 = fmul %454.w, %520
            32     %522 = i2f32 %519.x
            32     %523 = fmul %454.z, %522
            32     %524 = i2i32 %517.x
            8x4    %525 = unpack_32_4x8 %524
            32     %526 = i2f32 %525.y
            32     %527 = fmul %454.y, %526
            32     %528 = i2f32 %525.x
            32     %529 = fmul %454.x, %528
            16x2   %530 = unpack_32_2x16 %515
            32     %531 = i2i32 %530.y
            8x4    %532 = unpack_32_4x8 %531
            32     %533 = i2f32 %532.y
            32     %534 = fmul %456.w, %533
            32     %535 = i2f32 %532.x
            32     %536 = fmul %456.z, %535
            32     %537 = fadd %534, %536
            32     %538 = i2i32 %530.x
            8x4    %539 = unpack_32_4x8 %538
            32     %540 = i2f32 %539.y
            32     %541 = fmul %456.y, %540
            32     %542 = fadd %537, %541
            32     %543 = i2f32 %539.x
            32     %544 = fmul %456.x, %543
            32     %545 = fadd %542, %544
            32     %546 = fadd %523, %545
            32     %547 = fadd %521, %546
            32     %548 = fadd %527, %547
            32     %549 = fadd %529, %548
            32     %550 = f2f32 %516
            32     %551 = fmul %549, %550
            32     %552 = fadd %551, %444
            32     %553 = iadd %124 (0x4), %108
                          // succs: b5
        }
        block b9:     // preds: b6
        32     %554 = load_const (0xfffffffe = -2 = 4294967294)
        32     %555 = iand %102, %554 (0xfffffffe)
                      // succs: b10
        loop {
            block b10:    // preds: b9 b13
            32     %556 = phi b9: %106, b13: %786
            32     %557 = phi b9: %107, b13: %738
            32     %558 = phi b9: %108, b13: %787
            1      %559 = uge %558, %555
                          // succs: b11 b12
            if %559 {
                block b11:// preds: b10
                break
                // succs: b14
            } else {
                block b12:  // preds: b10, succs: b13
            }
            block b13:    // preds: b12
            32     %560 = ishl %558, %100 (0x9)
            32     %561 = iadd %560, %94
            32     %562 = load_const (0x0000001f = 31)
            32     %563 = iand %561, %562 (0x1f)
            32     %564 = isub %561, %563
            32     %565 = imul %87, %20
            32     %566 = iadd %565, %564
            32     %567 = iadd %566, %563
            32     %568 = @load_scalar_arg_amd (base=1, arg_upper_bound_u32_amd=0, arg_num_lsb_zero=2)
            32     %569 = load_const (0xffff8000 = -32768 = 4294934528)
            64     %570 = pack_64_2x32_split %568, %569 (0xffff8000)
            32x8   %571 = @load_global_amd (%570, %4 (0x0)) (base=0, access=readonly|reorderable|speculatable|smem-amd, align_mul=4, align_offset=0)
            32x4   %572 = vec4 %571.e, %571.f, %571.g, %571.h
            32     %573 = ushr %567, %12 (0x2)
            32     %574 = load_const (0x00000004)
            32     %575 = ishl %573, %574 (0x4)
            32x4   %576 = @load_ssbo (%572, %575) (access=readonly|reorderable, align_mul=16, align_offset=0, offset_shift=0)
            32     %577 = iadd %575, %103 (0x10)
            32x4   %578 = @load_ssbo (%572, %577) (access=readonly|reorderable, align_mul=16, align_offset=0, offset_shift=0)
            32     %579 = imul %11, %92
            32     %580 = iadd %579, %561
            32     %581 = iadd %579, %92
            32     %582 = ushr %580, %88 (0x5)
            32     %583 = iadd %90, %582
            32     %584 = load_const (0x00000022 = 34)
            32     %585 = imul %583, %584 (0x22)
            32     %586 = iadd %12 (0x2), %585
            32     %587 = iadd %586, %563
            32     %588 = iand %586, %104 (0xfffffffc)
            32     %589 = iadd %588, %563
            32x4   %590 = vec4 %571.a, %571.b, %571.c, %571.d
            32x3   %591 = @load_ssbo (%590, %589) (access=readonly|reorderable, align_mul=4, align_offset=0, offset_shift=0)
            32     %592 = alignbyte_amd %591.y, %591.x, %587
            32     %593 = alignbyte_amd %591.z, %591.y, %587
            16     %594 = @load_ssbo (%590, %585) (access=readonly|reorderable, align_mul=2, align_offset=0, offset_shift=0)
            16x2   %595 = unpack_32_2x16 %592
            32     %596 = i2i32 %595.y
            8x4    %597 = unpack_32_4x8 %596
            32     %598 = i2f32 %597.y
            32     %599 = fmul %576.w, %598
            32     %600 = i2f32 %597.x
            32     %601 = fmul %576.z, %600
            32     %602 = i2i32 %595.x
            8x4    %603 = unpack_32_4x8 %602
            32     %604 = i2f32 %603.y
            32     %605 = fmul %576.y, %604
            32     %606 = i2f32 %603.x
            32     %607 = fmul %576.x, %606
            16x2   %608 = unpack_32_2x16 %593
            32     %609 = i2i32 %608.y
            8x4    %610 = unpack_32_4x8 %609
            32     %611 = i2f32 %610.y
            32     %612 = fmul %578.w, %611
            32     %613 = i2f32 %610.x
            32     %614 = fmul %578.z, %613
            32     %615 = fadd %612, %614
            32     %616 = i2i32 %608.x
            8x4    %617 = unpack_32_4x8 %616
            32     %618 = i2f32 %617.y
            32     %619 = fmul %578.y, %618
            32     %620 = fadd %615, %619
            32     %621 = i2f32 %617.x
            32     %622 = fmul %578.x, %621
            32     %623 = fadd %620, %622
            32     %624 = fadd %601, %623
            32     %625 = fadd %599, %624
            32     %626 = fadd %605, %625
            32     %627 = fadd %607, %626
            32     %628 = f2f32 %594
            32     %629 = fmul %627, %628
            32     %630 = fadd %629, %557
            32     %631 = iadd %581, %561
            32     %632 = ushr %631, %88 (0x5)
            32     %633 = iadd %90, %632
            32     %634 = imul %633, %584 (0x22)
            32     %635 = iadd %12 (0x2), %634
            32     %636 = iadd %635, %563
            32     %637 = iand %635, %104 (0xfffffffc)
            32     %638 = iadd %637, %563
            32x3   %639 = @load_ssbo (%590, %638) (access=readonly|reorderable, align_mul=4, align_offset=0, offset_shift=0)
            32     %640 = alignbyte_amd %639.y, %639.x, %636
            32     %641 = alignbyte_amd %639.z, %639.y, %636
            16     %642 = @load_ssbo (%590, %634) (access=readonly|reorderable, align_mul=2, align_offset=0, offset_shift=0)
            16x2   %643 = unpack_32_2x16 %640
            32     %644 = i2i32 %643.y
            8x4    %645 = unpack_32_4x8 %644
            32     %646 = i2f32 %645.y
            32     %647 = fmul %576.w, %646
            32     %648 = i2f32 %645.x
            32     %649 = fmul %576.z, %648
            32     %650 = i2i32 %643.x
            8x4    %651 = unpack_32_4x8 %650
            32     %652 = i2f32 %651.y
            32     %653 = fmul %576.y, %652
            32     %654 = i2f32 %651.x
            32     %655 = fmul %576.x, %654
            16x2   %656 = unpack_32_2x16 %641
            32     %657 = i2i32 %656.y
            8x4    %658 = unpack_32_4x8 %657
            32     %659 = i2f32 %658.y
            32     %660 = fmul %578.w, %659
            32     %661 = i2f32 %658.x
            32     %662 = fmul %578.z, %661
            32     %663 = fadd %660, %662
            32     %664 = i2i32 %656.x
            8x4    %665 = unpack_32_4x8 %664
            32     %666 = i2f32 %665.y
            32     %667 = fmul %578.y, %666
            32     %668 = fadd %663, %667
            32     %669 = i2f32 %665.x
            32     %670 = fmul %578.x, %669
            32     %671 = fadd %668, %670
            32     %672 = fadd %649, %671
            32     %673 = fadd %647, %672
            32     %674 = fadd %653, %673
            32     %675 = fadd %655, %674
            32     %676 = f2f32 %642
            32     %677 = fmul %675, %676
            32     %678 = fadd %677, %556
            32     %679 = load_const (0x00000200 = 512)
            32     %680 = iadd %560, %679 (0x200)
            32     %681 = iadd %680, %94
            32     %682 = iand %681, %562 (0x1f)
            32     %683 = isub %681, %682
            32     %684 = iadd %565, %683
            32     %685 = iadd %684, %682
            32     %686 = ushr %685, %12 (0x2)
            32     %687 = ishl %686, %574 (0x4)
            32x4   %688 = @load_ssbo (%572, %687) (access=readonly|reorderable, align_mul=16, align_offset=0, offset_shift=0)
            32     %689 = iadd %687, %103 (0x10)
            32x4   %690 = @load_ssbo (%572, %689) (access=readonly|reorderable, align_mul=16, align_offset=0, offset_shift=0)
            32     %691 = iadd %579, %681
            32     %692 = ushr %691, %88 (0x5)
            32     %693 = iadd %90, %692
            32     %694 = imul %693, %584 (0x22)
            32     %695 = iadd %12 (0x2), %694
            32     %696 = iadd %695, %682
            32     %697 = iand %695, %104 (0xfffffffc)
            32     %698 = iadd %697, %682
            32x3   %699 = @load_ssbo (%590, %698) (access=readonly|reorderable, align_mul=4, align_offset=0, offset_shift=0)
            32     %700 = alignbyte_amd %699.y, %699.x, %696
            32     %701 = alignbyte_amd %699.z, %699.y, %696
            16     %702 = @load_ssbo (%590, %694) (access=readonly|reorderable, align_mul=2, align_offset=0, offset_shift=0)
            16x2   %703 = unpack_32_2x16 %700
            32     %704 = i2i32 %703.y
            8x4    %705 = unpack_32_4x8 %704
            32     %706 = i2f32 %705.y
            32     %707 = fmul %688.w, %706
            32     %708 = i2f32 %705.x
            32     %709 = fmul %688.z, %708
            32     %710 = i2i32 %703.x
            8x4    %711 = unpack_32_4x8 %710
            32     %712 = i2f32 %711.y
            32     %713 = fmul %688.y, %712
            32     %714 = i2f32 %711.x
            32     %715 = fmul %688.x, %714
            16x2   %716 = unpack_32_2x16 %701
            32     %717 = i2i32 %716.y
            8x4    %718 = unpack_32_4x8 %717
            32     %719 = i2f32 %718.y
            32     %720 = fmul %690.w, %719
            32     %721 = i2f32 %718.x
            32     %722 = fmul %690.z, %721
            32     %723 = fadd %720, %722
            32     %724 = i2i32 %716.x
            8x4    %725 = unpack_32_4x8 %724
            32     %726 = i2f32 %725.y
            32     %727 = fmul %690.y, %726
            32     %728 = fadd %723, %727
            32     %729 = i2f32 %725.x
            32     %730 = fmul %690.x, %729
            32     %731 = fadd %728, %730
            32     %732 = fadd %709, %731
            32     %733 = fadd %707, %732
            32     %734 = fadd %713, %733
            32     %735 = fadd %715, %734
            32     %736 = f2f32 %702
            32     %737 = fmul %735, %736
            32     %738 = fadd %737, %630
            32     %739 = iadd %581, %681
            32     %740 = ushr %739, %88 (0x5)
            32     %741 = iadd %90, %740
            32     %742 = imul %741, %584 (0x22)
            32     %743 = iadd %12 (0x2), %742
            32     %744 = iadd %743, %682
            32     %745 = iand %743, %104 (0xfffffffc)
            32     %746 = iadd %745, %682
            32x3   %747 = @load_ssbo (%590, %746) (access=readonly|reorderable, align_mul=4, align_offset=0, offset_shift=0)
            32     %748 = alignbyte_amd %747.y, %747.x, %744
            32     %749 = alignbyte_amd %747.z, %747.y, %744
            16     %750 = @load_ssbo (%590, %742) (access=readonly|reorderable, align_mul=2, align_offset=0, offset_shift=0)
            16x2   %751 = unpack_32_2x16 %748
            32     %752 = i2i32 %751.y
            8x4    %753 = unpack_32_4x8 %752
            32     %754 = i2f32 %753.y
            32     %755 = fmul %688.w, %754
            32     %756 = i2f32 %753.x
            32     %757 = fmul %688.z, %756
            32     %758 = i2i32 %751.x
            8x4    %759 = unpack_32_4x8 %758
            32     %760 = i2f32 %759.y
            32     %761 = fmul %688.y, %760
            32     %762 = i2f32 %759.x
            32     %763 = fmul %688.x, %762
            16x2   %764 = unpack_32_2x16 %749
            32     %765 = i2i32 %764.y
            8x4    %766 = unpack_32_4x8 %765
            32     %767 = i2f32 %766.y
            32     %768 = fmul %690.w, %767
            32     %769 = i2f32 %766.x
            32     %770 = fmul %690.z, %769
            32     %771 = fadd %768, %770
            32     %772 = i2i32 %764.x
            8x4    %773 = unpack_32_4x8 %772
            32     %774 = i2f32 %773.y
            32     %775 = fmul %690.y, %774
            32     %776 = fadd %771, %775
            32     %777 = i2f32 %773.x
            32     %778 = fmul %690.x, %777
            32     %779 = fadd %776, %778
            32     %780 = fadd %757, %779
            32     %781 = fadd %755, %780
            32     %782 = fadd %761, %781
            32     %783 = fadd %763, %782
            32     %784 = f2f32 %750
            32     %785 = fmul %783, %784
            32     %786 = fadd %785, %678
            32     %787 = iadd %12 (0x2), %558
                          // succs: b10
        }
        block b14:  // preds: b11, succs: b15
        loop {
            block b15:    // preds: b14 b18
            32     %788 = phi b14: %556, b18: %910
            32     %789 = phi b14: %557, b18: %862
            32     %790 = phi b14: %558, b18: %911
            1      %791 = uge %790, %102
                          // succs: b16 b17
            if %791 {
                block b16:// preds: b15
                break
                // succs: b19
            } else {
                block b17:  // preds: b15, succs: b18
            }
            block b18:    // preds: b17
            32     %792 = ishl %790, %100 (0x9)
            32     %793 = iadd %792, %94
            32     %794 = load_const (0x0000001f = 31)
            32     %795 = iand %793, %794 (0x1f)
            32     %796 = isub %793, %795
            32     %797 = imul %87, %20
            32     %798 = iadd %797, %796
            32     %799 = iadd %798, %795
            32     %800 = @load_scalar_arg_amd (base=1, arg_upper_bound_u32_amd=0, arg_num_lsb_zero=2)
            32     %801 = load_const (0xffff8000 = -32768 = 4294934528)
            64     %802 = pack_64_2x32_split %800, %801 (0xffff8000)
            32x8   %803 = @load_global_amd (%802, %4 (0x0)) (base=0, access=readonly|reorderable|speculatable|smem-amd, align_mul=4, align_offset=0)
            32x4   %804 = vec4 %803.e, %803.f, %803.g, %803.h
            32     %805 = ushr %799, %12 (0x2)
            32     %806 = load_const (0x00000004)
            32     %807 = ishl %805, %806 (0x4)
            32x4   %808 = @load_ssbo (%804, %807) (access=readonly|reorderable, align_mul=16, align_offset=0, offset_shift=0)
            32     %809 = iadd %807, %103 (0x10)
            32x4   %810 = @load_ssbo (%804, %809) (access=readonly|reorderable, align_mul=16, align_offset=0, offset_shift=0)
            32     %811 = imul %11, %92
            32     %812 = iadd %811, %793
            32     %813 = iadd %811, %92
            32     %814 = ushr %812, %88 (0x5)
            32     %815 = iadd %90, %814
            32     %816 = load_const (0x00000022 = 34)
            32     %817 = imul %815, %816 (0x22)
            32     %818 = iadd %12 (0x2), %817
            32     %819 = iadd %818, %795
            32     %820 = iand %818, %104 (0xfffffffc)
            32     %821 = iadd %820, %795
            32x4   %822 = vec4 %803.a, %803.b, %803.c, %803.d
            32x3   %823 = @load_ssbo (%822, %821) (access=readonly|reorderable, align_mul=4, align_offset=0, offset_shift=0)
            32     %824 = alignbyte_amd %823.y, %823.x, %819
            32     %825 = alignbyte_amd %823.z, %823.y, %819
            16     %826 = @load_ssbo (%822, %817) (access=readonly|reorderable, align_mul=2, align_offset=0, offset_shift=0)
            16x2   %827 = unpack_32_2x16 %824
            32     %828 = i2i32 %827.y
            8x4    %829 = unpack_32_4x8 %828
            32     %830 = i2f32 %829.y
            32     %831 = fmul %808.w, %830
            32     %832 = i2f32 %829.x
            32     %833 = fmul %808.z, %832
            32     %834 = i2i32 %827.x
            8x4    %835 = unpack_32_4x8 %834
            32     %836 = i2f32 %835.y
            32     %837 = fmul %808.y, %836
            32     %838 = i2f32 %835.x
            32     %839 = fmul %808.x, %838
            16x2   %840 = unpack_32_2x16 %825
            32     %841 = i2i32 %840.y
            8x4    %842 = unpack_32_4x8 %841
            32     %843 = i2f32 %842.y
            32     %844 = fmul %810.w, %843
            32     %845 = i2f32 %842.x
            32     %846 = fmul %810.z, %845
            32     %847 = fadd %844, %846
            32     %848 = i2i32 %840.x
            8x4    %849 = unpack_32_4x8 %848
            32     %850 = i2f32 %849.y
            32     %851 = fmul %810.y, %850
            32     %852 = fadd %847, %851
            32     %853 = i2f32 %849.x
            32     %854 = fmul %810.x, %853
            32     %855 = fadd %852, %854
            32     %856 = fadd %833, %855
            32     %857 = fadd %831, %856
            32     %858 = fadd %837, %857
            32     %859 = fadd %839, %858
            32     %860 = f2f32 %826
            32     %861 = fmul %859, %860
            32     %862 = fadd %861, %789
            32     %863 = iadd %813, %793
            32     %864 = ushr %863, %88 (0x5)
            32     %865 = iadd %90, %864
            32     %866 = imul %865, %816 (0x22)
            32     %867 = iadd %12 (0x2), %866
            32     %868 = iadd %867, %795
            32     %869 = iand %867, %104 (0xfffffffc)
            32     %870 = iadd %869, %795
            32x3   %871 = @load_ssbo (%822, %870) (access=readonly|reorderable, align_mul=4, align_offset=0, offset_shift=0)
            32     %872 = alignbyte_amd %871.y, %871.x, %868
            32     %873 = alignbyte_amd %871.z, %871.y, %868
            16     %874 = @load_ssbo (%822, %866) (access=readonly|reorderable, align_mul=2, align_offset=0, offset_shift=0)
            16x2   %875 = unpack_32_2x16 %872
            32     %876 = i2i32 %875.y
            8x4    %877 = unpack_32_4x8 %876
            32     %878 = i2f32 %877.y
            32     %879 = fmul %808.w, %878
            32     %880 = i2f32 %877.x
            32     %881 = fmul %808.z, %880
            32     %882 = i2i32 %875.x
            8x4    %883 = unpack_32_4x8 %882
            32     %884 = i2f32 %883.y
            32     %885 = fmul %808.y, %884
            32     %886 = i2f32 %883.x
            32     %887 = fmul %808.x, %886
            16x2   %888 = unpack_32_2x16 %873
            32     %889 = i2i32 %888.y
            8x4    %890 = unpack_32_4x8 %889
            32     %891 = i2f32 %890.y
            32     %892 = fmul %810.w, %891
            32     %893 = i2f32 %890.x
            32     %894 = fmul %810.z, %893
            32     %895 = fadd %892, %894
            32     %896 = i2i32 %888.x
            8x4    %897 = unpack_32_4x8 %896
            32     %898 = i2f32 %897.y
            32     %899 = fmul %810.y, %898
            32     %900 = fadd %895, %899
            32     %901 = i2f32 %897.x
            32     %902 = fmul %810.x, %901
            32     %903 = fadd %900, %902
            32     %904 = fadd %881, %903
            32     %905 = fadd %879, %904
            32     %906 = fadd %885, %905
            32     %907 = fadd %887, %906
            32     %908 = f2f32 %874
            32     %909 = fmul %907, %908
            32     %910 = fadd %909, %788
            32     %911 = iadd %790, %10 (0x1)
                          // succs: b15
        }
        block b19:    // preds: b16
        32     %912 = @reduce (%789) (reduction_op=fadd, cluster_size=0)
        32     %913 = @reduce (%788) (reduction_op=fadd, cluster_size=0)
        64     %914 = load_const (0x0000000000000001 = 0.000000)
        1      %915 = @inverse_ballot (%914 (0x1))
                      // succs: b20 b21
        if %915 {
            block b20:    // preds: b19
            32x2   %916 = vec2 %912, %913
                          @store_shared (%916, %4 (0x0)) (base=0, access=none, wrmask=xy, align_mul=1073741824, align_offset=0)
                          // succs: b22
        } else {
            block b21:  // preds: b19, succs: b22
        }
        block b22:// preds: b20 b21
        @barrier (execution_scope=WORKGROUP, memory_scope=WORKGROUP, mem_semantics=ACQ|REL, mem_modes=shared)
        // succs: b23 b42
        if %915 {
            block b23:    // preds: b22
            32     %917 = @load_scalar_arg_amd (base=17, arg_upper_bound_u32_amd=0, arg_num_lsb_zero=0)
            32     %918 = load_const (0x0000003f = 63)
            32     %919 = iand %917, %918 (0x3f)
            1      %920 = ine %919, %4 (0x0)
                          // succs: b24 b25
            if %920 {
                block b24:    // preds: b23
                32     %921 = @load_shared (%4 (0x0)) (base=0, access=none, align_mul=1073741824, align_offset=0)
                32     %922 = load_const (0x7fc00000 = nan)
                1      %923 = ult %10 (0x1), %919
                32     %924 = bcsel %923, %922 (0x7fc00000), %921
                              // succs: b26
            } else {
                block b25:  // preds: b23, succs: b26
            }
            block b26:    // preds: b24 b25
            32     %925 = phi b24: %924, b25: %4 (0x0)
            32     %926 = @load_scalar_arg_amd (base=7, arg_upper_bound_u32_amd=0, arg_num_lsb_zero=0)
            1      %927 = bitnz %926, %4 (0x0)
                          // succs: b27 b28
            if %927 {
                block b27:    // preds: b26
                32     %928 = imul %91, %20
                32     %929 = iadd %928, %11
                32     %930 = @load_scalar_arg_amd (base=1, arg_upper_bound_u32_amd=0, arg_num_lsb_zero=2)
                32     %931 = load_const (0xffff8000 = -32768 = 4294934528)
                64     %932 = pack_64_2x32_split %930, %931 (0xffff8000)
                32x4   %933 = @load_global_amd (%932, %4 (0x0)) (base=48, access=readonly|reorderable|smem-amd, align_mul=4, align_offset=0)
                32     %934 = ishl %929, %12 (0x2)
                32     %935 = @load_ssbo (%933, %934) (access=readonly|reorderable|smem-amd, align_mul=4, align_offset=0, offset_shift=0)
                32     %936 = fadd %925, %935
                              // succs: b29
            } else {
                block b28:  // preds: b26, succs: b29
            }
            block b29:    // preds: b27 b28
            32     %937 = phi b27: %936, b28: %925
            1      %938 = bitnz %926, %10 (0x1)
                          // succs: b30 b31
            if %938 {
                block b30:    // preds: b29
                32     %939 = imul %91, %20
                32     %940 = iadd %939, %11
                32     %941 = @load_scalar_arg_amd (base=1, arg_upper_bound_u32_amd=0, arg_num_lsb_zero=2)
                32     %942 = load_const (0xffff8000 = -32768 = 4294934528)
                64     %943 = pack_64_2x32_split %941, %942 (0xffff8000)
                32x4   %944 = @load_global_amd (%943, %4 (0x0)) (base=64, access=readonly|reorderable|smem-amd, align_mul=4, align_offset=0)
                32     %945 = ishl %940, %12 (0x2)
                32     %946 = @load_ssbo (%944, %945) (access=readonly|reorderable|smem-amd, align_mul=4, align_offset=0, offset_shift=0)
                32     %947 = fadd %937, %946
                              // succs: b32
            } else {
                block b31:  // preds: b29, succs: b32
            }
            block b32:    // preds: b30 b31
            32     %948 = phi b30: %947, b31: %937
            32     %949 = imul %91, %20
            32     %950 = iadd %949, %11
            32     %951 = @load_scalar_arg_amd (base=1, arg_upper_bound_u32_amd=0, arg_num_lsb_zero=2)
            32     %952 = load_const (0xffff8000 = -32768 = 4294934528)
            64     %953 = pack_64_2x32_split %951, %952 (0xffff8000)
            32x4   %954 = @load_global_amd (%953, %4 (0x0)) (base=32, access=readonly|reorderable|smem-amd, align_mul=4, align_offset=0)
            32     %955 = ishl %950, %12 (0x2)
                          @store_ssbo (%948, %954, %955) (wrmask=x, access=writeonly, align_mul=4, align_offset=0, offset_shift=0)
                          // succs: b33 b34
            if %920 {
                block b33:    // preds: b32
                32     %956 = @load_shared (%4 (0x0)) (base=4, access=none, align_mul=1073741824, align_offset=4)
                32     %957 = load_const (0x7fc00000 = nan)
                1      %958 = ult %10 (0x1), %919
                32     %959 = bcsel %958, %957 (0x7fc00000), %956
                              // succs: b35
            } else {
                block b34:  // preds: b32, succs: b35
            }
            block b35:    // preds: b33 b34
            32     %960 = phi b33: %959, b34: %4 (0x0)
                          // succs: b36 b37
            if %927 {
                block b36:    // preds: b35
                32x4   %961 = @load_global_amd (%953, %4 (0x0)) (base=48, access=readonly|reorderable|smem-amd, align_mul=4, align_offset=0)
                32     %962 = load_const (0x00000004)
                32     %963 = iadd %955, %962 (0x4)
                32     %964 = @load_ssbo (%961, %963) (access=readonly|reorderable|smem-amd, align_mul=4, align_offset=0, offset_shift=0)
                32     %965 = fadd %960, %964
                              // succs: b38
            } else {
                block b37:  // preds: b35, succs: b38
            }
            block b38:    // preds: b36 b37
            32     %966 = phi b36: %965, b37: %960
                          // succs: b39 b40
            if %938 {
                block b39:    // preds: b38
                32x4   %967 = @load_global_amd (%953, %4 (0x0)) (base=64, access=readonly|reorderable|smem-amd, align_mul=4, align_offset=0)
                32     %968 = load_const (0x00000004)
                32     %969 = iadd %955, %968 (0x4)
                32     %970 = @load_ssbo (%967, %969) (access=readonly|reorderable|smem-amd, align_mul=4, align_offset=0, offset_shift=0)
                32     %971 = fadd %966, %970
                              // succs: b41
            } else {
                block b40:  // preds: b38, succs: b41
            }
            block b41:    // preds: b39 b40
            32     %972 = phi b39: %971, b40: %966
            32     %973 = load_const (0x00000004)
            32     %974 = iadd %955, %973 (0x4)
                          @store_ssbo (%972, %954, %974) (wrmask=x, access=writeonly, align_mul=4, align_offset=0, offset_shift=0)
                          // succs: b43
        } else {
            block b42:  // preds: b22, succs: b43
        }
        block b43:  // preds: b41 b42, succs: b142
    } else {
        block b44:    // preds: b0
        1      %975 = ult %11, %9
                      // succs: b45 b140
        if %975 {
            block b45:    // preds: b44
            32     %976 = isub %9, %11
            32     %977 = @load_vector_arg_amd (base=19, arg_upper_bound_u32_amd=63, arg_num_lsb_zero=0)
            32     %978 = @load_scalar_arg_amd (base=8, arg_upper_bound_u32_amd=0, arg_num_lsb_zero=0)
            32     %979 = @load_scalar_arg_amd (base=9, arg_upper_bound_u32_amd=0, arg_num_lsb_zero=0)
            32     %980 = @load_scalar_arg_amd (base=10, arg_upper_bound_u32_amd=0, arg_num_lsb_zero=0)
            32     %981 = @load_scalar_arg_amd (base=11, arg_upper_bound_u32_amd=0, arg_num_lsb_zero=0)
            32     %982 = iadd %1, %978
            1      %983 = ine %982, %4 (0x0)
                          // succs: b46 b47
            if %983 {
                block b46:    // preds: b45
                32     %984 = load_const (0x4f7ffffe = 4.294967e+09)
                32     %985 = u2f32 %980 // exact
                32     %986 = frcp %985 // exact
                32     %987 = fmul %986, %984 (4.294967e+09) // exact
                32     %988 = f2u32 %987 // exact
                32     %989 = imul %980, %988
                32     %990 = isub %4 (0x0), %989
                32     %991 = umul_high %988, %990
                32     %992 = iadd %988, %991
                32     %993 = umul_high %982, %992
                32     %994 = imul %993, %980
                32     %995 = isub %982, %994
                1      %996 = uge %995, %980
                32     %997 = b2i32 %996
                32     %998 = iadd %993, %997
                32     %999 = isub %995, %980
                32    %1000 = bcsel %996, %999, %995
                1     %1001 = uge %1000, %980
                32    %1002 = b2i32 %1001
                32    %1003 = iadd %998, %1002
                32    %1004 = isub %1000, %980
                32    %1005 = bcsel %1001, %1004, %1000
                32    %1006 = @load_scalar_arg_amd (base=12, arg_upper_bound_u32_amd=0, arg_num_lsb_zero=0)
                32    %1007 = u2f32 %1006 // exact
                32    %1008 = frcp %1007 // exact
                32    %1009 = fmul %1008, %984 (4.294967e+09) // exact
                32    %1010 = f2u32 %1009 // exact
                32    %1011 = imul %1006, %1010
                32    %1012 = isub %4 (0x0), %1011
                32    %1013 = umul_high %1010, %1012
                32    %1014 = iadd %1010, %1013
                32    %1015 = umul_high %1003, %1014
                32    %1016 = imul %1015, %1006
                32    %1017 = isub %1003, %1016
                1     %1018 = uge %1017, %1006
                32    %1019 = b2i32 %1018
                32    %1020 = iadd %1015, %1019
                32    %1021 = isub %1017, %1006
                32    %1022 = bcsel %1018, %1021, %1017
                1     %1023 = uge %1022, %1006
                32    %1024 = b2i32 %1023
                32    %1025 = iadd %1020, %1024
                32    %1026 = u2f32 %981 // exact
                32    %1027 = frcp %1026 // exact
                32    %1028 = fmul %1027, %984 (4.294967e+09) // exact
                32    %1029 = f2u32 %1028 // exact
                32    %1030 = imul %981, %1029
                32    %1031 = isub %4 (0x0), %1030
                32    %1032 = umul_high %1029, %1031
                32    %1033 = iadd %1029, %1032
                32    %1034 = umul_high %1005, %1033
                32    %1035 = imul %1034, %981
                32    %1036 = isub %1005, %1035
                1     %1037 = uge %1036, %981
                32    %1038 = b2i32 %1037
                32    %1039 = iadd %1034, %1038
                32    %1040 = isub %1036, %981
                32    %1041 = bcsel %1037, %1040, %1036
                1     %1042 = uge %1041, %981
                32    %1043 = b2i32 %1042
                32    %1044 = iadd %1039, %1043
                32    %1045 = imul %1025, %979
                32    %1046 = iadd %1045, %1044
                              // succs: b48
            } else {
                block b47:  // preds: b45, succs: b48
            }
            block b48:    // preds: b46 b47
            32    %1047 = phi b46: %1046, b47: %4 (0x0)
            32    %1048 = @load_scalar_arg_amd (base=4, arg_upper_bound_u32_amd=0, arg_num_lsb_zero=0)
            32    %1049 = @load_scalar_arg_amd (base=5, arg_upper_bound_u32_amd=0, arg_num_lsb_zero=0)
            32    %1050 = load_const (0x00000005)
            32    %1051 = ushr %1048, %1050 (0x5)
            32    %1052 = imul %1047, %1051
            32    %1053 = @load_scalar_arg_amd (base=6, arg_upper_bound_u32_amd=0, arg_num_lsb_zero=0)
            32    %1054 = @load_scalar_arg_amd (base=2, arg_upper_bound_u32_amd=0, arg_num_lsb_zero=0)
            32    %1055 = load_const (0x00000003)
            32    %1056 = ishl %977, %1055 (0x3)
            32    %1057 = load_const (0xfffffe00 = -512 = 4294966784)
            32    %1058 = iand %1054, %1057 (0xfffffe00)
            32    %1059 = iadd %1058, %1056
            1     %1060 = ult %1059, %1054
            32    %1061 = b2i32 %1060
            32    %1062 = load_const (0x00000009)
            32    %1063 = ushr %1054, %1062 (0x9)
            32    %1064 = iadd %1063, %1061
            32    %1065 = load_const (0x00000010 = 16)
            32    %1066 = load_const (0xfffffffc = -4 = 4294967292)
            32    %1067 = iand %1064, %1066 (0xfffffffc)
                          // succs: b49
            loop {
                block b49:    // preds: b48 b76
                32    %1068 = phi b48: %4 (0x0), b76: %1538
                32    %1069 = phi b48: %4 (0x0), b76: %1539
                32    %1070 = phi b48: %4 (0x0), b76: %1540
                1     %1071 = uge %1070, %1067
                              // succs: b50 b51
                if %1071 {
                    block b50:// preds: b49
                    break
                    // succs: b77
                } else {
                    block b51:  // preds: b49, succs: b52
                }
                block b52:    // preds: b51
                32    %1072 = ishl %1070, %1062 (0x9)
                32    %1073 = iadd %1072, %1056
                32    %1074 = load_const (0x0000001f = 31)
                32    %1075 = iand %1073, %1074 (0x1f)
                32    %1076 = isub %1073, %1075
                32    %1077 = imul %1049, %982
                32    %1078 = iadd %1077, %1076
                32    %1079 = iadd %1078, %1075
                32    %1080 = @load_scalar_arg_amd (base=1, arg_upper_bound_u32_amd=0, arg_num_lsb_zero=2)
                32    %1081 = load_const (0xffff8000 = -32768 = 4294934528)
                64    %1082 = pack_64_2x32_split %1080, %1081 (0xffff8000)
                32x4  %1083 = @load_global_amd (%1082, %4 (0x0)) (base=16, access=readonly|reorderable|speculatable|smem-amd, align_mul=4, align_offset=0)
                32    %1084 = imul %11, %1054
                32    %1085 = load_const (0x00000004)
                1     %1086 = ine %976, %4 (0x0)
                              // succs: b53 b57
                if %1086 {
                    block b53:    // preds: b52
                    32    %1087 = ushr %1079, %12 (0x2)
                    32    %1088 = ishl %1087, %1085 (0x4)
                    32x4  %1089 = @load_ssbo (%1083, %1088) (access=readonly|reorderable, align_mul=16, align_offset=0, offset_shift=0)
                    32    %1090 = iadd %1088, %1065 (0x10)
                    32x4  %1091 = @load_ssbo (%1083, %1090) (access=readonly|reorderable, align_mul=16, align_offset=0, offset_shift=0)
                    32    %1092 = iadd %1084, %1073
                    32    %1093 = iadd %1084, %1054
                    32    %1094 = ushr %1092, %1050 (0x5)
                    32    %1095 = iadd %1052, %1094
                    32    %1096 = load_const (0x00000022 = 34)
                    32    %1097 = imul %1095, %1096 (0x22)
                    32    %1098 = iadd %12 (0x2), %1097
                    32    %1099 = iadd %1098, %1075
                    32    %1100 = iand %1098, %1066 (0xfffffffc)
                    32    %1101 = iadd %1100, %1075
                    32x4  %1102 = @load_global_amd (%1082, %4 (0x0)) (base=0, access=readonly|reorderable|speculatable|smem-amd, align_mul=4, align_offset=0)
                    32x3  %1103 = @load_ssbo (%1102, %1101) (access=readonly|reorderable, align_mul=4, align_offset=0, offset_shift=0)
                    32    %1104 = alignbyte_amd %1103.y, %1103.x, %1099
                    32    %1105 = alignbyte_amd %1103.z, %1103.y, %1099
                    16    %1106 = @load_ssbo (%1102, %1097) (access=readonly|reorderable, align_mul=2, align_offset=0, offset_shift=0)
                    16x2  %1107 = unpack_32_2x16 %1104
                    32    %1108 = i2i32 %1107.y
                    8x4   %1109 = unpack_32_4x8 %1108
                    32    %1110 = i2f32 %1109.y
                    32    %1111 = fmul %1089.w, %1110
                    32    %1112 = i2f32 %1109.x
                    32    %1113 = fmul %1089.z, %1112
                    32    %1114 = i2i32 %1107.x
                    8x4   %1115 = unpack_32_4x8 %1114
                    32    %1116 = i2f32 %1115.y
                    32    %1117 = fmul %1089.y, %1116
                    32    %1118 = i2f32 %1115.x
                    32    %1119 = fmul %1089.x, %1118
                    16x2  %1120 = unpack_32_2x16 %1105
                    32    %1121 = i2i32 %1120.y
                    8x4   %1122 = unpack_32_4x8 %1121
                    32    %1123 = i2f32 %1122.y
                    32    %1124 = fmul %1091.w, %1123
                    32    %1125 = i2f32 %1122.x
                    32    %1126 = fmul %1091.z, %1125
                    32    %1127 = fadd %1124, %1126
                    32    %1128 = i2i32 %1120.x
                    8x4   %1129 = unpack_32_4x8 %1128
                    32    %1130 = i2f32 %1129.y
                    32    %1131 = fmul %1091.y, %1130
                    32    %1132 = fadd %1127, %1131
                    32    %1133 = i2f32 %1129.x
                    32    %1134 = fmul %1091.x, %1133
                    32    %1135 = fadd %1132, %1134
                    32    %1136 = fadd %1113, %1135
                    32    %1137 = fadd %1111, %1136
                    32    %1138 = fadd %1117, %1137
                    32    %1139 = fadd %1119, %1138
                    32    %1140 = f2f32 %1106
                    32    %1141 = fmul %1139, %1140
                    32    %1142 = fadd %1141, %1069
                    1     %1143 = ult %10 (0x1), %976
                                  // succs: b54 b55
                    if %1143 {
                        block b54:    // preds: b53
                        32    %1144 = iadd %1093, %1073
                        32    %1145 = ushr %1144, %1050 (0x5)
                        32    %1146 = iadd %1052, %1145
                        32    %1147 = imul %1146, %1096 (0x22)
                        32    %1148 = iadd %12 (0x2), %1147
                        32    %1149 = iadd %1148, %1075
                        32    %1150 = iand %1148, %1066 (0xfffffffc)
                        32    %1151 = iadd %1150, %1075
                        32x3  %1152 = @load_ssbo (%1102, %1151) (access=readonly|reorderable, align_mul=4, align_offset=0, offset_shift=0)
                        32    %1153 = alignbyte_amd %1152.y, %1152.x, %1149
                        32    %1154 = alignbyte_amd %1152.z, %1152.y, %1149
                        16    %1155 = @load_ssbo (%1102, %1147) (access=readonly|reorderable, align_mul=2, align_offset=0, offset_shift=0)
                        16x2  %1156 = unpack_32_2x16 %1153
                        32    %1157 = i2i32 %1156.y
                        8x4   %1158 = unpack_32_4x8 %1157
                        32    %1159 = i2f32 %1158.y
                        32    %1160 = fmul %1089.w, %1159
                        32    %1161 = i2f32 %1158.x
                        32    %1162 = fmul %1089.z, %1161
                        32    %1163 = i2i32 %1156.x
                        8x4   %1164 = unpack_32_4x8 %1163
                        32    %1165 = i2f32 %1164.y
                        32    %1166 = fmul %1089.y, %1165
                        32    %1167 = i2f32 %1164.x
                        32    %1168 = fmul %1089.x, %1167
                        16x2  %1169 = unpack_32_2x16 %1154
                        32    %1170 = i2i32 %1169.y
                        8x4   %1171 = unpack_32_4x8 %1170
                        32    %1172 = i2f32 %1171.y
                        32    %1173 = fmul %1091.w, %1172
                        32    %1174 = i2f32 %1171.x
                        32    %1175 = fmul %1091.z, %1174
                        32    %1176 = fadd %1173, %1175
                        32    %1177 = i2i32 %1169.x
                        8x4   %1178 = unpack_32_4x8 %1177
                        32    %1179 = i2f32 %1178.y
                        32    %1180 = fmul %1091.y, %1179
                        32    %1181 = fadd %1176, %1180
                        32    %1182 = i2f32 %1178.x
                        32    %1183 = fmul %1091.x, %1182
                        32    %1184 = fadd %1181, %1183
                        32    %1185 = fadd %1162, %1184
                        32    %1186 = fadd %1160, %1185
                        32    %1187 = fadd %1166, %1186
                        32    %1188 = fadd %1168, %1187
                        32    %1189 = f2f32 %1155
                        32    %1190 = fmul %1188, %1189
                        32    %1191 = fadd %1190, %1068
                                      // succs: b56
                    } else {
                        block b55:  // preds: b53, succs: b56
                    }
                    block b56:    // preds: b54 b55
                    32    %1192 = phi b54: %1191, b55: %1068
                                  // succs: b58
                } else {
                    block b57:  // preds: b52, succs: b58
                }
                block b58:    // preds: b56 b57
                32    %1193 = phi b56: %1192, b57: %1068
                32    %1194 = phi b56: %1142, b57: %1069
                32    %1195 = load_const (0x00000200 = 512)
                32    %1196 = iadd %1072, %1195 (0x200)
                32    %1197 = iadd %1196, %1056
                32    %1198 = iand %1197, %1074 (0x1f)
                32    %1199 = isub %1197, %1198
                32    %1200 = iadd %1077, %1199
                32    %1201 = iadd %1200, %1198
                              // succs: b59 b63
                if %1086 {
                    block b59:    // preds: b58
                    32    %1202 = ushr %1201, %12 (0x2)
                    32    %1203 = ishl %1202, %1085 (0x4)
                    32x4  %1204 = @load_ssbo (%1083, %1203) (access=readonly|reorderable, align_mul=16, align_offset=0, offset_shift=0)
                    32    %1205 = iadd %1203, %1065 (0x10)
                    32x4  %1206 = @load_ssbo (%1083, %1205) (access=readonly|reorderable, align_mul=16, align_offset=0, offset_shift=0)
                    32    %1207 = iadd %1084, %1197
                    32    %1208 = iadd %1084, %1054
                    32    %1209 = ushr %1207, %1050 (0x5)
                    32    %1210 = iadd %1052, %1209
                    32    %1211 = load_const (0x00000022 = 34)
                    32    %1212 = imul %1210, %1211 (0x22)
                    32    %1213 = iadd %12 (0x2), %1212
                    32    %1214 = iadd %1213, %1198
                    32    %1215 = iand %1213, %1066 (0xfffffffc)
                    32    %1216 = iadd %1215, %1198
                    32x4  %1217 = @load_global_amd (%1082, %4 (0x0)) (base=0, access=readonly|reorderable|speculatable|smem-amd, align_mul=4, align_offset=0)
                    32x3  %1218 = @load_ssbo (%1217, %1216) (access=readonly|reorderable, align_mul=4, align_offset=0, offset_shift=0)
                    32    %1219 = alignbyte_amd %1218.y, %1218.x, %1214
                    32    %1220 = alignbyte_amd %1218.z, %1218.y, %1214
                    16    %1221 = @load_ssbo (%1217, %1212) (access=readonly|reorderable, align_mul=2, align_offset=0, offset_shift=0)
                    16x2  %1222 = unpack_32_2x16 %1219
                    32    %1223 = i2i32 %1222.y
                    8x4   %1224 = unpack_32_4x8 %1223
                    32    %1225 = i2f32 %1224.y
                    32    %1226 = fmul %1204.w, %1225
                    32    %1227 = i2f32 %1224.x
                    32    %1228 = fmul %1204.z, %1227
                    32    %1229 = i2i32 %1222.x
                    8x4   %1230 = unpack_32_4x8 %1229
                    32    %1231 = i2f32 %1230.y
                    32    %1232 = fmul %1204.y, %1231
                    32    %1233 = i2f32 %1230.x
                    32    %1234 = fmul %1204.x, %1233
                    16x2  %1235 = unpack_32_2x16 %1220
                    32    %1236 = i2i32 %1235.y
                    8x4   %1237 = unpack_32_4x8 %1236
                    32    %1238 = i2f32 %1237.y
                    32    %1239 = fmul %1206.w, %1238
                    32    %1240 = i2f32 %1237.x
                    32    %1241 = fmul %1206.z, %1240
                    32    %1242 = fadd %1239, %1241
                    32    %1243 = i2i32 %1235.x
                    8x4   %1244 = unpack_32_4x8 %1243
                    32    %1245 = i2f32 %1244.y
                    32    %1246 = fmul %1206.y, %1245
                    32    %1247 = fadd %1242, %1246
                    32    %1248 = i2f32 %1244.x
                    32    %1249 = fmul %1206.x, %1248
                    32    %1250 = fadd %1247, %1249
                    32    %1251 = fadd %1228, %1250
                    32    %1252 = fadd %1226, %1251
                    32    %1253 = fadd %1232, %1252
                    32    %1254 = fadd %1234, %1253
                    32    %1255 = f2f32 %1221
                    32    %1256 = fmul %1254, %1255
                    32    %1257 = fadd %1256, %1194
                    1     %1258 = ult %10 (0x1), %976
                                  // succs: b60 b61
                    if %1258 {
                        block b60:    // preds: b59
                        32    %1259 = iadd %1208, %1197
                        32    %1260 = ushr %1259, %1050 (0x5)
                        32    %1261 = iadd %1052, %1260
                        32    %1262 = imul %1261, %1211 (0x22)
                        32    %1263 = iadd %12 (0x2), %1262
                        32    %1264 = iadd %1263, %1198
                        32    %1265 = iand %1263, %1066 (0xfffffffc)
                        32    %1266 = iadd %1265, %1198
                        32x3  %1267 = @load_ssbo (%1217, %1266) (access=readonly|reorderable, align_mul=4, align_offset=0, offset_shift=0)
                        32    %1268 = alignbyte_amd %1267.y, %1267.x, %1264
                        32    %1269 = alignbyte_amd %1267.z, %1267.y, %1264
                        16    %1270 = @load_ssbo (%1217, %1262) (access=readonly|reorderable, align_mul=2, align_offset=0, offset_shift=0)
                        16x2  %1271 = unpack_32_2x16 %1268
                        32    %1272 = i2i32 %1271.y
                        8x4   %1273 = unpack_32_4x8 %1272
                        32    %1274 = i2f32 %1273.y
                        32    %1275 = fmul %1204.w, %1274
                        32    %1276 = i2f32 %1273.x
                        32    %1277 = fmul %1204.z, %1276
                        32    %1278 = i2i32 %1271.x
                        8x4   %1279 = unpack_32_4x8 %1278
                        32    %1280 = i2f32 %1279.y
                        32    %1281 = fmul %1204.y, %1280
                        32    %1282 = i2f32 %1279.x
                        32    %1283 = fmul %1204.x, %1282
                        16x2  %1284 = unpack_32_2x16 %1269
                        32    %1285 = i2i32 %1284.y
                        8x4   %1286 = unpack_32_4x8 %1285
                        32    %1287 = i2f32 %1286.y
                        32    %1288 = fmul %1206.w, %1287
                        32    %1289 = i2f32 %1286.x
                        32    %1290 = fmul %1206.z, %1289
                        32    %1291 = fadd %1288, %1290
                        32    %1292 = i2i32 %1284.x
                        8x4   %1293 = unpack_32_4x8 %1292
                        32    %1294 = i2f32 %1293.y
                        32    %1295 = fmul %1206.y, %1294
                        32    %1296 = fadd %1291, %1295
                        32    %1297 = i2f32 %1293.x
                        32    %1298 = fmul %1206.x, %1297
                        32    %1299 = fadd %1296, %1298
                        32    %1300 = fadd %1277, %1299
                        32    %1301 = fadd %1275, %1300
                        32    %1302 = fadd %1281, %1301
                        32    %1303 = fadd %1283, %1302
                        32    %1304 = f2f32 %1270
                        32    %1305 = fmul %1303, %1304
                        32    %1306 = fadd %1305, %1193
                                      // succs: b62
                    } else {
                        block b61:  // preds: b59, succs: b62
                    }
                    block b62:    // preds: b60 b61
                    32    %1307 = phi b60: %1306, b61: %1193
                                  // succs: b64
                } else {
                    block b63:  // preds: b58, succs: b64
                }
                block b64:    // preds: b62 b63
                32    %1308 = phi b62: %1307, b63: %1193
                32    %1309 = phi b62: %1257, b63: %1194
                32    %1310 = load_const (0x00000400 = 1024)
                32    %1311 = iadd %1310 (0x400), %1072
                32    %1312 = iadd %1311, %1056
                32    %1313 = iand %1312, %1074 (0x1f)
                32    %1314 = isub %1312, %1313
                32    %1315 = iadd %1077, %1314
                32    %1316 = iadd %1315, %1313
                              // succs: b65 b69
                if %1086 {
                    block b65:    // preds: b64
                    32    %1317 = ushr %1316, %12 (0x2)
                    32    %1318 = ishl %1317, %1085 (0x4)
                    32x4  %1319 = @load_ssbo (%1083, %1318) (access=readonly|reorderable, align_mul=16, align_offset=0, offset_shift=0)
                    32    %1320 = iadd %1318, %1065 (0x10)
                    32x4  %1321 = @load_ssbo (%1083, %1320) (access=readonly|reorderable, align_mul=16, align_offset=0, offset_shift=0)
                    32    %1322 = iadd %1084, %1312
                    32    %1323 = iadd %1084, %1054
                    32    %1324 = ushr %1322, %1050 (0x5)
                    32    %1325 = iadd %1052, %1324
                    32    %1326 = load_const (0x00000022 = 34)
                    32    %1327 = imul %1325, %1326 (0x22)
                    32    %1328 = iadd %12 (0x2), %1327
                    32    %1329 = iadd %1328, %1313
                    32    %1330 = iand %1328, %1066 (0xfffffffc)
                    32    %1331 = iadd %1330, %1313
                    32x4  %1332 = @load_global_amd (%1082, %4 (0x0)) (base=0, access=readonly|reorderable|speculatable|smem-amd, align_mul=4, align_offset=0)
                    32x3  %1333 = @load_ssbo (%1332, %1331) (access=readonly|reorderable, align_mul=4, align_offset=0, offset_shift=0)
                    32    %1334 = alignbyte_amd %1333.y, %1333.x, %1329
                    32    %1335 = alignbyte_amd %1333.z, %1333.y, %1329
                    16    %1336 = @load_ssbo (%1332, %1327) (access=readonly|reorderable, align_mul=2, align_offset=0, offset_shift=0)
                    16x2  %1337 = unpack_32_2x16 %1334
                    32    %1338 = i2i32 %1337.y
                    8x4   %1339 = unpack_32_4x8 %1338
                    32    %1340 = i2f32 %1339.y
                    32    %1341 = fmul %1319.w, %1340
                    32    %1342 = i2f32 %1339.x
                    32    %1343 = fmul %1319.z, %1342
                    32    %1344 = i2i32 %1337.x
                    8x4   %1345 = unpack_32_4x8 %1344
                    32    %1346 = i2f32 %1345.y
                    32    %1347 = fmul %1319.y, %1346
                    32    %1348 = i2f32 %1345.x
                    32    %1349 = fmul %1319.x, %1348
                    16x2  %1350 = unpack_32_2x16 %1335
                    32    %1351 = i2i32 %1350.y
                    8x4   %1352 = unpack_32_4x8 %1351
                    32    %1353 = i2f32 %1352.y
                    32    %1354 = fmul %1321.w, %1353
                    32    %1355 = i2f32 %1352.x
                    32    %1356 = fmul %1321.z, %1355
                    32    %1357 = fadd %1354, %1356
                    32    %1358 = i2i32 %1350.x
                    8x4   %1359 = unpack_32_4x8 %1358
                    32    %1360 = i2f32 %1359.y
                    32    %1361 = fmul %1321.y, %1360
                    32    %1362 = fadd %1357, %1361
                    32    %1363 = i2f32 %1359.x
                    32    %1364 = fmul %1321.x, %1363
                    32    %1365 = fadd %1362, %1364
                    32    %1366 = fadd %1343, %1365
                    32    %1367 = fadd %1341, %1366
                    32    %1368 = fadd %1347, %1367
                    32    %1369 = fadd %1349, %1368
                    32    %1370 = f2f32 %1336
                    32    %1371 = fmul %1369, %1370
                    32    %1372 = fadd %1371, %1309
                    1     %1373 = ult %10 (0x1), %976
                                  // succs: b66 b67
                    if %1373 {
                        block b66:    // preds: b65
                        32    %1374 = iadd %1323, %1312
                        32    %1375 = ushr %1374, %1050 (0x5)
                        32    %1376 = iadd %1052, %1375
                        32    %1377 = imul %1376, %1326 (0x22)
                        32    %1378 = iadd %12 (0x2), %1377
                        32    %1379 = iadd %1378, %1313
                        32    %1380 = iand %1378, %1066 (0xfffffffc)
                        32    %1381 = iadd %1380, %1313
                        32x3  %1382 = @load_ssbo (%1332, %1381) (access=readonly|reorderable, align_mul=4, align_offset=0, offset_shift=0)
                        32    %1383 = alignbyte_amd %1382.y, %1382.x, %1379
                        32    %1384 = alignbyte_amd %1382.z, %1382.y, %1379
                        16    %1385 = @load_ssbo (%1332, %1377) (access=readonly|reorderable, align_mul=2, align_offset=0, offset_shift=0)
                        16x2  %1386 = unpack_32_2x16 %1383
                        32    %1387 = i2i32 %1386.y
                        8x4   %1388 = unpack_32_4x8 %1387
                        32    %1389 = i2f32 %1388.y
                        32    %1390 = fmul %1319.w, %1389
                        32    %1391 = i2f32 %1388.x
                        32    %1392 = fmul %1319.z, %1391
                        32    %1393 = i2i32 %1386.x
                        8x4   %1394 = unpack_32_4x8 %1393
                        32    %1395 = i2f32 %1394.y
                        32    %1396 = fmul %1319.y, %1395
                        32    %1397 = i2f32 %1394.x
                        32    %1398 = fmul %1319.x, %1397
                        16x2  %1399 = unpack_32_2x16 %1384
                        32    %1400 = i2i32 %1399.y
                        8x4   %1401 = unpack_32_4x8 %1400
                        32    %1402 = i2f32 %1401.y
                        32    %1403 = fmul %1321.w, %1402
                        32    %1404 = i2f32 %1401.x
                        32    %1405 = fmul %1321.z, %1404
                        32    %1406 = fadd %1403, %1405
                        32    %1407 = i2i32 %1399.x
                        8x4   %1408 = unpack_32_4x8 %1407
                        32    %1409 = i2f32 %1408.y
                        32    %1410 = fmul %1321.y, %1409
                        32    %1411 = fadd %1406, %1410
                        32    %1412 = i2f32 %1408.x
                        32    %1413 = fmul %1321.x, %1412
                        32    %1414 = fadd %1411, %1413
                        32    %1415 = fadd %1392, %1414
                        32    %1416 = fadd %1390, %1415
                        32    %1417 = fadd %1396, %1416
                        32    %1418 = fadd %1398, %1417
                        32    %1419 = f2f32 %1385
                        32    %1420 = fmul %1418, %1419
                        32    %1421 = fadd %1420, %1308
                                      // succs: b68
                    } else {
                        block b67:  // preds: b65, succs: b68
                    }
                    block b68:    // preds: b66 b67
                    32    %1422 = phi b66: %1421, b67: %1308
                                  // succs: b70
                } else {
                    block b69:  // preds: b64, succs: b70
                }
                block b70:    // preds: b68 b69
                32    %1423 = phi b68: %1422, b69: %1308
                32    %1424 = phi b68: %1372, b69: %1309
                32    %1425 = load_const (0x00000600 = 1536)
                32    %1426 = iadd %1425 (0x600), %1072
                32    %1427 = iadd %1426, %1056
                32    %1428 = iand %1427, %1074 (0x1f)
                32    %1429 = isub %1427, %1428
                32    %1430 = iadd %1077, %1429
                32    %1431 = iadd %1430, %1428
                              // succs: b71 b75
                if %1086 {
                    block b71:    // preds: b70
                    32    %1432 = ushr %1431, %12 (0x2)
                    32    %1433 = ishl %1432, %1085 (0x4)
                    32x4  %1434 = @load_ssbo (%1083, %1433) (access=readonly|reorderable, align_mul=16, align_offset=0, offset_shift=0)
                    32    %1435 = iadd %1433, %1065 (0x10)
                    32x4  %1436 = @load_ssbo (%1083, %1435) (access=readonly|reorderable, align_mul=16, align_offset=0, offset_shift=0)
                    32    %1437 = iadd %1084, %1427
                    32    %1438 = iadd %1084, %1054
                    32    %1439 = ushr %1437, %1050 (0x5)
                    32    %1440 = iadd %1052, %1439
                    32    %1441 = load_const (0x00000022 = 34)
                    32    %1442 = imul %1440, %1441 (0x22)
                    32    %1443 = iadd %12 (0x2), %1442
                    32    %1444 = iadd %1443, %1428
                    32    %1445 = iand %1443, %1066 (0xfffffffc)
                    32    %1446 = iadd %1445, %1428
                    32x4  %1447 = @load_global_amd (%1082, %4 (0x0)) (base=0, access=readonly|reorderable|speculatable|smem-amd, align_mul=4, align_offset=0)
                    32x3  %1448 = @load_ssbo (%1447, %1446) (access=readonly|reorderable, align_mul=4, align_offset=0, offset_shift=0)
                    32    %1449 = alignbyte_amd %1448.y, %1448.x, %1444
                    32    %1450 = alignbyte_amd %1448.z, %1448.y, %1444
                    16    %1451 = @load_ssbo (%1447, %1442) (access=readonly|reorderable, align_mul=2, align_offset=0, offset_shift=0)
                    16x2  %1452 = unpack_32_2x16 %1449
                    32    %1453 = i2i32 %1452.y
                    8x4   %1454 = unpack_32_4x8 %1453
                    32    %1455 = i2f32 %1454.y
                    32    %1456 = fmul %1434.w, %1455
                    32    %1457 = i2f32 %1454.x
                    32    %1458 = fmul %1434.z, %1457
                    32    %1459 = i2i32 %1452.x
                    8x4   %1460 = unpack_32_4x8 %1459
                    32    %1461 = i2f32 %1460.y
                    32    %1462 = fmul %1434.y, %1461
                    32    %1463 = i2f32 %1460.x
                    32    %1464 = fmul %1434.x, %1463
                    16x2  %1465 = unpack_32_2x16 %1450
                    32    %1466 = i2i32 %1465.y
                    8x4   %1467 = unpack_32_4x8 %1466
                    32    %1468 = i2f32 %1467.y
                    32    %1469 = fmul %1436.w, %1468
                    32    %1470 = i2f32 %1467.x
                    32    %1471 = fmul %1436.z, %1470
                    32    %1472 = fadd %1469, %1471
                    32    %1473 = i2i32 %1465.x
                    8x4   %1474 = unpack_32_4x8 %1473
                    32    %1475 = i2f32 %1474.y
                    32    %1476 = fmul %1436.y, %1475
                    32    %1477 = fadd %1472, %1476
                    32    %1478 = i2f32 %1474.x
                    32    %1479 = fmul %1436.x, %1478
                    32    %1480 = fadd %1477, %1479
                    32    %1481 = fadd %1458, %1480
                    32    %1482 = fadd %1456, %1481
                    32    %1483 = fadd %1462, %1482
                    32    %1484 = fadd %1464, %1483
                    32    %1485 = f2f32 %1451
                    32    %1486 = fmul %1484, %1485
                    32    %1487 = fadd %1486, %1424
                    1     %1488 = ult %10 (0x1), %976
                                  // succs: b72 b73
                    if %1488 {
                        block b72:    // preds: b71
                        32    %1489 = iadd %1438, %1427
                        32    %1490 = ushr %1489, %1050 (0x5)
                        32    %1491 = iadd %1052, %1490
                        32    %1492 = imul %1491, %1441 (0x22)
                        32    %1493 = iadd %12 (0x2), %1492
                        32    %1494 = iadd %1493, %1428
                        32    %1495 = iand %1493, %1066 (0xfffffffc)
                        32    %1496 = iadd %1495, %1428
                        32x3  %1497 = @load_ssbo (%1447, %1496) (access=readonly|reorderable, align_mul=4, align_offset=0, offset_shift=0)
                        32    %1498 = alignbyte_amd %1497.y, %1497.x, %1494
                        32    %1499 = alignbyte_amd %1497.z, %1497.y, %1494
                        16    %1500 = @load_ssbo (%1447, %1492) (access=readonly|reorderable, align_mul=2, align_offset=0, offset_shift=0)
                        16x2  %1501 = unpack_32_2x16 %1498
                        32    %1502 = i2i32 %1501.y
                        8x4   %1503 = unpack_32_4x8 %1502
                        32    %1504 = i2f32 %1503.y
                        32    %1505 = fmul %1434.w, %1504
                        32    %1506 = i2f32 %1503.x
                        32    %1507 = fmul %1434.z, %1506
                        32    %1508 = i2i32 %1501.x
                        8x4   %1509 = unpack_32_4x8 %1508
                        32    %1510 = i2f32 %1509.y
                        32    %1511 = fmul %1434.y, %1510
                        32    %1512 = i2f32 %1509.x
                        32    %1513 = fmul %1434.x, %1512
                        16x2  %1514 = unpack_32_2x16 %1499
                        32    %1515 = i2i32 %1514.y
                        8x4   %1516 = unpack_32_4x8 %1515
                        32    %1517 = i2f32 %1516.y
                        32    %1518 = fmul %1436.w, %1517
                        32    %1519 = i2f32 %1516.x
                        32    %1520 = fmul %1436.z, %1519
                        32    %1521 = fadd %1518, %1520
                        32    %1522 = i2i32 %1514.x
                        8x4   %1523 = unpack_32_4x8 %1522
                        32    %1524 = i2f32 %1523.y
                        32    %1525 = fmul %1436.y, %1524
                        32    %1526 = fadd %1521, %1525
                        32    %1527 = i2f32 %1523.x
                        32    %1528 = fmul %1436.x, %1527
                        32    %1529 = fadd %1526, %1528
                        32    %1530 = fadd %1507, %1529
                        32    %1531 = fadd %1505, %1530
                        32    %1532 = fadd %1511, %1531
                        32    %1533 = fadd %1513, %1532
                        32    %1534 = f2f32 %1500
                        32    %1535 = fmul %1533, %1534
                        32    %1536 = fadd %1535, %1423
                                      // succs: b74
                    } else {
                        block b73:  // preds: b71, succs: b74
                    }
                    block b74:    // preds: b72 b73
                    32    %1537 = phi b72: %1536, b73: %1423
                                  // succs: b76
                } else {
                    block b75:  // preds: b70, succs: b76
                }
                block b76:    // preds: b74 b75
                32    %1538 = phi b74: %1537, b75: %1423
                32    %1539 = phi b74: %1487, b75: %1424
                32    %1540 = iadd %1085 (0x4), %1070
                              // succs: b49
            }
            block b77:    // preds: b50
            32    %1541 = load_const (0xfffffffe = -2 = 4294967294)
            32    %1542 = iand %1064, %1541 (0xfffffffe)
                          // succs: b78
            loop {
                block b78:    // preds: b77 b93
                32    %1543 = phi b77: %1068, b93: %1783
                32    %1544 = phi b77: %1069, b93: %1784
                32    %1545 = phi b77: %1070, b93: %1785
                1     %1546 = uge %1545, %1542
                              // succs: b79 b80
                if %1546 {
                    block b79:// preds: b78
                    break
                    // succs: b94
                } else {
                    block b80:  // preds: b78, succs: b81
                }
                block b81:    // preds: b80
                32    %1547 = ishl %1545, %1062 (0x9)
                32    %1548 = iadd %1547, %1056
                32    %1549 = load_const (0x0000001f = 31)
                32    %1550 = iand %1548, %1549 (0x1f)
                32    %1551 = isub %1548, %1550
                32    %1552 = imul %1049, %982
                32    %1553 = iadd %1552, %1551
                32    %1554 = iadd %1553, %1550
                32    %1555 = @load_scalar_arg_amd (base=1, arg_upper_bound_u32_amd=0, arg_num_lsb_zero=2)
                32    %1556 = load_const (0xffff8000 = -32768 = 4294934528)
                64    %1557 = pack_64_2x32_split %1555, %1556 (0xffff8000)
                32x4  %1558 = @load_global_amd (%1557, %4 (0x0)) (base=16, access=readonly|reorderable|speculatable|smem-amd, align_mul=4, align_offset=0)
                32    %1559 = imul %11, %1054
                32    %1560 = load_const (0x00000004)
                1     %1561 = ine %976, %4 (0x0)
                              // succs: b82 b86
                if %1561 {
                    block b82:    // preds: b81
                    32    %1562 = ushr %1554, %12 (0x2)
                    32    %1563 = ishl %1562, %1560 (0x4)
                    32x4  %1564 = @load_ssbo (%1558, %1563) (access=readonly|reorderable, align_mul=16, align_offset=0, offset_shift=0)
                    32    %1565 = iadd %1563, %1065 (0x10)
                    32x4  %1566 = @load_ssbo (%1558, %1565) (access=readonly|reorderable, align_mul=16, align_offset=0, offset_shift=0)
                    32    %1567 = iadd %1559, %1548
                    32    %1568 = iadd %1559, %1054
                    32    %1569 = ushr %1567, %1050 (0x5)
                    32    %1570 = iadd %1052, %1569
                    32    %1571 = load_const (0x00000022 = 34)
                    32    %1572 = imul %1570, %1571 (0x22)
                    32    %1573 = iadd %12 (0x2), %1572
                    32    %1574 = iadd %1573, %1550
                    32    %1575 = iand %1573, %1066 (0xfffffffc)
                    32    %1576 = iadd %1575, %1550
                    32x4  %1577 = @load_global_amd (%1557, %4 (0x0)) (base=0, access=readonly|reorderable|speculatable|smem-amd, align_mul=4, align_offset=0)
                    32x3  %1578 = @load_ssbo (%1577, %1576) (access=readonly|reorderable, align_mul=4, align_offset=0, offset_shift=0)
                    32    %1579 = alignbyte_amd %1578.y, %1578.x, %1574
                    32    %1580 = alignbyte_amd %1578.z, %1578.y, %1574
                    16    %1581 = @load_ssbo (%1577, %1572) (access=readonly|reorderable, align_mul=2, align_offset=0, offset_shift=0)
                    16x2  %1582 = unpack_32_2x16 %1579
                    32    %1583 = i2i32 %1582.y
                    8x4   %1584 = unpack_32_4x8 %1583
                    32    %1585 = i2f32 %1584.y
                    32    %1586 = fmul %1564.w, %1585
                    32    %1587 = i2f32 %1584.x
                    32    %1588 = fmul %1564.z, %1587
                    32    %1589 = i2i32 %1582.x
                    8x4   %1590 = unpack_32_4x8 %1589
                    32    %1591 = i2f32 %1590.y
                    32    %1592 = fmul %1564.y, %1591
                    32    %1593 = i2f32 %1590.x
                    32    %1594 = fmul %1564.x, %1593
                    16x2  %1595 = unpack_32_2x16 %1580
                    32    %1596 = i2i32 %1595.y
                    8x4   %1597 = unpack_32_4x8 %1596
                    32    %1598 = i2f32 %1597.y
                    32    %1599 = fmul %1566.w, %1598
                    32    %1600 = i2f32 %1597.x
                    32    %1601 = fmul %1566.z, %1600
                    32    %1602 = fadd %1599, %1601
                    32    %1603 = i2i32 %1595.x
                    8x4   %1604 = unpack_32_4x8 %1603
                    32    %1605 = i2f32 %1604.y
                    32    %1606 = fmul %1566.y, %1605
                    32    %1607 = fadd %1602, %1606
                    32    %1608 = i2f32 %1604.x
                    32    %1609 = fmul %1566.x, %1608
                    32    %1610 = fadd %1607, %1609
                    32    %1611 = fadd %1588, %1610
                    32    %1612 = fadd %1586, %1611
                    32    %1613 = fadd %1592, %1612
                    32    %1614 = fadd %1594, %1613
                    32    %1615 = f2f32 %1581
                    32    %1616 = fmul %1614, %1615
                    32    %1617 = fadd %1616, %1544
                    1     %1618 = ult %10 (0x1), %976
                                  // succs: b83 b84
                    if %1618 {
                        block b83:    // preds: b82
                        32    %1619 = iadd %1568, %1548
                        32    %1620 = ushr %1619, %1050 (0x5)
                        32    %1621 = iadd %1052, %1620
                        32    %1622 = imul %1621, %1571 (0x22)
                        32    %1623 = iadd %12 (0x2), %1622
                        32    %1624 = iadd %1623, %1550
                        32    %1625 = iand %1623, %1066 (0xfffffffc)
                        32    %1626 = iadd %1625, %1550
                        32x3  %1627 = @load_ssbo (%1577, %1626) (access=readonly|reorderable, align_mul=4, align_offset=0, offset_shift=0)
                        32    %1628 = alignbyte_amd %1627.y, %1627.x, %1624
                        32    %1629 = alignbyte_amd %1627.z, %1627.y, %1624
                        16    %1630 = @load_ssbo (%1577, %1622) (access=readonly|reorderable, align_mul=2, align_offset=0, offset_shift=0)
                        16x2  %1631 = unpack_32_2x16 %1628
                        32    %1632 = i2i32 %1631.y
                        8x4   %1633 = unpack_32_4x8 %1632
                        32    %1634 = i2f32 %1633.y
                        32    %1635 = fmul %1564.w, %1634
                        32    %1636 = i2f32 %1633.x
                        32    %1637 = fmul %1564.z, %1636
                        32    %1638 = i2i32 %1631.x
                        8x4   %1639 = unpack_32_4x8 %1638
                        32    %1640 = i2f32 %1639.y
                        32    %1641 = fmul %1564.y, %1640
                        32    %1642 = i2f32 %1639.x
                        32    %1643 = fmul %1564.x, %1642
                        16x2  %1644 = unpack_32_2x16 %1629
                        32    %1645 = i2i32 %1644.y
                        8x4   %1646 = unpack_32_4x8 %1645
                        32    %1647 = i2f32 %1646.y
                        32    %1648 = fmul %1566.w, %1647
                        32    %1649 = i2f32 %1646.x
                        32    %1650 = fmul %1566.z, %1649
                        32    %1651 = fadd %1648, %1650
                        32    %1652 = i2i32 %1644.x
                        8x4   %1653 = unpack_32_4x8 %1652
                        32    %1654 = i2f32 %1653.y
                        32    %1655 = fmul %1566.y, %1654
                        32    %1656 = fadd %1651, %1655
                        32    %1657 = i2f32 %1653.x
                        32    %1658 = fmul %1566.x, %1657
                        32    %1659 = fadd %1656, %1658
                        32    %1660 = fadd %1637, %1659
                        32    %1661 = fadd %1635, %1660
                        32    %1662 = fadd %1641, %1661
                        32    %1663 = fadd %1643, %1662
                        32    %1664 = f2f32 %1630
                        32    %1665 = fmul %1663, %1664
                        32    %1666 = fadd %1665, %1543
                                      // succs: b85
                    } else {
                        block b84:  // preds: b82, succs: b85
                    }
                    block b85:    // preds: b83 b84
                    32    %1667 = phi b83: %1666, b84: %1543
                                  // succs: b87
                } else {
                    block b86:  // preds: b81, succs: b87
                }
                block b87:    // preds: b85 b86
                32    %1668 = phi b85: %1667, b86: %1543
                32    %1669 = phi b85: %1617, b86: %1544
                32    %1670 = load_const (0x00000200 = 512)
                32    %1671 = iadd %1547, %1670 (0x200)
                32    %1672 = iadd %1671, %1056
                32    %1673 = iand %1672, %1549 (0x1f)
                32    %1674 = isub %1672, %1673
                32    %1675 = iadd %1552, %1674
                32    %1676 = iadd %1675, %1673
                              // succs: b88 b92
                if %1561 {
                    block b88:    // preds: b87
                    32    %1677 = ushr %1676, %12 (0x2)
                    32    %1678 = ishl %1677, %1560 (0x4)
                    32x4  %1679 = @load_ssbo (%1558, %1678) (access=readonly|reorderable, align_mul=16, align_offset=0, offset_shift=0)
                    32    %1680 = iadd %1678, %1065 (0x10)
                    32x4  %1681 = @load_ssbo (%1558, %1680) (access=readonly|reorderable, align_mul=16, align_offset=0, offset_shift=0)
                    32    %1682 = iadd %1559, %1672
                    32    %1683 = iadd %1559, %1054
                    32    %1684 = ushr %1682, %1050 (0x5)
                    32    %1685 = iadd %1052, %1684
                    32    %1686 = load_const (0x00000022 = 34)
                    32    %1687 = imul %1685, %1686 (0x22)
                    32    %1688 = iadd %12 (0x2), %1687
                    32    %1689 = iadd %1688, %1673
                    32    %1690 = iand %1688, %1066 (0xfffffffc)
                    32    %1691 = iadd %1690, %1673
                    32x4  %1692 = @load_global_amd (%1557, %4 (0x0)) (base=0, access=readonly|reorderable|speculatable|smem-amd, align_mul=4, align_offset=0)
                    32x3  %1693 = @load_ssbo (%1692, %1691) (access=readonly|reorderable, align_mul=4, align_offset=0, offset_shift=0)
                    32    %1694 = alignbyte_amd %1693.y, %1693.x, %1689
                    32    %1695 = alignbyte_amd %1693.z, %1693.y, %1689
                    16    %1696 = @load_ssbo (%1692, %1687) (access=readonly|reorderable, align_mul=2, align_offset=0, offset_shift=0)
                    16x2  %1697 = unpack_32_2x16 %1694
                    32    %1698 = i2i32 %1697.y
                    8x4   %1699 = unpack_32_4x8 %1698
                    32    %1700 = i2f32 %1699.y
                    32    %1701 = fmul %1679.w, %1700
                    32    %1702 = i2f32 %1699.x
                    32    %1703 = fmul %1679.z, %1702
                    32    %1704 = i2i32 %1697.x
                    8x4   %1705 = unpack_32_4x8 %1704
                    32    %1706 = i2f32 %1705.y
                    32    %1707 = fmul %1679.y, %1706
                    32    %1708 = i2f32 %1705.x
                    32    %1709 = fmul %1679.x, %1708
                    16x2  %1710 = unpack_32_2x16 %1695
                    32    %1711 = i2i32 %1710.y
                    8x4   %1712 = unpack_32_4x8 %1711
                    32    %1713 = i2f32 %1712.y
                    32    %1714 = fmul %1681.w, %1713
                    32    %1715 = i2f32 %1712.x
                    32    %1716 = fmul %1681.z, %1715
                    32    %1717 = fadd %1714, %1716
                    32    %1718 = i2i32 %1710.x
                    8x4   %1719 = unpack_32_4x8 %1718
                    32    %1720 = i2f32 %1719.y
                    32    %1721 = fmul %1681.y, %1720
                    32    %1722 = fadd %1717, %1721
                    32    %1723 = i2f32 %1719.x
                    32    %1724 = fmul %1681.x, %1723
                    32    %1725 = fadd %1722, %1724
                    32    %1726 = fadd %1703, %1725
                    32    %1727 = fadd %1701, %1726
                    32    %1728 = fadd %1707, %1727
                    32    %1729 = fadd %1709, %1728
                    32    %1730 = f2f32 %1696
                    32    %1731 = fmul %1729, %1730
                    32    %1732 = fadd %1731, %1669
                    1     %1733 = ult %10 (0x1), %976
                                  // succs: b89 b90
                    if %1733 {
                        block b89:    // preds: b88
                        32    %1734 = iadd %1683, %1672
                        32    %1735 = ushr %1734, %1050 (0x5)
                        32    %1736 = iadd %1052, %1735
                        32    %1737 = imul %1736, %1686 (0x22)
                        32    %1738 = iadd %12 (0x2), %1737
                        32    %1739 = iadd %1738, %1673
                        32    %1740 = iand %1738, %1066 (0xfffffffc)
                        32    %1741 = iadd %1740, %1673
                        32x3  %1742 = @load_ssbo (%1692, %1741) (access=readonly|reorderable, align_mul=4, align_offset=0, offset_shift=0)
                        32    %1743 = alignbyte_amd %1742.y, %1742.x, %1739
                        32    %1744 = alignbyte_amd %1742.z, %1742.y, %1739
                        16    %1745 = @load_ssbo (%1692, %1737) (access=readonly|reorderable, align_mul=2, align_offset=0, offset_shift=0)
                        16x2  %1746 = unpack_32_2x16 %1743
                        32    %1747 = i2i32 %1746.y
                        8x4   %1748 = unpack_32_4x8 %1747
                        32    %1749 = i2f32 %1748.y
                        32    %1750 = fmul %1679.w, %1749
                        32    %1751 = i2f32 %1748.x
                        32    %1752 = fmul %1679.z, %1751
                        32    %1753 = i2i32 %1746.x
                        8x4   %1754 = unpack_32_4x8 %1753
                        32    %1755 = i2f32 %1754.y
                        32    %1756 = fmul %1679.y, %1755
                        32    %1757 = i2f32 %1754.x
                        32    %1758 = fmul %1679.x, %1757
                        16x2  %1759 = unpack_32_2x16 %1744
                        32    %1760 = i2i32 %1759.y
                        8x4   %1761 = unpack_32_4x8 %1760
                        32    %1762 = i2f32 %1761.y
                        32    %1763 = fmul %1681.w, %1762
                        32    %1764 = i2f32 %1761.x
                        32    %1765 = fmul %1681.z, %1764
                        32    %1766 = fadd %1763, %1765
                        32    %1767 = i2i32 %1759.x
                        8x4   %1768 = unpack_32_4x8 %1767
                        32    %1769 = i2f32 %1768.y
                        32    %1770 = fmul %1681.y, %1769
                        32    %1771 = fadd %1766, %1770
                        32    %1772 = i2f32 %1768.x
                        32    %1773 = fmul %1681.x, %1772
                        32    %1774 = fadd %1771, %1773
                        32    %1775 = fadd %1752, %1774
                        32    %1776 = fadd %1750, %1775
                        32    %1777 = fadd %1756, %1776
                        32    %1778 = fadd %1758, %1777
                        32    %1779 = f2f32 %1745
                        32    %1780 = fmul %1778, %1779
                        32    %1781 = fadd %1780, %1668
                                      // succs: b91
                    } else {
                        block b90:  // preds: b88, succs: b91
                    }
                    block b91:    // preds: b89 b90
                    32    %1782 = phi b89: %1781, b90: %1668
                                  // succs: b93
                } else {
                    block b92:  // preds: b87, succs: b93
                }
                block b93:    // preds: b91 b92
                32    %1783 = phi b91: %1782, b92: %1668
                32    %1784 = phi b91: %1732, b92: %1669
                32    %1785 = iadd %12 (0x2), %1545
                              // succs: b78
            }
            block b94:  // preds: b79, succs: b95
            loop {
                block b95:    // preds: b94 b104
                32    %1786 = phi b94: %1543, b104: %1911
                32    %1787 = phi b94: %1544, b104: %1912
                32    %1788 = phi b94: %1545, b104: %1913
                1     %1789 = uge %1788, %1064
                              // succs: b96 b97
                if %1789 {
                    block b96:// preds: b95
                    break
                    // succs: b105
                } else {
                    block b97:  // preds: b95, succs: b98
                }
                block b98:    // preds: b97
                32    %1790 = ishl %1788, %1062 (0x9)
                32    %1791 = iadd %1790, %1056
                32    %1792 = load_const (0x0000001f = 31)
                32    %1793 = iand %1791, %1792 (0x1f)
                32    %1794 = isub %1791, %1793
                32    %1795 = imul %1049, %982
                32    %1796 = iadd %1795, %1794
                32    %1797 = iadd %1796, %1793
                32    %1798 = @load_scalar_arg_amd (base=1, arg_upper_bound_u32_amd=0, arg_num_lsb_zero=2)
                32    %1799 = load_const (0xffff8000 = -32768 = 4294934528)
                64    %1800 = pack_64_2x32_split %1798, %1799 (0xffff8000)
                32x4  %1801 = @load_global_amd (%1800, %4 (0x0)) (base=16, access=readonly|reorderable|speculatable|smem-amd, align_mul=4, align_offset=0)
                32    %1802 = imul %11, %1054
                1     %1803 = ine %976, %4 (0x0)
                              // succs: b99 b103
                if %1803 {
                    block b99:    // preds: b98
                    32    %1804 = load_const (0x00000004)
                    32    %1805 = ushr %1797, %12 (0x2)
                    32    %1806 = ishl %1805, %1804 (0x4)
                    32x4  %1807 = @load_ssbo (%1801, %1806) (access=readonly|reorderable, align_mul=16, align_offset=0, offset_shift=0)
                    32    %1808 = iadd %1806, %1065 (0x10)
                    32x4  %1809 = @load_ssbo (%1801, %1808) (access=readonly|reorderable, align_mul=16, align_offset=0, offset_shift=0)
                    32    %1810 = iadd %1802, %1791
                    32    %1811 = iadd %1802, %1054
                    32    %1812 = ushr %1810, %1050 (0x5)
                    32    %1813 = iadd %1052, %1812
                    32    %1814 = load_const (0x00000022 = 34)
                    32    %1815 = imul %1813, %1814 (0x22)
                    32    %1816 = iadd %12 (0x2), %1815
                    32    %1817 = iadd %1816, %1793
                    32    %1818 = iand %1816, %1066 (0xfffffffc)
                    32    %1819 = iadd %1818, %1793
                    32x4  %1820 = @load_global_amd (%1800, %4 (0x0)) (base=0, access=readonly|reorderable|speculatable|smem-amd, align_mul=4, align_offset=0)
                    32x3  %1821 = @load_ssbo (%1820, %1819) (access=readonly|reorderable, align_mul=4, align_offset=0, offset_shift=0)
                    32    %1822 = alignbyte_amd %1821.y, %1821.x, %1817
                    32    %1823 = alignbyte_amd %1821.z, %1821.y, %1817
                    16    %1824 = @load_ssbo (%1820, %1815) (access=readonly|reorderable, align_mul=2, align_offset=0, offset_shift=0)
                    16x2  %1825 = unpack_32_2x16 %1822
                    32    %1826 = i2i32 %1825.y
                    8x4   %1827 = unpack_32_4x8 %1826
                    32    %1828 = i2f32 %1827.y
                    32    %1829 = fmul %1807.w, %1828
                    32    %1830 = i2f32 %1827.x
                    32    %1831 = fmul %1807.z, %1830
                    32    %1832 = i2i32 %1825.x
                    8x4   %1833 = unpack_32_4x8 %1832
                    32    %1834 = i2f32 %1833.y
                    32    %1835 = fmul %1807.y, %1834
                    32    %1836 = i2f32 %1833.x
                    32    %1837 = fmul %1807.x, %1836
                    16x2  %1838 = unpack_32_2x16 %1823
                    32    %1839 = i2i32 %1838.y
                    8x4   %1840 = unpack_32_4x8 %1839
                    32    %1841 = i2f32 %1840.y
                    32    %1842 = fmul %1809.w, %1841
                    32    %1843 = i2f32 %1840.x
                    32    %1844 = fmul %1809.z, %1843
                    32    %1845 = fadd %1842, %1844
                    32    %1846 = i2i32 %1838.x
                    8x4   %1847 = unpack_32_4x8 %1846
                    32    %1848 = i2f32 %1847.y
                    32    %1849 = fmul %1809.y, %1848
                    32    %1850 = fadd %1845, %1849
                    32    %1851 = i2f32 %1847.x
                    32    %1852 = fmul %1809.x, %1851
                    32    %1853 = fadd %1850, %1852
                    32    %1854 = fadd %1831, %1853
                    32    %1855 = fadd %1829, %1854
                    32    %1856 = fadd %1835, %1855
                    32    %1857 = fadd %1837, %1856
                    32    %1858 = f2f32 %1824
                    32    %1859 = fmul %1857, %1858
                    32    %1860 = fadd %1859, %1787
                    1     %1861 = ult %10 (0x1), %976
                                  // succs: b100 b101
                    if %1861 {
                        block b100:   // preds: b99
                        32    %1862 = iadd %1811, %1791
                        32    %1863 = ushr %1862, %1050 (0x5)
                        32    %1864 = iadd %1052, %1863
                        32    %1865 = imul %1864, %1814 (0x22)
                        32    %1866 = iadd %12 (0x2), %1865
                        32    %1867 = iadd %1866, %1793
                        32    %1868 = iand %1866, %1066 (0xfffffffc)
                        32    %1869 = iadd %1868, %1793
                        32x3  %1870 = @load_ssbo (%1820, %1869) (access=readonly|reorderable, align_mul=4, align_offset=0, offset_shift=0)
                        32    %1871 = alignbyte_amd %1870.y, %1870.x, %1867
                        32    %1872 = alignbyte_amd %1870.z, %1870.y, %1867
                        16    %1873 = @load_ssbo (%1820, %1865) (access=readonly|reorderable, align_mul=2, align_offset=0, offset_shift=0)
                        16x2  %1874 = unpack_32_2x16 %1871
                        32    %1875 = i2i32 %1874.y
                        8x4   %1876 = unpack_32_4x8 %1875
                        32    %1877 = i2f32 %1876.y
                        32    %1878 = fmul %1807.w, %1877
                        32    %1879 = i2f32 %1876.x
                        32    %1880 = fmul %1807.z, %1879
                        32    %1881 = i2i32 %1874.x
                        8x4   %1882 = unpack_32_4x8 %1881
                        32    %1883 = i2f32 %1882.y
                        32    %1884 = fmul %1807.y, %1883
                        32    %1885 = i2f32 %1882.x
                        32    %1886 = fmul %1807.x, %1885
                        16x2  %1887 = unpack_32_2x16 %1872
                        32    %1888 = i2i32 %1887.y
                        8x4   %1889 = unpack_32_4x8 %1888
                        32    %1890 = i2f32 %1889.y
                        32    %1891 = fmul %1809.w, %1890
                        32    %1892 = i2f32 %1889.x
                        32    %1893 = fmul %1809.z, %1892
                        32    %1894 = fadd %1891, %1893
                        32    %1895 = i2i32 %1887.x
                        8x4   %1896 = unpack_32_4x8 %1895
                        32    %1897 = i2f32 %1896.y
                        32    %1898 = fmul %1809.y, %1897
                        32    %1899 = fadd %1894, %1898
                        32    %1900 = i2f32 %1896.x
                        32    %1901 = fmul %1809.x, %1900
                        32    %1902 = fadd %1899, %1901
                        32    %1903 = fadd %1880, %1902
                        32    %1904 = fadd %1878, %1903
                        32    %1905 = fadd %1884, %1904
                        32    %1906 = fadd %1886, %1905
                        32    %1907 = f2f32 %1873
                        32    %1908 = fmul %1906, %1907
                        32    %1909 = fadd %1908, %1786
                                      // succs: b102
                    } else {
                        block b101:  // preds: b99, succs: b102
                    }
                    block b102:   // preds: b100 b101
                    32    %1910 = phi b100: %1909, b101: %1786
                                  // succs: b104
                } else {
                    block b103:  // preds: b98, succs: b104
                }
                block b104:   // preds: b102 b103
                32    %1911 = phi b102: %1910, b103: %1786
                32    %1912 = phi b102: %1860, b103: %1787
                32    %1913 = iadd %1788, %10 (0x1)
                              // succs: b95
            }
            block b105:   // preds: b96
            1     %1914 = ine %976, %4 (0x0)
                          // succs: b106 b110
            if %1914 {
                block b106:   // preds: b105
                32    %1915 = @reduce (%1787) (reduction_op=fadd, cluster_size=0)
                1     %1916 = ult %10 (0x1), %976
                              // succs: b107 b108
                if %1916 {
                    block b107:   // preds: b106
                    32    %1917 = @reduce (%1786) (reduction_op=fadd, cluster_size=0)
                                  // succs: b109
                } else {
                    block b108:  // preds: b106, succs: b109
                }
                block b109:   // preds: b107 b108
                32    %1918 = phi b107: %1917, b108: %1786
                              // succs: b111
            } else {
                block b110:  // preds: b105, succs: b111
            }
            block b111:   // preds: b109 b110
            32    %1919 = phi b109: %1918, b110: %1786
            32    %1920 = phi b109: %1915, b110: %1787
            64    %1921 = load_const (0x0000000000000001 = 0.000000)
            1     %1922 = @inverse_ballot (%1921 (0x1))
            1     %1923 = iand %1914, %1922
                          // succs: b112 b116
            if %1923 {
                block b112:   // preds: b111
                              @store_shared (%1920, %4 (0x0)) (base=0, access=none, wrmask=x, align_mul=1073741824, align_offset=0)
                1     %1924 = ult %10 (0x1), %976
                              // succs: b113 b114
                if %1924 {
                    block b113:// preds: b112
                    @store_shared (%1919, %4 (0x0)) (base=4, access=none, wrmask=x, align_mul=1073741824, align_offset=4)
                    // succs: b115
                } else {
                    block b114:  // preds: b112, succs: b115
                }
                block b115:  // preds: b113 b114, succs: b117
            } else {
                block b116:  // preds: b111, succs: b117
            }
            block b117:// preds: b115 b116
            @barrier (execution_scope=WORKGROUP, memory_scope=WORKGROUP, mem_semantics=ACQ|REL, mem_modes=shared)
            // succs: b118 b138
            if %1922 {
                block b118:   // preds: b117
                32    %1925 = umin %12 (0x2), %976
                              // succs: b119
                loop  // unroll {
                    block b119:   // preds: b118 b136
                    32    %1926 = phi b118: %1919, b136: %1982
                    32    %1927 = phi b118: %1920, b136: %1983
                    32    %1928 = phi b118: %4 (0x0), b136: %1993
                    1     %1929 = uge %1928, %1925
                                  // succs: b120 b121
                    if %1929 {
                        block b120:// preds: b119
                        break
                        // succs: b137
                    } else {
                        block b121:  // preds: b119, succs: b122
                    }
                    block b122:   // preds: b121
                    1     %1930 = ilt %1928, %10 (0x1)
                    32    %1931 = bcsel %1930, %1926, %4 (0x0)
                    32    %1932 = bcsel %1930, %4 (0x0), %1927
                    32    %1933 = @load_scalar_arg_amd (base=17, arg_upper_bound_u32_amd=0, arg_num_lsb_zero=0)
                    32    %1934 = load_const (0x0000003f = 63)
                    32    %1935 = iand %1933, %1934 (0x3f)
                    1     %1936 = ine %1935, %4 (0x0)
                                  // succs: b123 b129
                    if %1936 {
                        block b123:   // preds: b122
                        32    %1937 = ishl %1928, %12 (0x2)
                        32    %1938 = @load_shared (%1937) (base=0, access=none, align_mul=4, align_offset=0)
                        32    %1939 = bcsel %1930, %1926, %1938
                        32    %1940 = bcsel %1930, %1938, %1927
                                      // succs: b124
                        loop {
                            block b124:   // preds: b123 b127
                            32    %1941 = phi b123: %1939, b127: %1946
                            32    %1942 = phi b123: %1940, b127: %1947
                            32    %1943 = phi b123: %10 (0x1), b127: %1948
                            1     %1944 = uge %1943, %1935
                                          // succs: b125 b126
                            if %1944 {
                                block b125:// preds: b124
                                break
                                // succs: b128
                            } else {
                                block b126:  // preds: b124, succs: b127
                            }
                            block b127:   // preds: b126
                            32    %1945 = load_const (0x7fc00000 = nan)
                            32    %1946 = bcsel %1930, %1941, %1945 (0x7fc00000)
                            32    %1947 = bcsel %1930, %1945 (0x7fc00000), %1942
                            32    %1948 = iadd %1943, %10 (0x1)
                                          // succs: b124
                        }
                        block b128:  // preds: b125, succs: b130
                    } else {
                        block b129:  // preds: b122, succs: b130
                    }
                    block b130:   // preds: b128 b129
                    32    %1949 = phi b128: %1941, b129: %1931
                    32    %1950 = phi b128: %1942, b129: %1932
                    32    %1951 = @load_scalar_arg_amd (base=7, arg_upper_bound_u32_amd=0, arg_num_lsb_zero=0)
                    1     %1952 = bitnz %1951, %4 (0x0)
                                  // succs: b131 b132
                    if %1952 {
                        block b131:   // preds: b130
                        32    %1953 = imul %1053, %982
                        32    %1954 = iadd %1953, %11
                        32    %1955 = iadd %1954, %1928
                        32    %1956 = @load_scalar_arg_amd (base=1, arg_upper_bound_u32_amd=0, arg_num_lsb_zero=2)
                        32    %1957 = load_const (0xffff8000 = -32768 = 4294934528)
                        64    %1958 = pack_64_2x32_split %1956, %1957 (0xffff8000)
                        32x4  %1959 = @load_global_amd (%1958, %4 (0x0)) (base=48, access=readonly|reorderable|speculatable|smem-amd, align_mul=4, align_offset=0)
                        32    %1960 = ishl %1955, %12 (0x2)
                        32    %1961 = @load_ssbo (%1959, %1960) (access=readonly|reorderable|smem-amd, align_mul=4, align_offset=0, offset_shift=0)
                        32    %1962 = bcsel %1930, %1950, %1949
                        32    %1963 = fadd %1962, %1961
                        32    %1964 = bcsel %1930, %1949, %1963
                        32    %1965 = bcsel %1930, %1963, %1950
                                      // succs: b133
                    } else {
                        block b132:  // preds: b130, succs: b133
                    }
                    block b133:   // preds: b131 b132
                    32    %1966 = phi b131: %1964, b132: %1949
                    32    %1967 = phi b131: %1965, b132: %1950
                    1     %1968 = bitnz %1951, %10 (0x1)
                                  // succs: b134 b135
                    if %1968 {
                        block b134:   // preds: b133
                        32    %1969 = imul %1053, %982
                        32    %1970 = iadd %1969, %11
                        32    %1971 = iadd %1970, %1928
                        32    %1972 = @load_scalar_arg_amd (base=1, arg_upper_bound_u32_amd=0, arg_num_lsb_zero=2)
                        32    %1973 = load_const (0xffff8000 = -32768 = 4294934528)
                        64    %1974 = pack_64_2x32_split %1972, %1973 (0xffff8000)
                        32x4  %1975 = @load_global_amd (%1974, %4 (0x0)) (base=64, access=readonly|reorderable|speculatable|smem-amd, align_mul=4, align_offset=0)
                        32    %1976 = ishl %1971, %12 (0x2)
                        32    %1977 = @load_ssbo (%1975, %1976) (access=readonly|reorderable|smem-amd, align_mul=4, align_offset=0, offset_shift=0)
                        32    %1978 = bcsel %1930, %1967, %1966
                        32    %1979 = fadd %1978, %1977
                        32    %1980 = bcsel %1930, %1966, %1979
                        32    %1981 = bcsel %1930, %1979, %1967
                                      // succs: b136
                    } else {
                        block b135:  // preds: b133, succs: b136
                    }
                    block b136:   // preds: b134 b135
                    32    %1982 = phi b134: %1980, b135: %1966
                    32    %1983 = phi b134: %1981, b135: %1967
                    32    %1984 = imul %1053, %982
                    32    %1985 = iadd %1984, %11
                    32    %1986 = iadd %1985, %1928
                    32    %1987 = bcsel %1930, %1983, %1982
                    32    %1988 = @load_scalar_arg_amd (base=1, arg_upper_bound_u32_amd=0, arg_num_lsb_zero=2)
                    32    %1989 = load_const (0xffff8000 = -32768 = 4294934528)
                    64    %1990 = pack_64_2x32_split %1988, %1989 (0xffff8000)
                    32x4  %1991 = @load_global_amd (%1990, %4 (0x0)) (base=32, access=readonly|reorderable|speculatable|smem-amd, align_mul=4, align_offset=0)
                    32    %1992 = ishl %1986, %12 (0x2)
                                  @store_ssbo (%1987, %1991, %1992) (wrmask=x, access=writeonly, align_mul=4, align_offset=0, offset_shift=0)
                    32    %1993 = iadd %1928, %10 (0x1)
                                  // succs: b119
                }
                block b137:  // preds: b120, succs: b139
            } else {
                block b138:  // preds: b117, succs: b139
            }
            block b139:  // preds: b137 b138, succs: b141
        } else {
            block b140:  // preds: b44, succs: b141
        }
        block b141:  // preds: b139 b140, succs: b142
    }
    block b142:  // preds: b43 b141, succs: b143
    block b143:
}

After RA:
ACO shader stage: SW (CS), HW (COMPUTE_SHADER)
BB0
/* logical preds: / linear preds: / kind: uniform, top-level, */
	 s2: %2013:s[0-1],  s1: %2014:s[2],  s1: %2015:s[3],  s1: %2016:s[4],  s1: %2017:s[5],  s1: %2018:s[6],  s1: %2019:s[7],  s1: %2020:s[8],  s1: %2021:s[9],  s1: %2022:s[10],  s1: %2023:s[11],  s1: %2024:s[12],  s1: %2025:s[13],  s2: %2026:s[14-15],  s1: %2027:s[16],  s1: %2028:s[17],  s1: %2029:s[18],  s1: %2030:s[19],  s1: %2031:s[20],  v1: %2032:v[0],  v1: %2033:v[1],  v1: %2034:v[2] = p_startpgm
	 s2: %2036:s[0-1],  s1: %2035:scc = p_init_scratch %2013:s[0-1], %2031:s[20]
	p_logical_start
	 s1: %7:s[0] = s_load_dword %2026:s[14-15], 0 storage:buffer semantics:private,reorder
	 s1: %8:s[0] = s_mul_i32 %7:s[0], (is16bit)%2029:s[18]
	 s1: %9:s[16],  s1: %2041:scc = s_add_u32 %2027:s[16], %8:s[0]
	 s1: %12:s[16],  s1: %2042:scc = s_lshl_b32 %9:s[16], 1
	 s1: %14:s[1],  s1: %2043:scc = s_add_u32 %12:s[16], 2
	 s1: %2044:scc = s_cmp_ge_u32 %2016:s[4], %14:s[1]
	p_logical_end
	 lv1: %3665:v[39] = p_start_linear_vgpr
	p_cbranch_z %2044:scc BB56, BB1
BB1
/* logical preds: BB0, / linear preds: BB0, / kind: uniform, */
	p_logical_start
	 s1: %21:s[17],  s1: %2047:scc = s_add_u32 %2028:s[17], %2021:s[9]
	 s1: %2048:scc = s_cmp_lg_i32 %21:s[17], 0
	p_logical_end
	p_cbranch_z %2048:scc BB3, BB2
BB2
/* logical preds: BB1, / linear preds: BB1, / kind: uniform, */
	p_logical_start
	 v1: (precise)%24:v[1] = v_cvt_f32_u32 %2023:s[11]
	 v1: (precise)%25:v[1] = v_rcp_f32 %24:v[1]
	 v1: (precise)%26:v[1] = v_mul_f32 0x4f7ffffe, %25:v[1]
	 v1: (precise)%2051:v[1] = v_cvt_u32_f32 %26:v[1]
	 s1: (precise)%27:s[0] = p_as_uniform %2051:v[1]
	 s1: %28:s[1] = s_mul_i32 %2023:s[11], %27:s[0]
	 s1: %29:s[1],  s1: %2052:scc = s_sub_i32 0, %28:s[1]
	 s1: %30:s[1] = s_mul_hi_u32 %27:s[0], %29:s[1]
	 s1: %31:s[0],  s1: %2053:scc = s_add_u32 %27:s[0], %30:s[1]
	 s1: %32:s[0] = s_mul_hi_u32 %21:s[17], %31:s[0]
	 s1: %33:s[4] = s_mul_i32 %32:s[0], %2023:s[11]
	 s1: %34:s[4],  s1: %2054:scc = s_sub_i32 %21:s[17], %33:s[4]
	 s1: %2055:scc = s_cmp_ge_u32 %34:s[4], %2023:s[11]
	 s1: %3700:s[9] = p_parallelcopy %2055:scc
	 s1: %37:s[0],  s1: %2057:scc = s_add_u32 %32:s[0], %2055:scc
	 s1: %38:s[14],  s1: %2058:scc = s_sub_i32 %34:s[4], %2023:s[11]
	 s1: %3701:scc = p_parallelcopy %3700:s[9]
	 s1: %39:s[14] = s_cselect_b32 %38:s[14], %34:s[4], %3701:scc
	 s1: %2061:scc = s_cmp_ge_u32 %39:s[14], %2023:s[11]
	 s1: %3702:s[15] = p_parallelcopy %2061:scc
	 s1: %42:s[0],  s1: %2063:scc = s_add_u32 %37:s[0], %2061:scc
	 s1: %43:s[11],  s1: %2064:scc = s_sub_i32 %39:s[14], %2023:s[11]
	 s1: %3703:scc = p_parallelcopy %3702:s[15]
	 s1: %44:s[11] = s_cselect_b32 %43:s[11], %39:s[14], %3703:scc
	 v1: (precise)%46:v[2] = v_cvt_f32_u32 %2025:s[13]
	 v1: (precise)%47:v[2] = v_rcp_f32 %46:v[2]
	 v1: (precise)%48:v[2] = v_mul_f32 0x4f7ffffe, %47:v[2]
	 v1: (precise)%2067:v[2] = v_cvt_u32_f32 %48:v[2]
	 s1: (precise)%49:s[18] = p_as_uniform %2067:v[2]
	 s1: %50:s[20] = s_mul_i32 %2025:s[13], %49:s[18]
	 s1: %51:s[20],  s1: %2068:scc = s_sub_i32 0, %50:s[20]
	 s1: %52:s[20] = s_mul_hi_u32 %49:s[18], %51:s[20]
	 s1: %53:s[18],  s1: %2069:scc = s_add_u32 %49:s[18], %52:s[20]
	 s1: %54:s[18] = s_mul_hi_u32 %42:s[0], %53:s[18]
	 s1: %55:s[21] = s_mul_i32 %54:s[18], %2025:s[13]
	 s1: %56:s[0],  s1: %2070:scc = s_sub_i32 %42:s[0], %55:s[21]
	 s1: %2071:scc = s_cmp_ge_u32 %56:s[0], %2025:s[13]
	 s1: %3704:s[22] = p_parallelcopy %2071:scc
	 s1: %59:s[18],  s1: %2073:scc = s_add_u32 %54:s[18], %2071:scc
	 s1: %60:s[23],  s1: %2074:scc = s_sub_i32 %56:s[0], %2025:s[13]
	 s1: %3705:scc = p_parallelcopy %3704:s[22]
	 s1: %61:s[23] = s_cselect_b32 %60:s[23], %56:s[0], %3705:scc
	 s1: %2077:scc = s_cmp_ge_u32 %61:s[23], %2025:s[13]
	 s1: %64:s[18],  s1: %2079:scc = s_add_u32 %59:s[18], %2077:scc
	 v1: (precise)%65:v[3] = v_cvt_f32_u32 %2024:s[12]
	 v1: (precise)%66:v[3] = v_rcp_f32 %65:v[3]
	 v1: (precise)%67:v[3] = v_mul_f32 0x4f7ffffe, %66:v[3]
	 v1: (precise)%2080:v[3] = v_cvt_u32_f32 %67:v[3]
	 s1: (precise)%68:s[24] = p_as_uniform %2080:v[3]
	 s1: %69:s[25] = s_mul_i32 %2024:s[12], %68:s[24]
	 s1: %70:s[25],  s1: %2081:scc = s_sub_i32 0, %69:s[25]
	 s1: %71:s[25] = s_mul_hi_u32 %68:s[24], %70:s[25]
	 s1: %72:s[24],  s1: %2082:scc = s_add_u32 %68:s[24], %71:s[25]
	 s1: %73:s[24] = s_mul_hi_u32 %44:s[11], %72:s[24]
	 s1: %74:s[26] = s_mul_i32 %73:s[24], %2024:s[12]
	 s1: %75:s[11],  s1: %2083:scc = s_sub_i32 %44:s[11], %74:s[26]
	 s1: %2084:scc = s_cmp_ge_u32 %75:s[11], %2024:s[12]
	 s1: %3706:s[27] = p_parallelcopy %2084:scc
	 s1: %78:s[24],  s1: %2086:scc = s_add_u32 %73:s[24], %2084:scc
	 s1: %79:s[28],  s1: %2087:scc = s_sub_i32 %75:s[11], %2024:s[12]
	 s1: %3707:scc = p_parallelcopy %3706:s[27]
	 s1: %80:s[28] = s_cselect_b32 %79:s[28], %75:s[11], %3707:scc
	 s1: %2090:scc = s_cmp_ge_u32 %80:s[28], %2024:s[12]
	 s1: %83:s[24],  s1: %2092:scc = s_add_u32 %78:s[24], %2090:scc
	 s1: %84:s[18] = s_mul_i32 %64:s[18], %2022:s[10]
	 s1: %85:s[18],  s1: %2093:scc = s_add_u32 %84:s[18], %83:s[24]
	p_logical_end
	p_branch BB4
BB3
/* logical preds: BB1, / linear preds: BB1, / kind: uniform, */
	p_logical_start
	p_logical_end
	p_branch BB4
BB4
/* logical preds: BB2, BB3, / linear preds: BB2, BB3, / kind: uniform, loop-preheader, */
	 s1: %86:s[18] = p_linear_phi %85:s[18], 0
	p_logical_start
	 s1: %90:s[5],  s1: %2094:scc = s_lshr_b32 %2017:s[5], 5
	 s1: %91:s[18] = s_mul_i32 %86:s[18], %90:s[5]
	 v1: %95:v[0] = v_lshlrev_b32 3, (is16bit)%2032:v[0]
	 s1: %97:s[0],  s1: %2095:scc = s_and_b32 %2015:s[3], 0xfffffe00
	 v1: %98:v[1] = v_add_u32 %97:s[0], %95:v[0]
	 s2: %99:vcc = v_cmp_gt_u32 %2015:s[3], %98:v[1]
	 v1: %100:v[2] = v_cndmask_b32 0, 1, %99:vcc
	 s1: %102:s[1],  s1: %2096:scc = s_lshr_b32 %2015:s[3], 9
	 v1: %103:v[2] = v_add_u32 %102:s[1], %100:v[2]
	 v1: %106:v[3] = v_and_b32 -4, %103:v[2]
	p_logical_end
	p_branch BB5
BB5
/* logical preds: BB4, BB10, / linear preds: BB4, BB10, / kind: loop-header, branch, */
	 s1: %109:s[0] = p_linear_phi 0, %554:s[0]
	 v1: %108:v[1] = p_phi 0, %505:v[1]
	 v1: %107:v[4] = p_phi 0, %553:v[4]
	p_logical_start
	 s2: %110:vcc = v_cmp_ge_u32 %109:s[0], %106:v[3]
	p_logical_end
	 s2: %3667:s[4-5],  s1: %3666:scc,  s2: %0:exec = s_and_saveexec_b64 %110:vcc, %0:exec
	p_cbranch_z %0:exec BB9, BB6
BB6
/* logical preds: BB5, / linear preds: BB5, / kind: break, */
	p_logical_start
	p_logical_end
	 s2: %3669:s[4-5],  s1: %3668:scc = s_andn2_b64 %3667:s[4-5], %0:exec
	p_cbranch_nz %3668:scc BB8, BB7
BB7
/* logical preds: / linear preds: BB6, / kind: uniform, */
	p_branch BB11
BB8
/* logical preds: / linear preds: BB6, / kind: uniform, */
	p_branch BB10
BB9
/* logical preds: / linear preds: BB5, / kind: uniform, */
	p_branch BB10
BB10
/* logical preds: BB5, / linear preds: BB8, BB9, / kind: uniform, merge, */
	 s2: %3670:s[4-5] = p_linear_phi %3669:s[4-5], %3667:s[4-5]
	 s2: %0:exec = p_parallelcopy %3670:s[4-5]
	p_logical_start
	 s2: %121:s[4-5] = p_create_vector %2014:s[2], 0xffff8000
	 s8: %122:s[24-31] = s_load_dwordx8 %121:s[4-5], 0 storage:buffer semantics:private,reorder
	 s1: %111:s[1],  s1: %2097:scc = s_lshl_b32 %109:s[0], 9
	 v1: %112:v[5] = v_add_u32 %111:s[1], %95:v[0]
	 v1: %114:v[6] = v_and_b32 31, %112:v[5]
	 v1: %115:v[7] = v_sub_u32 %112:v[5], %114:v[6]
	 s1: %116:s[4] = s_mul_i32 %2018:s[6], %21:s[17]
	 v1: %118:v[7] = v_add3_u32 %114:v[6], %116:s[4], %115:v[7]
	 v1: %124:v[7] = v_lshrrev_b32 2, %118:v[7]
	 v1: %126:v[7] = v_lshlrev_b32 4, %124:v[7]
	 s1: %2098:s[24],  s1: %2099:s[25],  s1: %2100:s[26],  s1: %2101:s[27],  s1: %2102:s[28],  s1: %2103:s[29],  s1: %2104:s[30],  s1: %2105:s[31] = p_split_vector %122:s[24-31]
	 s4: %123:s[28-31] = p_create_vector %2102:s[28], %2103:s[29], %2104:s[30], %2105:s[31]
	 v4: %127:v[8-11] = buffer_load_dwordx4 %123:s[28-31], %126:v[7], 0 offen storage:buffer semantics:private,reorder
	 v4: %129:v[12-15] = buffer_load_dwordx4 %123:s[28-31], %126:v[7], 0 offset:16 offen storage:buffer semantics:private,reorder
	 s1: %130:s[5] = s_mul_i32 %12:s[16], %2015:s[3]
	 v1: %131:v[16] = v_add_u32 %130:s[5], %112:v[5]
	 v1: %133:v[16] = v_lshrrev_b32 5, %131:v[16]
	 v1: %134:v[16] = v_add_u32 %91:s[18], %133:v[16]
	 v1: %2115:v[17] = v_lshlrev_b32 1, %134:v[16]
	 v1: %136:v[16] = v_lshl_add_u32 %134:v[16], 5, %2115:v[17]
	 v1: %137:v[18] = v_add_u32 2, %136:v[16]
	 v1: %138:v[19] = v_add_u32 %137:v[18], %114:v[6]
	 v1: %139:v[18] = v_and_b32 -4, %137:v[18]
	 v1: %140:v[18] = v_add_u32 %139:v[18], %114:v[6]
	 s4: %141:s[24-27] = p_create_vector %2098:s[24], %2099:s[25], %2100:s[26], %2101:s[27]
	 s1: %132:s[9],  s1: %2114:scc = s_add_u32 %130:s[5], %2015:s[3]
	 v1: %182:v[5] = v_add_u32 %132:s[9], %112:v[5]
	 v1: %183:v[5] = v_lshrrev_b32 5, %182:v[5]
	 v1: %184:v[5] = v_add_u32 %91:s[18], %183:v[5]
	 v1: %2156:v[20] = v_lshlrev_b32 1, %184:v[5]
	 v1: %185:v[5] = v_lshl_add_u32 %184:v[5], 5, %2156:v[20]
	 v1: %186:v[21] = v_add_u32 2, %185:v[5]
	 v1: %187:v[22] = v_add_u32 %186:v[21], %114:v[6]
	 v1: %188:v[21] = v_and_b32 -4, %186:v[21]
	 v1: %189:v[21] = v_add_u32 %188:v[21], %114:v[6]
	 v3: %142:v[23-25] = buffer_load_dwordx3 %141:s[24-27], %140:v[18], 0 offen storage:buffer semantics:private,reorder
	 v2b: %145:v[26][0:16] = buffer_load_short_d16 %141:s[24-27], %136:v[16], 0 offen storage:buffer semantics:private,reorder
	 v3: %190:v[27-29] = buffer_load_dwordx3 %141:s[24-27], %189:v[21], 0 offen storage:buffer semantics:private,reorder
	 v2b: %193:v[30][0:16] = buffer_load_short_d16 %141:s[24-27], %185:v[5], 0 offen storage:buffer semantics:private,reorder
	 s1: %231:s[10],  s1: %2197:scc = s_add_u32 %111:s[1], 0x200
	 v1: %232:v[31] = v_add_u32 %231:s[10], %95:v[0]
	 v1: %233:v[32] = v_and_b32 31, %232:v[31]
	 v1: %234:v[33] = v_sub_u32 %232:v[31], %233:v[32]
	 v1: %236:v[33] = v_add3_u32 %233:v[32], %116:s[4], %234:v[33]
	 v1: %237:v[33] = v_lshrrev_b32 2, %236:v[33]
	 v1: %238:v[33] = v_lshlrev_b32 4, %237:v[33]
	 v4: %239:v[34-37] = buffer_load_dwordx4 %123:s[28-31], %238:v[33], 0 offen storage:buffer semantics:private,reorder
	 v1: %3708:v[38] = p_parallelcopy %107:v[4]
	 v4: %241:v[4-7] = buffer_load_dwordx4 %123:s[28-31], %238:v[33], 0 offset:16 offen storage:buffer semantics:private,reorder
	 v1: %242:v[16] = v_add_u32 %130:s[5], %232:v[31]
	 v1: %243:v[16] = v_lshrrev_b32 5, %242:v[16]
	 v1: %244:v[16] = v_add_u32 %91:s[18], %243:v[16]
	 v1: %2106:v[8],  v1: %2107:v[9],  v1: %2108:v[10],  v1: %2109:v[11] = p_split_vector %127:v[8-11]
	 v1: %2110:v[12],  v1: %2111:v[13],  v1: %2112:v[14],  v1: %2113:v[15] = p_split_vector %129:v[12-15]
	 v1: %2117:v[23],  v1: %2118:v[24],  v1: %2119:v[25] = p_split_vector %142:v[23-25]
	 v1: %143:v[23] = v_alignbyte_b32 %2118:v[24], %2117:v[23], %138:v[19]
	 v1: %144:v[25] = v_alignbyte_b32 %2119:v[25], %2118:v[24], %138:v[19]
	 v1: %149:v[17] = v_cvt_f32_i32 %143:v[23] dst_sel:dword src0_sel:sbyte3
	 v1: %151:v[18] = v_cvt_f32_i32 %143:v[23] dst_sel:dword src0_sel:sbyte2
	 v1: %155:v[19] = v_cvt_f32_i32 %143:v[23] dst_sel:dword src0_sel:sbyte1
	 v1: %157:v[23] = v_cvt_f32_i32 %143:v[23] dst_sel:dword src0_sel:sbyte0
	 v1: %162:v[20] = v_cvt_f32_i32 %144:v[25] dst_sel:dword src0_sel:sbyte3
	 v1: %163:v[20] = v_mul_f32 %2113:v[15], %162:v[20]
	 v1: %164:v[21] = v_cvt_f32_i32 %144:v[25] dst_sel:dword src0_sel:sbyte2
	 v1: %166:v[20] = v_mac_f32 %2112:v[14], %164:v[21], %163:v[20]
	 v1: %169:v[24] = v_cvt_f32_i32 %144:v[25] dst_sel:dword src0_sel:sbyte1
	 v1: %171:v[20] = v_mac_f32 %2111:v[13], %169:v[24], %166:v[20]
	 v1: %172:v[25] = v_cvt_f32_i32 %144:v[25] dst_sel:dword src0_sel:sbyte0
	 v1: %174:v[20] = v_mac_f32 %2110:v[12], %172:v[25], %171:v[20]
	 v1: %175:v[20] = v_mac_f32 %2108:v[10], %151:v[18], %174:v[20]
	 v1: %176:v[20] = v_mac_f32 %2109:v[11], %149:v[17], %175:v[20]
	 v1: %2206:v[25] = v_lshlrev_b32 1, %244:v[16]
	 v1: %245:v[16] = v_lshl_add_u32 %244:v[16], 5, %2206:v[25]
	 v1: %246:v[33] = v_add_u32 2, %245:v[16]
	 v1: %247:v[17] = v_add_u32 %246:v[33], %233:v[32]
	 v1: %248:v[33] = v_and_b32 -4, %246:v[33]
	 v1: %249:v[33] = v_add_u32 %248:v[33], %233:v[32]
	 v1: %3709:v[18] = p_parallelcopy %157:v[23]
	 v3: %250:v[23-25] = buffer_load_dwordx3 %141:s[24-27], %249:v[33], 0 offen storage:buffer semantics:private,reorder
	 v2b: %253:v[21][0:16] = buffer_load_short_d16 %141:s[24-27], %245:v[16], 0 offen storage:buffer semantics:private,reorder
	 v1: %177:v[20] = v_mac_f32 %2107:v[9], %155:v[19], %176:v[20]
	 v1: %178:v[20] = v_mac_f32 %2106:v[8], %3709:v[18], %177:v[20]
	 v1: %290:v[31] = v_add_u32 %132:s[9], %232:v[31]
	 v1: %291:v[31] = v_lshrrev_b32 5, %290:v[31]
	 v1: %292:v[31] = v_add_u32 %91:s[18], %291:v[31]
	 v1: %2247:v[33] = v_lshlrev_b32 1, %292:v[31]
	 v1: %293:v[31] = v_lshl_add_u32 %292:v[31], 5, %2247:v[33]
	 v1: %294:v[16] = v_add_u32 2, %293:v[31]
	 v1: %295:v[18] = v_add_u32 %294:v[16], %233:v[32]
	 v1: %296:v[16] = v_and_b32 -4, %294:v[16]
	 v1: %297:v[16] = v_add_u32 %296:v[16], %233:v[32]
	 v1: %179:v[19] = v_cvt_f32_f16 %145:v[26][0:16]
	 v1: %181:v[1] = v_mac_f32 %178:v[20], %179:v[19], %108:v[1]
	 v1: %2158:v[27],  v1: %2159:v[28],  v1: %2160:v[29] = p_split_vector %190:v[27-29]
	 v1: %191:v[27] = v_alignbyte_b32 %2159:v[28], %2158:v[27], %187:v[22]
	 v1: %192:v[29] = v_alignbyte_b32 %2160:v[29], %2159:v[28], %187:v[22]
	 v1: %197:v[20] = v_cvt_f32_i32 %191:v[27] dst_sel:dword src0_sel:sbyte3
	 v1: %199:v[22] = v_cvt_f32_i32 %191:v[27] dst_sel:dword src0_sel:sbyte2
	 v1: %203:v[26] = v_cvt_f32_i32 %191:v[27] dst_sel:dword src0_sel:sbyte1
	 v1: %205:v[27] = v_cvt_f32_i32 %191:v[27] dst_sel:dword src0_sel:sbyte0
	 v1: %210:v[28] = v_cvt_f32_i32 %192:v[29] dst_sel:dword src0_sel:sbyte3
	 v1: %211:v[15] = v_mul_f32 %2113:v[15], %210:v[28]
	 v1: %212:v[32] = v_cvt_f32_i32 %192:v[29] dst_sel:dword src0_sel:sbyte2
	 v1: %214:v[15] = v_mac_f32 %2112:v[14], %212:v[32], %211:v[15]
	 v1: %3710:v[33] = p_parallelcopy %214:v[15]
	 v3: %298:v[14-16] = buffer_load_dwordx3 %141:s[24-27], %297:v[16], 0 offen storage:buffer semantics:private,reorder
	 v2b: %301:v[19][0:16] = buffer_load_short_d16 %141:s[24-27], %293:v[31], 0 offen storage:buffer semantics:private,reorder
	 v1: %217:v[28] = v_cvt_f32_i32 %192:v[29] dst_sel:dword src0_sel:sbyte1
	 v1: %219:v[33] = v_mac_f32 %2111:v[13], %217:v[28], %3710:v[33]
	 v1: %220:v[29] = v_cvt_f32_i32 %192:v[29] dst_sel:dword src0_sel:sbyte0
	 v1: %222:v[33] = v_mac_f32 %2110:v[12], %220:v[29], %219:v[33]
	 v1: %223:v[33] = v_mac_f32 %2108:v[10], %199:v[22], %222:v[33]
	 v1: %224:v[33] = v_mac_f32 %2109:v[11], %197:v[20], %223:v[33]
	 s1: %339:s[11],  s1: %2288:scc = s_add_u32 0x400, %111:s[1]
	 v1: %340:v[29] = v_add_u32 %339:s[11], %95:v[0]
	 v1: %341:v[31] = v_and_b32 31, %340:v[29]
	 v1: %342:v[32] = v_sub_u32 %340:v[29], %341:v[31]
	 v1: %344:v[32] = v_add3_u32 %341:v[31], %116:s[4], %342:v[32]
	 v1: %345:v[32] = v_lshrrev_b32 2, %344:v[32]
	 v1: %346:v[32] = v_lshlrev_b32 4, %345:v[32]
	 v1: %225:v[33] = v_mac_f32 %2107:v[9], %203:v[26], %224:v[33]
	 v4: %347:v[10-13] = buffer_load_dwordx4 %123:s[28-31], %346:v[32], 0 offen storage:buffer semantics:private,reorder
	 v2b: %3711:v[9][0:16],  v2b: %3712:v[9][16:32] = p_parallelcopy %301:v[19][0:16], %253:v[21][0:16]
	 v4: %349:v[19-22] = buffer_load_dwordx4 %123:s[28-31], %346:v[32], 0 offset:16 offen storage:buffer semantics:private,reorder
	 v1: %226:v[33] = v_mac_f32 %2106:v[8], %205:v[27], %225:v[33]
	 v1: %350:v[26] = v_add_u32 %130:s[5], %340:v[29]
	 v1: %351:v[26] = v_lshrrev_b32 5, %350:v[26]
	 v1: %352:v[26] = v_add_u32 %91:s[18], %351:v[26]
	 v1: %227:v[27] = v_cvt_f32_f16 %193:v[30][0:16]
	 v1: %229:v[38] = v_mac_f32 %226:v[33], %227:v[27], %3708:v[38]
	 v1: %2198:v[34],  v1: %2199:v[35],  v1: %2200:v[36],  v1: %2201:v[37] = p_split_vector %239:v[34-37]
	 v1: %2202:v[4],  v1: %2203:v[5],  v1: %2204:v[6],  v1: %2205:v[7] = p_split_vector %241:v[4-7]
	 v1: %2208:v[23],  v1: %2209:v[24],  v1: %2210:v[25] = p_split_vector %250:v[23-25]
	 v1: %251:v[23] = v_alignbyte_b32 %2209:v[24], %2208:v[23], %247:v[17]
	 v1: %252:v[25] = v_alignbyte_b32 %2210:v[25], %2209:v[24], %247:v[17]
	 v1: %257:v[28] = v_cvt_f32_i32 %251:v[23] dst_sel:dword src0_sel:sbyte3
	 v1: %259:v[30] = v_cvt_f32_i32 %251:v[23] dst_sel:dword src0_sel:sbyte2
	 v1: %263:v[32] = v_cvt_f32_i32 %251:v[23] dst_sel:dword src0_sel:sbyte1
	 v1: %265:v[23] = v_cvt_f32_i32 %251:v[23] dst_sel:dword src0_sel:sbyte0
	 v1: %270:v[33] = v_cvt_f32_i32 %252:v[25] dst_sel:dword src0_sel:sbyte3
	 v1: %271:v[33] = v_mul_f32 %2205:v[7], %270:v[33]
	 v1: %272:v[8] = v_cvt_f32_i32 %252:v[25] dst_sel:dword src0_sel:sbyte2
	 v1: %274:v[33] = v_mac_f32 %2204:v[6], %272:v[8], %271:v[33]
	 v1: %277:v[17] = v_cvt_f32_i32 %252:v[25] dst_sel:dword src0_sel:sbyte1
	 v1: %279:v[33] = v_mac_f32 %2203:v[5], %277:v[17], %274:v[33]
	 v1: %280:v[25] = v_cvt_f32_i32 %252:v[25] dst_sel:dword src0_sel:sbyte0
	 v1: %282:v[33] = v_mac_f32 %2202:v[4], %280:v[25], %279:v[33]
	 v1: %283:v[33] = v_mac_f32 %2200:v[36], %259:v[30], %282:v[33]
	 v1: %284:v[33] = v_mac_f32 %2201:v[37], %257:v[28], %283:v[33]
	 v1: %2297:v[24] = v_lshlrev_b32 1, %352:v[26]
	 v1: %353:v[26] = v_lshl_add_u32 %352:v[26], 5, %2297:v[24]
	 v1: %354:v[25] = v_add_u32 2, %353:v[26]
	 v1: %355:v[27] = v_add_u32 %354:v[25], %341:v[31]
	 v1: %356:v[25] = v_and_b32 -4, %354:v[25]
	 v1: %357:v[25] = v_add_u32 %356:v[25], %341:v[31]
	 v1: %3713:v[8] = p_parallelcopy %265:v[23]
	 v3: %358:v[23-25] = buffer_load_dwordx3 %141:s[24-27], %357:v[25], 0 offen storage:buffer semantics:private,reorder
	 v2b: %361:v[17][0:16] = buffer_load_short_d16 %141:s[24-27], %353:v[26], 0 offen storage:buffer semantics:private,reorder
	 v1: %285:v[33] = v_mac_f32 %2199:v[35], %263:v[32], %284:v[33]
	 v1: %286:v[33] = v_mac_f32 %2198:v[34], %3713:v[8], %285:v[33]
	 v1: %398:v[29] = v_add_u32 %132:s[9], %340:v[29]
	 v1: %399:v[29] = v_lshrrev_b32 5, %398:v[29]
	 v1: %400:v[29] = v_add_u32 %91:s[18], %399:v[29]
	 v1: %2338:v[26] = v_lshlrev_b32 1, %400:v[29]
	 v1: %401:v[29] = v_lshl_add_u32 %400:v[29], 5, %2338:v[26]
	 v1: %402:v[28] = v_add_u32 2, %401:v[29]
	 v1: %403:v[30] = v_add_u32 %402:v[28], %341:v[31]
	 v1: %404:v[28] = v_and_b32 -4, %402:v[28]
	 v1: %405:v[28] = v_add_u32 %404:v[28], %341:v[31]
	 v1: %287:v[31] = v_cvt_f32_f16 %3712:v[9][16:32] dst_sel:dword src0_sel:uword1
	 v1: %289:v[1] = v_mac_f32 %286:v[33], %287:v[31], %181:v[1]
	 v1: %2249:v[14],  v1: %2250:v[15],  v1: %2251:v[16] = p_split_vector %298:v[14-16]
	 v1: %299:v[14] = v_alignbyte_b32 %2250:v[15], %2249:v[14], %295:v[18]
	 v1: %300:v[16] = v_alignbyte_b32 %2251:v[16], %2250:v[15], %295:v[18]
	 v1: %305:v[32] = v_cvt_f32_i32 %299:v[14] dst_sel:dword src0_sel:sbyte3
	 v1: %307:v[33] = v_cvt_f32_i32 %299:v[14] dst_sel:dword src0_sel:sbyte2
	 v1: %311:v[8] = v_cvt_f32_i32 %299:v[14] dst_sel:dword src0_sel:sbyte1
	 v1: %313:v[14] = v_cvt_f32_i32 %299:v[14] dst_sel:dword src0_sel:sbyte0
	 v1: %318:v[15] = v_cvt_f32_i32 %300:v[16] dst_sel:dword src0_sel:sbyte3
	 v1: %319:v[7] = v_mul_f32 %2205:v[7], %318:v[15]
	 v1: %320:v[18] = v_cvt_f32_i32 %300:v[16] dst_sel:dword src0_sel:sbyte2
	 v1: %322:v[7] = v_mac_f32 %2204:v[6], %320:v[18], %319:v[7]
	 v1: %3714:v[6] = p_parallelcopy %355:v[27]
	 v3: %406:v[26-28] = buffer_load_dwordx3 %141:s[24-27], %405:v[28], 0 offen storage:buffer semantics:private,reorder
	 v2b: %409:v[15][0:16] = buffer_load_short_d16 %141:s[24-27], %401:v[29], 0 offen storage:buffer semantics:private,reorder
	 v1: %325:v[18] = v_cvt_f32_i32 %300:v[16] dst_sel:dword src0_sel:sbyte1
	 v1: %327:v[7] = v_mac_f32 %2203:v[5], %325:v[18], %322:v[7]
	 v1: %328:v[16] = v_cvt_f32_i32 %300:v[16] dst_sel:dword src0_sel:sbyte0
	 v1: %330:v[7] = v_mac_f32 %2202:v[4], %328:v[16], %327:v[7]
	 v1: %331:v[7] = v_mac_f32 %2200:v[36], %307:v[33], %330:v[7]
	 v1: %332:v[7] = v_mac_f32 %2201:v[37], %305:v[32], %331:v[7]
	 s1: %447:s[1],  s1: %2379:scc = s_addk_i32 %111:s[1] imm:1536
	 v1: %448:v[29] = v_add_u32 %447:s[1], %95:v[0]
	 v1: %449:v[31] = v_and_b32 31, %448:v[29]
	 v1: %450:v[32] = v_sub_u32 %448:v[29], %449:v[31]
	 v1: %452:v[32] = v_add3_u32 %449:v[31], %116:s[4], %450:v[32]
	 v1: %453:v[32] = v_lshrrev_b32 2, %452:v[32]
	 v1: %454:v[32] = v_lshlrev_b32 4, %453:v[32]
	 v1: %333:v[7] = v_mac_f32 %2199:v[35], %311:v[8], %332:v[7]
	 v1: %3715:v[4] = p_parallelcopy %2198:v[34]
	 v4: %455:v[33-36] = buffer_load_dwordx4 %123:s[28-31], %454:v[32], 0 offen storage:buffer semantics:private,reorder
	 v1: %3716:v[16],  v1: %3717:v[18] = p_parallelcopy %3714:v[6], %333:v[7]
	 v4: %457:v[5-8] = buffer_load_dwordx4 %123:s[28-31], %454:v[32], 0 offset:16 offen storage:buffer semantics:private,reorder
	 v1: %334:v[18] = v_mac_f32 %3715:v[4], %313:v[14], %3717:v[18]
	 v1: %458:v[32] = v_add_u32 %130:s[5], %448:v[29]
	 v1: %459:v[32] = v_lshrrev_b32 5, %458:v[32]
	 v1: %460:v[32] = v_add_u32 %91:s[18], %459:v[32]
	 v1: %335:v[37] = v_cvt_f32_f16 %3711:v[9][0:16]
	 v1: %337:v[4] = v_mad_f32 %334:v[18], %335:v[37], %229:v[38]
	 v1: %2289:v[10],  v1: %2290:v[11],  v1: %2291:v[12],  v1: %2292:v[13] = p_split_vector %347:v[10-13]
	 v1: %2293:v[19],  v1: %2294:v[20],  v1: %2295:v[21],  v1: %2296:v[22] = p_split_vector %349:v[19-22]
	 v1: %2299:v[23],  v1: %2300:v[24],  v1: %2301:v[25] = p_split_vector %358:v[23-25]
	 v1: %359:v[23] = v_alignbyte_b32 %2300:v[24], %2299:v[23], %3716:v[16]
	 v1: %360:v[25] = v_alignbyte_b32 %2301:v[25], %2300:v[24], %3716:v[16]
	 v1: %365:v[38] = v_cvt_f32_i32 %359:v[23] dst_sel:dword src0_sel:sbyte3
	 v1: %367:v[9] = v_cvt_f32_i32 %359:v[23] dst_sel:dword src0_sel:sbyte2
	 v1: %371:v[14] = v_cvt_f32_i32 %359:v[23] dst_sel:dword src0_sel:sbyte1
	 v1: %373:v[23] = v_cvt_f32_i32 %359:v[23] dst_sel:dword src0_sel:sbyte0
	 v1: %378:v[16] = v_cvt_f32_i32 %360:v[25] dst_sel:dword src0_sel:sbyte3
	 v1: %379:v[16] = v_mul_f32 %2296:v[22], %378:v[16]
	 v1: %380:v[18] = v_cvt_f32_i32 %360:v[25] dst_sel:dword src0_sel:sbyte2
	 v1: %382:v[16] = v_mac_f32 %2295:v[21], %380:v[18], %379:v[16]
	 v1: %385:v[24] = v_cvt_f32_i32 %360:v[25] dst_sel:dword src0_sel:sbyte1
	 v1: %387:v[16] = v_mac_f32 %2294:v[20], %385:v[24], %382:v[16]
	 v1: %388:v[25] = v_cvt_f32_i32 %360:v[25] dst_sel:dword src0_sel:sbyte0
	 v1: %390:v[16] = v_mac_f32 %2293:v[19], %388:v[25], %387:v[16]
	 v1: %391:v[16] = v_mac_f32 %2291:v[12], %367:v[9], %390:v[16]
	 v1: %392:v[16] = v_mac_f32 %2292:v[13], %365:v[38], %391:v[16]
	 v1: %2388:v[25] = v_lshlrev_b32 1, %460:v[32]
	 v1: %461:v[32] = v_lshl_add_u32 %460:v[32], 5, %2388:v[25]
	 v1: %462:v[37] = v_add_u32 2, %461:v[32]
	 v1: %463:v[38] = v_add_u32 %462:v[37], %449:v[31]
	 v1: %464:v[37] = v_and_b32 -4, %462:v[37]
	 v1: %465:v[37] = v_add_u32 %464:v[37], %449:v[31]
	 v1: %3718:v[9] = p_parallelcopy %373:v[23]
	 v3: %466:v[23-25] = buffer_load_dwordx3 %141:s[24-27], %465:v[37], 0 offen storage:buffer semantics:private,reorder
	 v2b: %469:v[18][0:16] = buffer_load_short_d16 %141:s[24-27], %461:v[32], 0 offen storage:buffer semantics:private,reorder
	 v1: %393:v[16] = v_mac_f32 %2290:v[11], %371:v[14], %392:v[16]
	 v1: %394:v[16] = v_mac_f32 %2289:v[10], %3718:v[9], %393:v[16]
	 v1: %506:v[29] = v_add_u32 %132:s[9], %448:v[29]
	 v1: %507:v[29] = v_lshrrev_b32 5, %506:v[29]
	 v1: %508:v[29] = v_add_u32 %91:s[18], %507:v[29]
	 v1: %2429:v[32] = v_lshlrev_b32 1, %508:v[29]
	 v1: %509:v[29] = v_lshl_add_u32 %508:v[29], 5, %2429:v[32]
	 v1: %510:v[37] = v_add_u32 2, %509:v[29]
	 v1: %511:v[9] = v_add_u32 %510:v[37], %449:v[31]
	 v1: %512:v[37] = v_and_b32 -4, %510:v[37]
	 v1: %513:v[37] = v_add_u32 %512:v[37], %449:v[31]
	 v1: %395:v[14] = v_cvt_f32_f16 %361:v[17][0:16]
	 v1: %397:v[1] = v_mac_f32 %394:v[16], %395:v[14], %289:v[1]
	 v1: %2340:v[26],  v1: %2341:v[27],  v1: %2342:v[28] = p_split_vector %406:v[26-28]
	 v1: %407:v[26] = v_alignbyte_b32 %2341:v[27], %2340:v[26], %403:v[30]
	 v1: %408:v[28] = v_alignbyte_b32 %2342:v[28], %2341:v[27], %403:v[30]
	 v1: %413:v[16] = v_cvt_f32_i32 %407:v[26] dst_sel:dword src0_sel:sbyte3
	 v1: %415:v[17] = v_cvt_f32_i32 %407:v[26] dst_sel:dword src0_sel:sbyte2
	 v1: %419:v[27] = v_cvt_f32_i32 %407:v[26] dst_sel:dword src0_sel:sbyte1
	 v1: %421:v[26] = v_cvt_f32_i32 %407:v[26] dst_sel:dword src0_sel:sbyte0
	 v1: %426:v[30] = v_cvt_f32_i32 %408:v[28] dst_sel:dword src0_sel:sbyte3
	 v1: %427:v[22] = v_mul_f32 %2296:v[22], %426:v[30]
	 v1: %428:v[31] = v_cvt_f32_i32 %408:v[28] dst_sel:dword src0_sel:sbyte2
	 v1: %430:v[22] = v_mac_f32 %2295:v[21], %428:v[31], %427:v[22]
	 v3: %514:v[30-32] = buffer_load_dwordx3 %141:s[24-27], %513:v[37], 0 offen storage:buffer semantics:private,reorder
	 v2b: %517:v[37][0:16] = buffer_load_short_d16 %141:s[24-27], %509:v[29], 0 offen storage:buffer semantics:private,reorder
	 v1: %433:v[14] = v_cvt_f32_i32 %408:v[28] dst_sel:dword src0_sel:sbyte1
	 v1: %435:v[22] = v_mac_f32 %2294:v[20], %433:v[14], %430:v[22]
	 v1: %436:v[28] = v_cvt_f32_i32 %408:v[28] dst_sel:dword src0_sel:sbyte0
	 v1: %438:v[22] = v_mac_f32 %2293:v[19], %436:v[28], %435:v[22]
	 v1: %439:v[22] = v_mac_f32 %2291:v[12], %415:v[17], %438:v[22]
	 v1: %440:v[22] = v_mac_f32 %2292:v[13], %413:v[16], %439:v[22]
	 v1: %441:v[22] = v_mac_f32 %2290:v[11], %419:v[27], %440:v[22]
	 v1: %442:v[22] = v_mac_f32 %2289:v[10], %421:v[26], %441:v[22]
	 s1: %554:s[0],  s1: %2470:scc = s_add_u32 4, %109:s[0]
	 v1: %443:v[15] = v_cvt_f32_f16 %409:v[15][0:16]
	 v1: %445:v[4] = v_mac_f32 %442:v[22], %443:v[15], %337:v[4]
	 v1: %2380:v[33],  v1: %2381:v[34],  v1: %2382:v[35],  v1: %2383:v[36] = p_split_vector %455:v[33-36]
	 v1: %2384:v[5],  v1: %2385:v[6],  v1: %2386:v[7],  v1: %2387:v[8] = p_split_vector %457:v[5-8]
	 v1: %2390:v[23],  v1: %2391:v[24],  v1: %2392:v[25] = p_split_vector %466:v[23-25]
	 v1: %467:v[23] = v_alignbyte_b32 %2391:v[24], %2390:v[23], %463:v[38]
	 v1: %468:v[25] = v_alignbyte_b32 %2392:v[25], %2391:v[24], %463:v[38]
	 v1: %473:v[16] = v_cvt_f32_i32 %467:v[23] dst_sel:dword src0_sel:sbyte3
	 v1: %475:v[17] = v_cvt_f32_i32 %467:v[23] dst_sel:dword src0_sel:sbyte2
	 v1: %479:v[19] = v_cvt_f32_i32 %467:v[23] dst_sel:dword src0_sel:sbyte1
	 v1: %481:v[23] = v_cvt_f32_i32 %467:v[23] dst_sel:dword src0_sel:sbyte0
	 v1: %486:v[20] = v_cvt_f32_i32 %468:v[25] dst_sel:dword src0_sel:sbyte3
	 v1: %487:v[20] = v_mul_f32 %2387:v[8], %486:v[20]
	 v1: %488:v[21] = v_cvt_f32_i32 %468:v[25] dst_sel:dword src0_sel:sbyte2
	 v1: %490:v[20] = v_mac_f32 %2386:v[7], %488:v[21], %487:v[20]
	 v1: %493:v[22] = v_cvt_f32_i32 %468:v[25] dst_sel:dword src0_sel:sbyte1
	 v1: %495:v[20] = v_mac_f32 %2385:v[6], %493:v[22], %490:v[20]
	 v1: %496:v[25] = v_cvt_f32_i32 %468:v[25] dst_sel:dword src0_sel:sbyte0
	 v1: %498:v[20] = v_mac_f32 %2384:v[5], %496:v[25], %495:v[20]
	 v1: %499:v[20] = v_mac_f32 %2382:v[35], %475:v[17], %498:v[20]
	 v1: %500:v[20] = v_mac_f32 %2383:v[36], %473:v[16], %499:v[20]
	 v1: %501:v[20] = v_mac_f32 %2381:v[34], %479:v[19], %500:v[20]
	 v1: %502:v[20] = v_mac_f32 %2380:v[33], %481:v[23], %501:v[20]
	 v1: %503:v[23] = v_cvt_f32_f16 %469:v[18][0:16]
	 v1: %505:v[1] = v_mac_f32 %502:v[20], %503:v[23], %397:v[1]
	 v1: %2431:v[30],  v1: %2432:v[31],  v1: %2433:v[32] = p_split_vector %514:v[30-32]
	 v1: %515:v[30] = v_alignbyte_b32 %2432:v[31], %2431:v[30], %511:v[9]
	 v1: %516:v[32] = v_alignbyte_b32 %2433:v[32], %2432:v[31], %511:v[9]
	 v1: %521:v[24] = v_cvt_f32_i32 %515:v[30] dst_sel:dword src0_sel:sbyte3
	 v1: %523:v[25] = v_cvt_f32_i32 %515:v[30] dst_sel:dword src0_sel:sbyte2
	 v1: %527:v[26] = v_cvt_f32_i32 %515:v[30] dst_sel:dword src0_sel:sbyte1
	 v1: %529:v[30] = v_cvt_f32_i32 %515:v[30] dst_sel:dword src0_sel:sbyte0
	 v1: %534:v[27] = v_cvt_f32_i32 %516:v[32] dst_sel:dword src0_sel:sbyte3
	 v1: %535:v[8] = v_mul_f32 %2387:v[8], %534:v[27]
	 v1: %536:v[28] = v_cvt_f32_i32 %516:v[32] dst_sel:dword src0_sel:sbyte2
	 v1: %538:v[8] = v_mac_f32 %2386:v[7], %536:v[28], %535:v[8]
	 v1: %541:v[29] = v_cvt_f32_i32 %516:v[32] dst_sel:dword src0_sel:sbyte1
	 v1: %543:v[8] = v_mac_f32 %2385:v[6], %541:v[29], %538:v[8]
	 v1: %544:v[32] = v_cvt_f32_i32 %516:v[32] dst_sel:dword src0_sel:sbyte0
	 v1: %546:v[8] = v_mac_f32 %2384:v[5], %544:v[32], %543:v[8]
	 v1: %547:v[8] = v_mac_f32 %2382:v[35], %523:v[25], %546:v[8]
	 v1: %548:v[8] = v_mac_f32 %2383:v[36], %521:v[24], %547:v[8]
	 v1: %549:v[8] = v_mac_f32 %2381:v[34], %527:v[26], %548:v[8]
	 v1: %550:v[8] = v_mac_f32 %2380:v[33], %529:v[30], %549:v[8]
	 v1: %551:v[30] = v_cvt_f32_f16 %517:v[37][0:16]
	 v1: %553:v[4] = v_mac_f32 %550:v[8], %551:v[30], %445:v[4]
	p_logical_end
	p_branch BB5
BB11
/* logical preds: BB6, / linear preds: BB7, / kind: uniform, loop-preheader, loop-exit, */
	 v1: %557:v[3] = p_phi %109:s[0]
	 v1: %556:v[1] = p_phi %108:v[1]
	 v1: %555:v[4] = p_phi %107:v[4]
	 s2: %0:exec = p_parallelcopy -1
	p_logical_start
	 v1: %559:v[5] = v_and_b32 -2, %103:v[2]
	p_logical_end
	p_branch BB12
BB12
/* logical preds: BB11, BB17, / linear preds: BB11, BB17, / kind: loop-header, branch, */
	 v1: %3722:v[5] = p_phi %559:v[5], %3720:v[21]
	 v1: %562:v[3] = p_phi %557:v[3], %791:v[3]
	 v1: %561:v[1] = p_phi %556:v[1], %742:v[1]
	 v1: %560:v[4] = p_phi %555:v[4], %790:v[4]
	p_logical_start
	 s2: %563:vcc = v_cmp_ge_u32 %562:v[3], %3722:v[5]
	p_logical_end
	 s2: %3672:s[0-1],  s1: %3671:scc,  s2: %0:exec = s_and_saveexec_b64 %563:vcc, %0:exec
	p_cbranch_z %0:exec BB16, BB13
BB13
/* logical preds: BB12, / linear preds: BB12, / kind: break, */
	p_logical_start
	p_logical_end
	 s2: %3674:s[0-1],  s1: %3673:scc = s_andn2_b64 %3672:s[0-1], %0:exec
	p_cbranch_nz %3673:scc BB15, BB14
BB14
/* logical preds: / linear preds: BB13, / kind: uniform, */
	p_branch BB18
BB15
/* logical preds: / linear preds: BB13, / kind: uniform, */
	p_branch BB17
BB16
/* logical preds: / linear preds: BB12, / kind: uniform, */
	p_branch BB17
BB17
/* logical preds: BB12, / linear preds: BB15, BB16, / kind: uniform, merge, */
	 s2: %3675:s[0-1] = p_linear_phi %3674:s[0-1], %3672:s[0-1]
	 s2: %0:exec = p_parallelcopy %3675:s[0-1]
	p_logical_start
	 s2: %574:s[0-1] = p_create_vector %2014:s[2], 0xffff8000
	 s8: %575:s[24-31] = s_load_dwordx8 %574:s[0-1], 0 storage:buffer semantics:private,reorder
	 v1: %565:v[6] = v_lshl_add_u32 %562:v[3], 9, %95:v[0]
	 v1: %567:v[7] = v_and_b32 31, %565:v[6]
	 v1: %568:v[8] = v_sub_u32 %565:v[6], %567:v[7]
	 s1: %569:s[0] = s_mul_i32 %2018:s[6], %21:s[17]
	 v1: %571:v[8] = v_add3_u32 %567:v[7], %569:s[0], %568:v[8]
	 v1: %577:v[8] = v_lshrrev_b32 2, %571:v[8]
	 v1: %579:v[8] = v_lshlrev_b32 4, %577:v[8]
	 s1: %2471:s[24],  s1: %2472:s[25],  s1: %2473:s[26],  s1: %2474:s[27],  s1: %2475:s[28],  s1: %2476:s[29],  s1: %2477:s[30],  s1: %2478:s[31] = p_split_vector %575:s[24-31]
	 s4: %576:s[28-31] = p_create_vector %2475:s[28], %2476:s[29], %2477:s[30], %2478:s[31]
	 v4: %580:v[12-15] = buffer_load_dwordx4 %576:s[28-31], %579:v[8], 0 offen storage:buffer semantics:private,reorder
	 v4: %582:v[8-11] = buffer_load_dwordx4 %576:s[28-31], %579:v[8], 0 offset:16 offen storage:buffer semantics:private,reorder
	 s1: %583:s[1] = s_mul_i32 %12:s[16], %2015:s[3]
	 v1: %584:v[16] = v_add_u32 %583:s[1], %565:v[6]
	 v1: %586:v[16] = v_lshrrev_b32 5, %584:v[16]
	 v1: %587:v[16] = v_add_u32 %91:s[18], %586:v[16]
	 v1: %2488:v[17] = v_lshlrev_b32 1, %587:v[16]
	 v1: %589:v[16] = v_lshl_add_u32 %587:v[16], 5, %2488:v[17]
	 v1: %590:v[18] = v_add_u32 2, %589:v[16]
	 v1: %591:v[19] = v_add_u32 %590:v[18], %567:v[7]
	 v1: %592:v[18] = v_and_b32 -4, %590:v[18]
	 v1: %593:v[18] = v_add_u32 %592:v[18], %567:v[7]
	 s4: %594:s[24-27] = p_create_vector %2471:s[24], %2472:s[25], %2473:s[26], %2474:s[27]
	 s1: %585:s[4],  s1: %2487:scc = s_add_u32 %583:s[1], %2015:s[3]
	 v1: %635:v[6] = v_add_u32 %585:s[4], %565:v[6]
	 v1: %636:v[6] = v_lshrrev_b32 5, %635:v[6]
	 v1: %637:v[6] = v_add_u32 %91:s[18], %636:v[6]
	 v1: %2529:v[20] = v_lshlrev_b32 1, %637:v[6]
	 v1: %638:v[6] = v_lshl_add_u32 %637:v[6], 5, %2529:v[20]
	 v1: %639:v[21] = v_add_u32 2, %638:v[6]
	 v1: %640:v[22] = v_add_u32 %639:v[21], %567:v[7]
	 v1: %641:v[21] = v_and_b32 -4, %639:v[21]
	 v1: %642:v[21] = v_add_u32 %641:v[21], %567:v[7]
	 v3: %595:v[23-25] = buffer_load_dwordx3 %594:s[24-27], %593:v[18], 0 offen storage:buffer semantics:private,reorder
	 v2b: %598:v[26][0:16] = buffer_load_short_d16 %594:s[24-27], %589:v[16], 0 offen storage:buffer semantics:private,reorder
	 v3: %643:v[27-29] = buffer_load_dwordx3 %594:s[24-27], %642:v[21], 0 offen storage:buffer semantics:private,reorder
	 v2b: %646:v[30][0:16] = buffer_load_short_d16 %594:s[24-27], %638:v[6], 0 offen storage:buffer semantics:private,reorder
	 s1: %683:s[5] = p_parallelcopy 0x200
	 v1: %684:v[31] = v_lshl_add_u32 %562:v[3], 9, %683:s[5]
	 v1: %685:v[31] = v_add_u32 %684:v[31], %95:v[0]
	 v1: %686:v[32] = v_and_b32 31, %685:v[31]
	 v1: %687:v[33] = v_sub_u32 %685:v[31], %686:v[32]
	 v1: %689:v[33] = v_add3_u32 %686:v[32], %569:s[0], %687:v[33]
	 v1: %690:v[33] = v_lshrrev_b32 2, %689:v[33]
	 v1: %691:v[33] = v_lshlrev_b32 4, %690:v[33]
	 v4: %692:v[34-37] = buffer_load_dwordx4 %576:s[28-31], %691:v[33], 0 offen storage:buffer semantics:private,reorder
	 v1: %3719:v[6] = p_parallelcopy %591:v[19]
	 v4: %694:v[16-19] = buffer_load_dwordx4 %576:s[28-31], %691:v[33], 0 offset:16 offen storage:buffer semantics:private,reorder
	 v1: %2479:v[12],  v1: %2480:v[13],  v1: %2481:v[14],  v1: %2482:v[15] = p_split_vector %580:v[12-15]
	 v1: %2483:v[8],  v1: %2484:v[9],  v1: %2485:v[10],  v1: %2486:v[11] = p_split_vector %582:v[8-11]
	 v1: %2490:v[23],  v1: %2491:v[24],  v1: %2492:v[25] = p_split_vector %595:v[23-25]
	 v1: %596:v[23] = v_alignbyte_b32 %2491:v[24], %2490:v[23], %3719:v[6]
	 v1: %597:v[25] = v_alignbyte_b32 %2492:v[25], %2491:v[24], %3719:v[6]
	 v1: %602:v[7] = v_cvt_f32_i32 %596:v[23] dst_sel:dword src0_sel:sbyte3
	 v1: %604:v[20] = v_cvt_f32_i32 %596:v[23] dst_sel:dword src0_sel:sbyte2
	 v1: %608:v[21] = v_cvt_f32_i32 %596:v[23] dst_sel:dword src0_sel:sbyte1
	 v1: %610:v[23] = v_cvt_f32_i32 %596:v[23] dst_sel:dword src0_sel:sbyte0
	 v1: %615:v[24] = v_cvt_f32_i32 %597:v[25] dst_sel:dword src0_sel:sbyte3
	 v1: %616:v[24] = v_mul_f32 %2486:v[11], %615:v[24]
	 v1: %617:v[33] = v_cvt_f32_i32 %597:v[25] dst_sel:dword src0_sel:sbyte2
	 v1: %619:v[24] = v_mac_f32 %2485:v[10], %617:v[33], %616:v[24]
	 v1: %622:v[38] = v_cvt_f32_i32 %597:v[25] dst_sel:dword src0_sel:sbyte1
	 v1: %624:v[24] = v_mac_f32 %2484:v[9], %622:v[38], %619:v[24]
	 v1: %625:v[25] = v_cvt_f32_i32 %597:v[25] dst_sel:dword src0_sel:sbyte0
	 v1: %627:v[24] = v_mac_f32 %2483:v[8], %625:v[25], %624:v[24]
	 v1: %628:v[24] = v_mac_f32 %2481:v[14], %604:v[20], %627:v[24]
	 v1: %629:v[24] = v_mac_f32 %2482:v[15], %602:v[7], %628:v[24]
	 v1: %630:v[24] = v_mac_f32 %2480:v[13], %608:v[21], %629:v[24]
	 v1: %695:v[38] = v_add_u32 %583:s[1], %685:v[31]
	 v1: %696:v[38] = v_lshrrev_b32 5, %695:v[38]
	 v1: %697:v[38] = v_add_u32 %91:s[18], %696:v[38]
	 v1: %2578:v[6] = v_lshlrev_b32 1, %697:v[38]
	 v1: %698:v[38] = v_lshl_add_u32 %697:v[38], 5, %2578:v[6]
	 v1: %699:v[7] = v_add_u32 2, %698:v[38]
	 v1: %700:v[20] = v_add_u32 %699:v[7], %686:v[32]
	 v1: %701:v[7] = v_and_b32 -4, %699:v[7]
	 v1: %702:v[7] = v_add_u32 %701:v[7], %686:v[32]
	 v1: %3720:v[21] = p_parallelcopy %3722:v[5]
	 v3: %703:v[5-7] = buffer_load_dwordx3 %594:s[24-27], %702:v[7], 0 offen storage:buffer semantics:private,reorder
	 v2b: %706:v[25][0:16] = buffer_load_short_d16 %594:s[24-27], %698:v[38], 0 offen storage:buffer semantics:private,reorder
	 v1: %631:v[24] = v_mac_f32 %2479:v[12], %610:v[23], %630:v[24]
	 v1: %743:v[31] = v_add_u32 %585:s[4], %685:v[31]
	 v1: %744:v[31] = v_lshrrev_b32 5, %743:v[31]
	 v1: %745:v[31] = v_add_u32 %91:s[18], %744:v[31]
	 v1: %2619:v[33] = v_lshlrev_b32 1, %745:v[31]
	 v1: %746:v[31] = v_lshl_add_u32 %745:v[31], 5, %2619:v[33]
	 v1: %747:v[38] = v_add_u32 2, %746:v[31]
	 v1: %632:v[23] = v_cvt_f32_f16 %598:v[26][0:16]
	 v1: %634:v[1] = v_mac_f32 %631:v[24], %632:v[23], %561:v[1]
	 v1: %2531:v[27],  v1: %2532:v[28],  v1: %2533:v[29] = p_split_vector %643:v[27-29]
	 v1: %644:v[27] = v_alignbyte_b32 %2532:v[28], %2531:v[27], %640:v[22]
	 v1: %645:v[29] = v_alignbyte_b32 %2533:v[29], %2532:v[28], %640:v[22]
	 v1: %650:v[24] = v_cvt_f32_i32 %644:v[27] dst_sel:dword src0_sel:sbyte3
	 v1: %652:v[26] = v_cvt_f32_i32 %644:v[27] dst_sel:dword src0_sel:sbyte2
	 v1: %656:v[28] = v_cvt_f32_i32 %644:v[27] dst_sel:dword src0_sel:sbyte1
	 v1: %658:v[27] = v_cvt_f32_i32 %644:v[27] dst_sel:dword src0_sel:sbyte0
	 v1: %663:v[33] = v_cvt_f32_i32 %645:v[29] dst_sel:dword src0_sel:sbyte3
	 v1: %664:v[11] = v_mul_f32 %2486:v[11], %663:v[33]
	 v1: %665:v[22] = v_cvt_f32_i32 %645:v[29] dst_sel:dword src0_sel:sbyte2
	 v1: %667:v[11] = v_mac_f32 %2485:v[10], %665:v[22], %664:v[11]
	 v1: %670:v[23] = v_cvt_f32_i32 %645:v[29] dst_sel:dword src0_sel:sbyte1
	 v1: %672:v[11] = v_mac_f32 %2484:v[9], %670:v[23], %667:v[11]
	 v1: %748:v[33] = v_add_u32 %747:v[38], %686:v[32]
	 v1: %749:v[38] = v_and_b32 -4, %747:v[38]
	 v1: %750:v[38] = v_add_u32 %749:v[38], %686:v[32]
	 v1: %3721:v[22] = p_parallelcopy %2483:v[8]
	 v3: %751:v[8-10] = buffer_load_dwordx3 %594:s[24-27], %750:v[38], 0 offen storage:buffer semantics:private,reorder
	 v2b: %754:v[23][0:16] = buffer_load_short_d16 %594:s[24-27], %746:v[31], 0 offen storage:buffer semantics:private,reorder
	 v1: %673:v[29] = v_cvt_f32_i32 %645:v[29] dst_sel:dword src0_sel:sbyte0
	 v1: %675:v[11] = v_mac_f32 %3721:v[22], %673:v[29], %672:v[11]
	 v1: %676:v[11] = v_mac_f32 %2481:v[14], %652:v[26], %675:v[11]
	 v1: %677:v[11] = v_mac_f32 %2482:v[15], %650:v[24], %676:v[11]
	 v1: %678:v[11] = v_mac_f32 %2480:v[13], %656:v[28], %677:v[11]
	 v1: %679:v[11] = v_mac_f32 %2479:v[12], %658:v[27], %678:v[11]
	 v1: %791:v[3] = v_add_u32 2, %562:v[3]
	 v1: %680:v[24] = v_cvt_f32_f16 %646:v[30][0:16]
	 v1: %682:v[4] = v_mac_f32 %679:v[11], %680:v[24], %560:v[4]
	 v1: %2570:v[34],  v1: %2571:v[35],  v1: %2572:v[36],  v1: %2573:v[37] = p_split_vector %692:v[34-37]
	 v1: %2574:v[16],  v1: %2575:v[17],  v1: %2576:v[18],  v1: %2577:v[19] = p_split_vector %694:v[16-19]
	 v1: %2580:v[5],  v1: %2581:v[6],  v1: %2582:v[7] = p_split_vector %703:v[5-7]
	 v1: %704:v[5] = v_alignbyte_b32 %2581:v[6], %2580:v[5], %700:v[20]
	 v1: %705:v[7] = v_alignbyte_b32 %2582:v[7], %2581:v[6], %700:v[20]
	 v1: %710:v[26] = v_cvt_f32_i32 %704:v[5] dst_sel:dword src0_sel:sbyte3
	 v1: %712:v[27] = v_cvt_f32_i32 %704:v[5] dst_sel:dword src0_sel:sbyte2
	 v1: %716:v[28] = v_cvt_f32_i32 %704:v[5] dst_sel:dword src0_sel:sbyte1
	 v1: %718:v[5] = v_cvt_f32_i32 %704:v[5] dst_sel:dword src0_sel:sbyte0
	 v1: %723:v[29] = v_cvt_f32_i32 %705:v[7] dst_sel:dword src0_sel:sbyte3
	 v1: %724:v[29] = v_mul_f32 %2577:v[19], %723:v[29]
	 v1: %725:v[30] = v_cvt_f32_i32 %705:v[7] dst_sel:dword src0_sel:sbyte2
	 v1: %727:v[29] = v_mac_f32 %2576:v[18], %725:v[30], %724:v[29]
	 v1: %730:v[31] = v_cvt_f32_i32 %705:v[7] dst_sel:dword src0_sel:sbyte1
	 v1: %732:v[29] = v_mac_f32 %2575:v[17], %730:v[31], %727:v[29]
	 v1: %733:v[7] = v_cvt_f32_i32 %705:v[7] dst_sel:dword src0_sel:sbyte0
	 v1: %735:v[29] = v_mac_f32 %2574:v[16], %733:v[7], %732:v[29]
	 v1: %736:v[29] = v_mac_f32 %2572:v[36], %712:v[27], %735:v[29]
	 v1: %737:v[29] = v_mac_f32 %2573:v[37], %710:v[26], %736:v[29]
	 v1: %738:v[29] = v_mac_f32 %2571:v[35], %716:v[28], %737:v[29]
	 v1: %739:v[29] = v_mac_f32 %2570:v[34], %718:v[5], %738:v[29]
	 v1: %740:v[32] = v_cvt_f32_f16 %706:v[25][0:16]
	 v1: %742:v[1] = v_mac_f32 %739:v[29], %740:v[32], %634:v[1]
	 v1: %2621:v[8],  v1: %2622:v[9],  v1: %2623:v[10] = p_split_vector %751:v[8-10]
	 v1: %752:v[8] = v_alignbyte_b32 %2622:v[9], %2621:v[8], %748:v[33]
	 v1: %753:v[10] = v_alignbyte_b32 %2623:v[10], %2622:v[9], %748:v[33]
	 v1: %758:v[33] = v_cvt_f32_i32 %752:v[8] dst_sel:dword src0_sel:sbyte3
	 v1: %760:v[38] = v_cvt_f32_i32 %752:v[8] dst_sel:dword src0_sel:sbyte2
	 v1: %764:v[5] = v_cvt_f32_i32 %752:v[8] dst_sel:dword src0_sel:sbyte1
	 v1: %766:v[8] = v_cvt_f32_i32 %752:v[8] dst_sel:dword src0_sel:sbyte0
	 v1: %771:v[6] = v_cvt_f32_i32 %753:v[10] dst_sel:dword src0_sel:sbyte3
	 v1: %772:v[19] = v_mul_f32 %2577:v[19], %771:v[6]
	 v1: %773:v[7] = v_cvt_f32_i32 %753:v[10] dst_sel:dword src0_sel:sbyte2
	 v1: %775:v[19] = v_mac_f32 %2576:v[18], %773:v[7], %772:v[19]
	 v1: %778:v[9] = v_cvt_f32_i32 %753:v[10] dst_sel:dword src0_sel:sbyte1
	 v1: %780:v[19] = v_mac_f32 %2575:v[17], %778:v[9], %775:v[19]
	 v1: %781:v[10] = v_cvt_f32_i32 %753:v[10] dst_sel:dword src0_sel:sbyte0
	 v1: %783:v[19] = v_mac_f32 %2574:v[16], %781:v[10], %780:v[19]
	 v1: %784:v[19] = v_mac_f32 %2572:v[36], %760:v[38], %783:v[19]
	 v1: %785:v[19] = v_mac_f32 %2573:v[37], %758:v[33], %784:v[19]
	 v1: %786:v[19] = v_mac_f32 %2571:v[35], %764:v[5], %785:v[19]
	 v1: %787:v[19] = v_mac_f32 %2570:v[34], %766:v[8], %786:v[19]
	 v1: %788:v[10] = v_cvt_f32_f16 %754:v[23][0:16]
	 v1: %790:v[4] = v_mac_f32 %787:v[19], %788:v[10], %682:v[4]
	p_logical_end
	p_branch BB12
BB18
/* logical preds: BB13, / linear preds: BB14, / kind: uniform, loop-preheader, loop-exit, */
	 v1: %794:v[3] = p_phi %562:v[3]
	 v1: %793:v[1] = p_phi %561:v[1]
	 v1: %792:v[4] = p_phi %560:v[4]
	 s2: %0:exec = p_parallelcopy -1
	p_logical_start
	p_logical_end
	p_branch BB19
BB19
/* logical preds: BB18, BB24, / linear preds: BB18, BB24, / kind: loop-header, branch, */
	 v1: %797:v[3] = p_phi %794:v[3], %918:v[3]
	 v1: %796:v[1] = p_phi %793:v[1], %869:v[1]
	 v1: %795:v[4] = p_phi %792:v[4], %917:v[4]
	p_logical_start
	 s2: %798:vcc = v_cmp_ge_u32 %797:v[3], %103:v[2]
	p_logical_end
	 s2: %3677:s[0-1],  s1: %3676:scc,  s2: %0:exec = s_and_saveexec_b64 %798:vcc, %0:exec
	p_cbranch_z %0:exec BB23, BB20
BB20
/* logical preds: BB19, / linear preds: BB19, / kind: break, */
	p_logical_start
	p_logical_end
	 s2: %3679:s[0-1],  s1: %3678:scc = s_andn2_b64 %3677:s[0-1], %0:exec
	p_cbranch_nz %3678:scc BB22, BB21
BB21
/* logical preds: / linear preds: BB20, / kind: uniform, */
	p_branch BB25
BB22
/* logical preds: / linear preds: BB20, / kind: uniform, */
	p_branch BB24
BB23
/* logical preds: / linear preds: BB19, / kind: uniform, */
	p_branch BB24
BB24
/* logical preds: BB19, / linear preds: BB22, BB23, / kind: uniform, merge, */
	 s2: %3680:s[0-1] = p_linear_phi %3679:s[0-1], %3677:s[0-1]
	 s2: %0:exec = p_parallelcopy %3680:s[0-1]
	p_logical_start
	 s2: %809:s[0-1] = p_create_vector %2014:s[2], 0xffff8000
	 s8: %810:s[24-31] = s_load_dwordx8 %809:s[0-1], 0 storage:buffer semantics:private,reorder
	 v1: %800:v[5] = v_lshl_add_u32 %797:v[3], 9, %95:v[0]
	 v1: %802:v[6] = v_and_b32 31, %800:v[5]
	 v1: %803:v[7] = v_sub_u32 %800:v[5], %802:v[6]
	 s1: %804:s[0] = s_mul_i32 %2018:s[6], %21:s[17]
	 v1: %806:v[7] = v_add3_u32 %802:v[6], %804:s[0], %803:v[7]
	 v1: %812:v[7] = v_lshrrev_b32 2, %806:v[7]
	 v1: %814:v[7] = v_lshlrev_b32 4, %812:v[7]
	 s1: %2660:s[24],  s1: %2661:s[25],  s1: %2662:s[26],  s1: %2663:s[27],  s1: %2664:s[28],  s1: %2665:s[29],  s1: %2666:s[30],  s1: %2667:s[31] = p_split_vector %810:s[24-31]
	 s4: %811:s[28-31] = p_create_vector %2664:s[28], %2665:s[29], %2666:s[30], %2667:s[31]
	 v4: %815:v[8-11] = buffer_load_dwordx4 %811:s[28-31], %814:v[7], 0 offen storage:buffer semantics:private,reorder
	 v4: %817:v[12-15] = buffer_load_dwordx4 %811:s[28-31], %814:v[7], 0 offset:16 offen storage:buffer semantics:private,reorder
	 s1: %818:s[1] = s_mul_i32 %12:s[16], %2015:s[3]
	 v1: %819:v[16] = v_add_u32 %818:s[1], %800:v[5]
	 v1: %821:v[16] = v_lshrrev_b32 5, %819:v[16]
	 v1: %822:v[16] = v_add_u32 %91:s[18], %821:v[16]
	 v1: %2677:v[17] = v_lshlrev_b32 1, %822:v[16]
	 v1: %824:v[16] = v_lshl_add_u32 %822:v[16], 5, %2677:v[17]
	 v1: %825:v[18] = v_add_u32 2, %824:v[16]
	 v1: %826:v[19] = v_add_u32 %825:v[18], %802:v[6]
	 v1: %827:v[18] = v_and_b32 -4, %825:v[18]
	 v1: %828:v[18] = v_add_u32 %827:v[18], %802:v[6]
	 s4: %829:s[24-27] = p_create_vector %2660:s[24], %2661:s[25], %2662:s[26], %2663:s[27]
	 s1: %820:s[1],  s1: %2676:scc = s_add_u32 %818:s[1], %2015:s[3]
	 v1: %870:v[5] = v_add_u32 %820:s[1], %800:v[5]
	 v1: %871:v[5] = v_lshrrev_b32 5, %870:v[5]
	 v1: %872:v[5] = v_add_u32 %91:s[18], %871:v[5]
	 v1: %2718:v[20] = v_lshlrev_b32 1, %872:v[5]
	 v1: %873:v[5] = v_lshl_add_u32 %872:v[5], 5, %2718:v[20]
	 v1: %874:v[21] = v_add_u32 2, %873:v[5]
	 v1: %875:v[22] = v_add_u32 %874:v[21], %802:v[6]
	 v1: %876:v[21] = v_and_b32 -4, %874:v[21]
	 v1: %877:v[21] = v_add_u32 %876:v[21], %802:v[6]
	 v3: %830:v[23-25] = buffer_load_dwordx3 %829:s[24-27], %828:v[18], 0 offen storage:buffer semantics:private,reorder
	 v2b: %833:v[26][0:16] = buffer_load_short_d16 %829:s[24-27], %824:v[16], 0 offen storage:buffer semantics:private,reorder
	 v3: %878:v[27-29] = buffer_load_dwordx3 %829:s[24-27], %877:v[21], 0 offen storage:buffer semantics:private,reorder
	 v2b: %881:v[30][0:16] = buffer_load_short_d16 %829:s[24-27], %873:v[5], 0 offen storage:buffer semantics:private,reorder
	 v1: %918:v[3] = v_add_u32 1, %797:v[3]
	 v1: %2668:v[8],  v1: %2669:v[9],  v1: %2670:v[10],  v1: %2671:v[11] = p_split_vector %815:v[8-11]
	 v1: %2672:v[12],  v1: %2673:v[13],  v1: %2674:v[14],  v1: %2675:v[15] = p_split_vector %817:v[12-15]
	 v1: %2679:v[23],  v1: %2680:v[24],  v1: %2681:v[25] = p_split_vector %830:v[23-25]
	 v1: %831:v[23] = v_alignbyte_b32 %2680:v[24], %2679:v[23], %826:v[19]
	 v1: %832:v[25] = v_alignbyte_b32 %2681:v[25], %2680:v[24], %826:v[19]
	 v1: %837:v[31] = v_cvt_f32_i32 %831:v[23] dst_sel:dword src0_sel:sbyte3
	 v1: %839:v[32] = v_cvt_f32_i32 %831:v[23] dst_sel:dword src0_sel:sbyte2
	 v1: %843:v[33] = v_cvt_f32_i32 %831:v[23] dst_sel:dword src0_sel:sbyte1
	 v1: %845:v[23] = v_cvt_f32_i32 %831:v[23] dst_sel:dword src0_sel:sbyte0
	 v1: %850:v[34] = v_cvt_f32_i32 %832:v[25] dst_sel:dword src0_sel:sbyte3
	 v1: %851:v[34] = v_mul_f32 %2675:v[15], %850:v[34]
	 v1: %852:v[35] = v_cvt_f32_i32 %832:v[25] dst_sel:dword src0_sel:sbyte2
	 v1: %854:v[34] = v_mac_f32 %2674:v[14], %852:v[35], %851:v[34]
	 v1: %857:v[36] = v_cvt_f32_i32 %832:v[25] dst_sel:dword src0_sel:sbyte1
	 v1: %859:v[34] = v_mac_f32 %2673:v[13], %857:v[36], %854:v[34]
	 v1: %860:v[25] = v_cvt_f32_i32 %832:v[25] dst_sel:dword src0_sel:sbyte0
	 v1: %862:v[34] = v_mac_f32 %2672:v[12], %860:v[25], %859:v[34]
	 v1: %863:v[34] = v_mac_f32 %2670:v[10], %839:v[32], %862:v[34]
	 v1: %864:v[34] = v_mac_f32 %2671:v[11], %837:v[31], %863:v[34]
	 v1: %865:v[34] = v_mac_f32 %2669:v[9], %843:v[33], %864:v[34]
	 v1: %866:v[34] = v_mac_f32 %2668:v[8], %845:v[23], %865:v[34]
	 v1: %867:v[37] = v_cvt_f32_f16 %833:v[26][0:16]
	 v1: %869:v[1] = v_mac_f32 %866:v[34], %867:v[37], %796:v[1]
	 v1: %2720:v[27],  v1: %2721:v[28],  v1: %2722:v[29] = p_split_vector %878:v[27-29]
	 v1: %879:v[27] = v_alignbyte_b32 %2721:v[28], %2720:v[27], %875:v[22]
	 v1: %880:v[29] = v_alignbyte_b32 %2722:v[29], %2721:v[28], %875:v[22]
	 v1: %885:v[38] = v_cvt_f32_i32 %879:v[27] dst_sel:dword src0_sel:sbyte3
	 v1: %887:v[5] = v_cvt_f32_i32 %879:v[27] dst_sel:dword src0_sel:sbyte2
	 v1: %891:v[6] = v_cvt_f32_i32 %879:v[27] dst_sel:dword src0_sel:sbyte1
	 v1: %893:v[27] = v_cvt_f32_i32 %879:v[27] dst_sel:dword src0_sel:sbyte0
	 v1: %898:v[7] = v_cvt_f32_i32 %880:v[29] dst_sel:dword src0_sel:sbyte3
	 v1: %899:v[15] = v_mul_f32 %2675:v[15], %898:v[7]
	 v1: %900:v[16] = v_cvt_f32_i32 %880:v[29] dst_sel:dword src0_sel:sbyte2
	 v1: %902:v[15] = v_mac_f32 %2674:v[14], %900:v[16], %899:v[15]
	 v1: %905:v[17] = v_cvt_f32_i32 %880:v[29] dst_sel:dword src0_sel:sbyte1
	 v1: %907:v[15] = v_mac_f32 %2673:v[13], %905:v[17], %902:v[15]
	 v1: %908:v[29] = v_cvt_f32_i32 %880:v[29] dst_sel:dword src0_sel:sbyte0
	 v1: %910:v[15] = v_mac_f32 %2672:v[12], %908:v[29], %907:v[15]
	 v1: %911:v[15] = v_mac_f32 %2670:v[10], %887:v[5], %910:v[15]
	 v1: %912:v[15] = v_mac_f32 %2671:v[11], %885:v[38], %911:v[15]
	 v1: %913:v[15] = v_mac_f32 %2669:v[9], %891:v[6], %912:v[15]
	 v1: %914:v[15] = v_mac_f32 %2668:v[8], %893:v[27], %913:v[15]
	 v1: %915:v[18] = v_cvt_f32_f16 %881:v[30][0:16]
	 v1: %917:v[4] = v_mac_f32 %914:v[15], %915:v[18], %795:v[4]
	p_logical_end
	p_branch BB19
BB25
/* logical preds: BB20, / linear preds: BB21, / kind: loop-exit, branch, */
	 v1: %920:v[1] = p_phi %796:v[1]
	 v1: %919:v[4] = p_phi %795:v[4]
	 s2: %0:exec = p_parallelcopy -1
	p_logical_start
	 s1: %921:s[0],  s2: %2759:s[4-5],  s1: %2760:scc = p_reduce %920:v[1], %3665:v[39],  lv1: undef op:fadd32 cluster_size:64
	 s1: %922:s[1],  s2: %2761:s[4-5],  s1: %2762:scc = p_reduce %919:v[4], %3665:v[39],  lv1: undef op:fadd32 cluster_size:64
	 s2: %923:s[4-5] = p_create_vector 1, 0
	p_logical_end
	 s2: %0:exec = p_parallelcopy %923:s[4-5]
	p_cbranch_z %0:exec BB27, BB26
BB26
/* logical preds: BB25, / linear preds: BB25, / kind: uniform, */
	p_logical_start
	 v2: %2763:v[0-1] = p_create_vector %921:s[0], %922:s[1]
	 v1: %2764:v[2] = p_parallelcopy 0
	ds_write_b64 %2764:v[2], %2763:v[0-1] storage:shared
	p_logical_end
	p_branch BB28
BB27
/* logical preds: / linear preds: BB25, / kind: uniform, */
	p_branch BB28
BB28
/* logical preds: / linear preds: BB26, BB27, / kind: invert, */
	 s2: %0:exec,  s1: %3681:scc = s_andn2_b64 -1, %0:exec
	p_cbranch_z %0:exec BB30, BB29
BB29
/* logical preds: BB25, / linear preds: BB28, / kind: uniform, */
	p_logical_start
	p_logical_end
	p_branch BB31
BB30
/* logical preds: / linear preds: BB28, / kind: uniform, */
	p_branch BB31
BB31
/* logical preds: BB26, BB29, / linear preds: BB29, BB30, / kind: branch, merge, */
	 s2: %0:exec = p_parallelcopy -1
	p_logical_start
	p_barrier storage:shared semantics:acquire,release scope:subgroup exec_scope:subgroup
	p_logical_end
	 s2: %0:exec = p_parallelcopy %923:s[4-5]
	p_cbranch_z %0:exec BB51, BB32
BB32
/* logical preds: BB31, / linear preds: BB31, / kind: uniform, */
	p_logical_start
	 s1: %928:s[19],  s1: %2765:scc = s_and_b32 %2030:s[19], 63
	 s1: %2766:scc = s_cmp_lg_i32 %928:s[19], 0
	p_logical_end
	p_cbranch_z %2766:scc BB34, BB33
BB33
/* logical preds: BB32, / linear preds: BB32, / kind: uniform, */
	p_logical_start
	 v1: %2769:v[0] = p_parallelcopy 0
	 v1: %2770:v[0] = ds_read_b32 %2769:v[0] storage:shared
	 s1: %3723:s[0] = p_parallelcopy %2766:scc
	 s1: %2771:scc = s_cmp_lt_u32 1, %928:s[19]
	 s1: %930:s[1] = p_as_uniform %2770:v[0]
	 s1: %933:s[1] = s_cselect_b32 0x7fc00000, %930:s[1], %2771:scc
	p_logical_end
	p_branch BB35
BB34
/* logical preds: BB32, / linear preds: BB32, / kind: uniform, */
	p_logical_start
	p_logical_end
	p_branch BB35
BB35
/* logical preds: BB33, BB34, / linear preds: BB33, BB34, / kind: uniform, */
	 s1: %3724:s[0] = p_linear_phi %3723:s[0], %2766:scc
	 s1: %934:s[1] = p_linear_phi %933:s[1], 0
	p_logical_start
	 s1: %2774:scc = s_bitcmp1_b32 %2020:s[8], 0
	p_logical_end
	p_cbranch_z %2774:scc BB37, BB36
BB36
/* logical preds: BB35, / linear preds: BB35, / kind: uniform, */
	p_logical_start
	 s2: %941:s[4-5] = p_create_vector %2014:s[2], 0xffff8000
	 s4: %942:s[12-15] = s_load_dwordx4 %941:s[4-5], 48 storage:buffer semantics:private,reorder
	 s1: %937:s[3] = s_mul_i32 %2019:s[7], %21:s[17]
	 s1: %3725:s[4] = p_parallelcopy %2774:scc
	 s1: %938:s[3],  s1: %2777:scc = s_add_u32 %937:s[3], %12:s[16]
	 s1: %943:s[3],  s1: %2782:scc = s_lshl_b32 %938:s[3], 2
	 s1: %944:s[3] = s_buffer_load_dword %942:s[12-15], %943:s[3] storage:buffer semantics:private,reorder
	 v1: %2783:v[0] = p_parallelcopy %944:s[3]
	 v1: %945:v[0] = v_add_f32 %934:s[1], %2783:v[0]
	p_logical_end
	p_branch BB38
BB37
/* logical preds: BB35, / linear preds: BB35, / kind: uniform, */
	p_logical_start
	p_logical_end
	p_branch BB38
BB38
/* logical preds: BB36, BB37, / linear preds: BB36, BB37, / kind: uniform, */
	 s1: %3726:s[4] = p_linear_phi %3725:s[4], %2774:scc
	 v1: %946:v[0] = p_phi %945:v[0], %934:s[1]
	p_logical_start
	 s1: %2784:scc = s_bitcmp1_b32 %2020:s[8], 1
	p_logical_end
	p_cbranch_z %2784:scc BB40, BB39
BB39
/* logical preds: BB38, / linear preds: BB38, / kind: uniform, */
	p_logical_start
	 s2: %952:s[8-9] = p_create_vector %2014:s[2], 0xffff8000
	 s4: %953:s[8-11] = s_load_dwordx4 %952:s[8-9], 64 storage:buffer semantics:private,reorder
	 s1: %948:s[1] = s_mul_i32 %2019:s[7], %21:s[17]
	 s1: %3727:s[3] = p_parallelcopy %2784:scc
	 s1: %949:s[1],  s1: %2787:scc = s_add_u32 %948:s[1], %12:s[16]
	 s1: %954:s[1],  s1: %2792:scc = s_lshl_b32 %949:s[1], 2
	 s1: %955:s[1] = s_buffer_load_dword %953:s[8-11], %954:s[1] storage:buffer semantics:private,reorder
	 v1: %956:v[0] = v_add_f32 %955:s[1], %946:v[0]
	p_logical_end
	p_branch BB41
BB40
/* logical preds: BB38, / linear preds: BB38, / kind: uniform, */
	p_logical_start
	p_logical_end
	p_branch BB41
BB41
/* logical preds: BB39, BB40, / linear preds: BB39, BB40, / kind: uniform, */
	 s1: %3728:s[3] = p_linear_phi %3727:s[3], %2784:scc
	 v1: %957:v[0] = p_phi %956:v[0], %946:v[0]
	p_logical_start
	 s1: %3729:s[1] = p_parallelcopy %3728:s[3]
	 s2: %962:s[2-3] = p_create_vector %2014:s[2], 0xffff8000
	 s4: %963:s[8-11] = s_load_dwordx4 %962:s[2-3], 32 storage:buffer semantics:private,reorder
	 s1: %958:s[7] = s_mul_i32 %2019:s[7], %21:s[17]
	 s1: %959:s[7],  s1: %2793:scc = s_add_u32 %958:s[7], %12:s[16]
	 s1: %964:s[7],  s1: %2798:scc = s_lshl_b32 %959:s[7], 2
	buffer_store_dword %963:s[8-11],  v1: undef, %964:s[7], %957:v[0] storage:buffer
	p_logical_end
	 s1: %3730:scc = p_parallelcopy %3724:s[0]
	p_cbranch_z %3730:scc BB43, BB42
BB42
/* logical preds: BB41, / linear preds: BB41, / kind: uniform, */
	p_logical_start
	 v1: %2801:v[0] = p_parallelcopy 0
	 v1: %2802:v[0] = ds_read_b32 %2801:v[0] offset0:4 storage:shared
	 s1: %2803:scc = s_cmp_lt_u32 1, %928:s[19]
	 s1: %965:s[0] = p_as_uniform %2802:v[0]
	 s1: %968:s[0] = s_cselect_b32 0x7fc00000, %965:s[0], %2803:scc
	p_logical_end
	p_branch BB44
BB43
/* logical preds: BB41, / linear preds: BB41, / kind: uniform, */
	p_logical_start
	p_logical_end
	p_branch BB44
BB44
/* logical preds: BB42, BB43, / linear preds: BB42, BB43, / kind: uniform, */
	 s1: %969:s[0] = p_linear_phi %968:s[0], 0
	p_logical_start
	p_logical_end
	 s1: %3731:scc = p_parallelcopy %3726:s[4]
	p_cbranch_z %3731:scc BB46, BB45
BB45
/* logical preds: BB44, / linear preds: BB44, / kind: uniform, */
	p_logical_start
	 s4: %970:s[12-15] = s_load_dwordx4 %962:s[2-3], 48 storage:buffer semantics:private,reorder
	 s1: %972:s[4],  s1: %2812:scc = s_add_u32 %964:s[7], 4
	 s1: %973:s[4] = s_buffer_load_dword %970:s[12-15], %972:s[4] storage:buffer semantics:private,reorder
	 v1: %2813:v[0] = p_parallelcopy %973:s[4]
	 v1: %974:v[0] = v_add_f32 %969:s[0], %2813:v[0]
	p_logical_end
	p_branch BB47
BB46
/* logical preds: BB44, / linear preds: BB44, / kind: uniform, */
	p_logical_start
	p_logical_end
	p_branch BB47
BB47
/* logical preds: BB45, BB46, / linear preds: BB45, BB46, / kind: uniform, */
	 v1: %975:v[0] = p_phi %974:v[0], %969:s[0]
	p_logical_start
	p_logical_end
	 s1: %3732:scc = p_parallelcopy %3729:s[1]
	p_cbranch_z %3732:scc BB49, BB48
BB48
/* logical preds: BB47, / linear preds: BB47, / kind: uniform, */
	p_logical_start
	 s4: %976:s[0-3] = s_load_dwordx4 %962:s[2-3], 64 storage:buffer semantics:private,reorder
	 s1: %978:s[4],  s1: %2820:scc = s_add_u32 %964:s[7], 4
	 s1: %979:s[4] = s_buffer_load_dword %976:s[0-3], %978:s[4] storage:buffer semantics:private,reorder
	 v1: %980:v[0] = v_add_f32 %979:s[4], %975:v[0]
	p_logical_end
	p_branch BB50
BB49
/* logical preds: BB47, / linear preds: BB47, / kind: uniform, */
	p_logical_start
	p_logical_end
	p_branch BB50
BB50
/* logical preds: BB48, BB49, / linear preds: BB48, BB49, / kind: uniform, */
	 v1: %981:v[0] = p_phi %980:v[0], %975:v[0]
	p_logical_start
	 s1: %983:s[7],  s1: %2821:scc = s_add_u32 %964:s[7], 4
	buffer_store_dword %963:s[8-11],  v1: undef, %983:s[7], %981:v[0] storage:buffer
	p_logical_end
	p_branch BB52
BB51
/* logical preds: / linear preds: BB31, / kind: uniform, */
	p_branch BB52
BB52
/* logical preds: / linear preds: BB50, BB51, / kind: invert, */
	 s2: %0:exec,  s1: %3682:scc = s_andn2_b64 -1, %0:exec
	p_cbranch_z %0:exec BB54, BB53
BB53
/* logical preds: BB31, / linear preds: BB52, / kind: uniform, */
	p_logical_start
	p_logical_end
	p_branch BB55
BB54
/* logical preds: / linear preds: BB52, / kind: uniform, */
	p_branch BB55
BB55
/* logical preds: BB50, BB53, / linear preds: BB53, BB54, / kind: uniform, merge, */
	 s2: %0:exec = p_parallelcopy -1
	p_logical_start
	p_logical_end
	p_branch BB164
BB56
/* logical preds: BB0, / linear preds: BB0, / kind: uniform, */
	p_logical_start
	 s1: %2822:scc = s_cmp_lt_u32 %12:s[16], %2016:s[4]
	p_logical_end
	p_cbranch_z %2822:scc BB162, BB57
BB57
/* logical preds: BB56, / linear preds: BB56, / kind: uniform, */
	p_logical_start
	 s1: %985:s[4],  s1: %2825:scc = s_sub_i32 %2016:s[4], %12:s[16]
	 s1: %991:s[17],  s1: %2826:scc = s_add_u32 %2028:s[17], %2021:s[9]
	 s1: %2827:scc = s_cmp_lg_i32 %991:s[17], 0
	p_logical_end
	p_cbranch_z %2827:scc BB59, BB58
BB58
/* logical preds: BB57, / linear preds: BB57, / kind: uniform, */
	p_logical_start
	 v1: (precise)%994:v[1] = v_cvt_f32_u32 %2023:s[11]
	 v1: (precise)%995:v[1] = v_rcp_f32 %994:v[1]
	 v1: (precise)%996:v[1] = v_mul_f32 0x4f7ffffe, %995:v[1]
	 v1: (precise)%2830:v[1] = v_cvt_u32_f32 %996:v[1]
	 s1: (precise)%997:s[0] = p_as_uniform %2830:v[1]
	 s1: %998:s[1] = s_mul_i32 %2023:s[11], %997:s[0]
	 s1: %999:s[1],  s1: %2831:scc = s_sub_i32 0, %998:s[1]
	 s1: %1000:s[1] = s_mul_hi_u32 %997:s[0], %999:s[1]
	 s1: %1001:s[0],  s1: %2832:scc = s_add_u32 %997:s[0], %1000:s[1]
	 s1: %1002:s[0] = s_mul_hi_u32 %991:s[17], %1001:s[0]
	 s1: %1003:s[9] = s_mul_i32 %1002:s[0], %2023:s[11]
	 s1: %1004:s[9],  s1: %2833:scc = s_sub_i32 %991:s[17], %1003:s[9]
	 s1: %2834:scc = s_cmp_ge_u32 %1004:s[9], %2023:s[11]
	 s1: %3733:s[14] = p_parallelcopy %2834:scc
	 s1: %1007:s[0],  s1: %2836:scc = s_add_u32 %1002:s[0], %2834:scc
	 s1: %1008:s[15],  s1: %2837:scc = s_sub_i32 %1004:s[9], %2023:s[11]
	 s1: %3734:scc = p_parallelcopy %3733:s[14]
	 s1: %1009:s[15] = s_cselect_b32 %1008:s[15], %1004:s[9], %3734:scc
	 s1: %2840:scc = s_cmp_ge_u32 %1009:s[15], %2023:s[11]
	 s1: %3735:s[18] = p_parallelcopy %2840:scc
	 s1: %1012:s[0],  s1: %2842:scc = s_add_u32 %1007:s[0], %2840:scc
	 s1: %1013:s[11],  s1: %2843:scc = s_sub_i32 %1009:s[15], %2023:s[11]
	 s1: %3736:scc = p_parallelcopy %3735:s[18]
	 s1: %1014:s[11] = s_cselect_b32 %1013:s[11], %1009:s[15], %3736:scc
	 v1: (precise)%1016:v[2] = v_cvt_f32_u32 %2025:s[13]
	 v1: (precise)%1017:v[2] = v_rcp_f32 %1016:v[2]
	 v1: (precise)%1018:v[2] = v_mul_f32 0x4f7ffffe, %1017:v[2]
	 v1: (precise)%2846:v[2] = v_cvt_u32_f32 %1018:v[2]
	 s1: (precise)%1019:s[20] = p_as_uniform %2846:v[2]
	 s1: %1020:s[21] = s_mul_i32 %2025:s[13], %1019:s[20]
	 s1: %1021:s[21],  s1: %2847:scc = s_sub_i32 0, %1020:s[21]
	 s1: %1022:s[21] = s_mul_hi_u32 %1019:s[20], %1021:s[21]
	 s1: %1023:s[20],  s1: %2848:scc = s_add_u32 %1019:s[20], %1022:s[21]
	 s1: %1024:s[20] = s_mul_hi_u32 %1012:s[0], %1023:s[20]
	 s1: %1025:s[22] = s_mul_i32 %1024:s[20], %2025:s[13]
	 s1: %1026:s[0],  s1: %2849:scc = s_sub_i32 %1012:s[0], %1025:s[22]
	 s1: %2850:scc = s_cmp_ge_u32 %1026:s[0], %2025:s[13]
	 s1: %3737:s[23] = p_parallelcopy %2850:scc
	 s1: %1029:s[20],  s1: %2852:scc = s_add_u32 %1024:s[20], %2850:scc
	 s1: %1030:s[24],  s1: %2853:scc = s_sub_i32 %1026:s[0], %2025:s[13]
	 s1: %3738:scc = p_parallelcopy %3737:s[23]
	 s1: %1031:s[24] = s_cselect_b32 %1030:s[24], %1026:s[0], %3738:scc
	 s1: %2856:scc = s_cmp_ge_u32 %1031:s[24], %2025:s[13]
	 s1: %1034:s[20],  s1: %2858:scc = s_add_u32 %1029:s[20], %2856:scc
	 v1: (precise)%1035:v[3] = v_cvt_f32_u32 %2024:s[12]
	 v1: (precise)%1036:v[3] = v_rcp_f32 %1035:v[3]
	 v1: (precise)%1037:v[3] = v_mul_f32 0x4f7ffffe, %1036:v[3]
	 v1: (precise)%2859:v[3] = v_cvt_u32_f32 %1037:v[3]
	 s1: (precise)%1038:s[25] = p_as_uniform %2859:v[3]
	 s1: %1039:s[26] = s_mul_i32 %2024:s[12], %1038:s[25]
	 s1: %1040:s[26],  s1: %2860:scc = s_sub_i32 0, %1039:s[26]
	 s1: %1041:s[26] = s_mul_hi_u32 %1038:s[25], %1040:s[26]
	 s1: %1042:s[25],  s1: %2861:scc = s_add_u32 %1038:s[25], %1041:s[26]
	 s1: %1043:s[25] = s_mul_hi_u32 %1014:s[11], %1042:s[25]
	 s1: %1044:s[27] = s_mul_i32 %1043:s[25], %2024:s[12]
	 s1: %1045:s[11],  s1: %2862:scc = s_sub_i32 %1014:s[11], %1044:s[27]
	 s1: %2863:scc = s_cmp_ge_u32 %1045:s[11], %2024:s[12]
	 s1: %3739:s[28] = p_parallelcopy %2863:scc
	 s1: %1048:s[25],  s1: %2865:scc = s_add_u32 %1043:s[25], %2863:scc
	 s1: %1049:s[29],  s1: %2866:scc = s_sub_i32 %1045:s[11], %2024:s[12]
	 s1: %3740:scc = p_parallelcopy %3739:s[28]
	 s1: %1050:s[29] = s_cselect_b32 %1049:s[29], %1045:s[11], %3740:scc
	 s1: %2869:scc = s_cmp_ge_u32 %1050:s[29], %2024:s[12]
	 s1: %1053:s[25],  s1: %2871:scc = s_add_u32 %1048:s[25], %2869:scc
	 s1: %1054:s[20] = s_mul_i32 %1034:s[20], %2022:s[10]
	 s1: %1055:s[20],  s1: %2872:scc = s_add_u32 %1054:s[20], %1053:s[25]
	p_logical_end
	p_branch BB60
BB59
/* logical preds: BB57, / linear preds: BB57, / kind: uniform, */
	p_logical_start
	p_logical_end
	p_branch BB60
BB60
/* logical preds: BB58, BB59, / linear preds: BB58, BB59, / kind: uniform, loop-preheader, */
	 s1: %1056:s[20] = p_linear_phi %1055:s[20], 0
	p_logical_start
	 s1: %1060:s[5],  s1: %2873:scc = s_lshr_b32 %2017:s[5], 5
	 s1: %1061:s[20] = s_mul_i32 %1056:s[20], %1060:s[5]
	 v1: %1065:v[0] = v_lshlrev_b32 3, (is16bit)%2032:v[0]
	 s1: %1067:s[0],  s1: %2874:scc = s_and_b32 %2015:s[3], 0xfffffe00
	 v1: %1068:v[1] = v_add_u32 %1067:s[0], %1065:v[0]
	 s2: %1069:vcc = v_cmp_gt_u32 %2015:s[3], %1068:v[1]
	 v1: %1070:v[2] = v_cndmask_b32 0, 1, %1069:vcc
	 s1: %1072:s[1],  s1: %2875:scc = s_lshr_b32 %2015:s[3], 9
	 v1: %1073:v[2] = v_add_u32 %1072:s[1], %1070:v[2]
	 v1: %1076:v[3] = v_and_b32 -4, %1073:v[2]
	p_logical_end
	p_branch BB61
BB61
/* logical preds: BB60, BB90, / linear preds: BB60, BB90, / kind: loop-header, branch, */
	 s1: %1079:s[0] = p_linear_phi 0, %1549:s[0]
	 v1: %1078:v[1] = p_phi 0, %1548:v[1]
	 v1: %1077:v[4] = p_phi 0, %1547:v[4]
	p_logical_start
	 s2: %1080:vcc = v_cmp_ge_u32 %1079:s[0], %1076:v[3]
	p_logical_end
	 s2: %3684:s[10-11],  s1: %3683:scc,  s2: %0:exec = s_and_saveexec_b64 %1080:vcc, %0:exec
	p_cbranch_z %0:exec BB65, BB62
BB62
/* logical preds: BB61, / linear preds: BB61, / kind: break, */
	p_logical_start
	p_logical_end
	 s2: %3686:s[10-11],  s1: %3685:scc = s_andn2_b64 %3684:s[10-11], %0:exec
	p_cbranch_nz %3685:scc BB64, BB63
BB63
/* logical preds: / linear preds: BB62, / kind: uniform, */
	p_branch BB91
BB64
/* logical preds: / linear preds: BB62, / kind: uniform, */
	p_branch BB66
BB65
/* logical preds: / linear preds: BB61, / kind: uniform, */
	p_branch BB66
BB66
/* logical preds: BB61, / linear preds: BB64, BB65, / kind: uniform, merge, */
	 s2: %3687:s[10-11] = p_linear_phi %3686:s[10-11], %3684:s[10-11]
	 s2: %0:exec = p_parallelcopy %3687:s[10-11]
	p_logical_start
	 s2: %1091:s[10-11] = p_create_vector %2014:s[2], 0xffff8000
	 s4: %1092:s[12-15] = s_load_dwordx4 %1091:s[10-11], 16 storage:buffer semantics:private,reorder
	 s1: %1081:s[1],  s1: %2876:scc = s_lshl_b32 %1079:s[0], 9
	 v1: %1082:v[5] = v_add_u32 %1081:s[1], %1065:v[0]
	 v1: %1084:v[6] = v_and_b32 31, %1082:v[5]
	 v1: %1085:v[7] = v_sub_u32 %1082:v[5], %1084:v[6]
	 s1: %1086:s[5] = s_mul_i32 %2018:s[6], %991:s[17]
	 v1: %1088:v[7] = v_add3_u32 %1084:v[6], %1086:s[5], %1085:v[7]
	 s1: %1093:s[9] = s_mul_i32 %12:s[16], %2015:s[3]
	 s1: %2881:scc = s_cmp_lg_i32 %985:s[4], 0
	p_logical_end
	p_cbranch_z %2881:scc BB71, BB67
BB67
/* logical preds: BB66, / linear preds: BB66, / kind: uniform, */
	p_logical_start
	 s4: %1111:s[24-27] = s_load_dwordx4 %1091:s[10-11], 0 storage:buffer semantics:private,reorder
	 v1: %1096:v[7] = v_lshrrev_b32 2, %1088:v[7]
	 v1: %1097:v[7] = v_lshlrev_b32 4, %1096:v[7]
	 v4: %1098:v[8-11] = buffer_load_dwordx4 %1092:s[12-15], %1097:v[7], 0 offen storage:buffer semantics:private,reorder
	 v4: %1100:v[12-15] = buffer_load_dwordx4 %1092:s[12-15], %1097:v[7], 0 offset:16 offen storage:buffer semantics:private,reorder
	 v1: %1101:v[7] = v_add_u32 %1093:s[9], %1082:v[5]
	 v1: %1103:v[7] = v_lshrrev_b32 5, %1101:v[7]
	 v1: %1104:v[7] = v_add_u32 %1061:s[20], %1103:v[7]
	 v1: %2893:v[16] = v_lshlrev_b32 1, %1104:v[7]
	 v1: %1106:v[7] = v_lshl_add_u32 %1104:v[7], 5, %2893:v[16]
	 v1: %1107:v[17] = v_add_u32 2, %1106:v[7]
	 v1: %1108:v[18] = v_add_u32 %1107:v[17], %1084:v[6]
	 v1: %1109:v[17] = v_and_b32 -4, %1107:v[17]
	 v1: %1110:v[17] = v_add_u32 %1109:v[17], %1084:v[6]
	 v3: %1112:v[19-21] = buffer_load_dwordx3 %1111:s[24-27], %1110:v[17], 0 offen storage:buffer semantics:private,reorder
	 v2b: %1115:v[22][0:16] = buffer_load_short_d16 %1111:s[24-27], %1106:v[7], 0 offen storage:buffer semantics:private,reorder
	 s1: %3741:s[18] = p_parallelcopy %2881:scc
	 s1: %1102:s[21],  s1: %2892:scc = s_add_u32 %1093:s[9], %2015:s[3]
	 s1: %2938:scc = s_cmp_lt_u32 1, %985:s[4]
	 v1: %2884:v[8],  v1: %2885:v[9],  v1: %2886:v[10],  v1: %2887:v[11] = p_split_vector %1098:v[8-11]
	 v1: %2888:v[12],  v1: %2889:v[13],  v1: %2890:v[14],  v1: %2891:v[15] = p_split_vector %1100:v[12-15]
	 v1: %2899:v[19],  v1: %2900:v[20],  v1: %2901:v[21] = p_split_vector %1112:v[19-21]
	 v1: %1113:v[19] = v_alignbyte_b32 %2900:v[20], %2899:v[19], %1108:v[18]
	 v1: %1114:v[21] = v_alignbyte_b32 %2901:v[21], %2900:v[20], %1108:v[18]
	 v1: %1119:v[23] = v_cvt_f32_i32 %1113:v[19] dst_sel:dword src0_sel:sbyte3
	 v1: %1121:v[24] = v_cvt_f32_i32 %1113:v[19] dst_sel:dword src0_sel:sbyte2
	 v1: %1125:v[25] = v_cvt_f32_i32 %1113:v[19] dst_sel:dword src0_sel:sbyte1
	 v1: %1127:v[19] = v_cvt_f32_i32 %1113:v[19] dst_sel:dword src0_sel:sbyte0
	 v1: %1132:v[26] = v_cvt_f32_i32 %1114:v[21] dst_sel:dword src0_sel:sbyte3
	 v1: %1133:v[26] = v_mul_f32 %2891:v[15], %1132:v[26]
	 v1: %1134:v[27] = v_cvt_f32_i32 %1114:v[21] dst_sel:dword src0_sel:sbyte2
	 v1: %1136:v[26] = v_mac_f32 %2890:v[14], %1134:v[27], %1133:v[26]
	 v1: %1139:v[28] = v_cvt_f32_i32 %1114:v[21] dst_sel:dword src0_sel:sbyte1
	 v1: %1141:v[26] = v_mac_f32 %2889:v[13], %1139:v[28], %1136:v[26]
	 v1: %1142:v[21] = v_cvt_f32_i32 %1114:v[21] dst_sel:dword src0_sel:sbyte0
	 v1: %1144:v[26] = v_mac_f32 %2888:v[12], %1142:v[21], %1141:v[26]
	 v1: %1145:v[26] = v_mac_f32 %2886:v[10], %1121:v[24], %1144:v[26]
	 v1: %1146:v[26] = v_mac_f32 %2887:v[11], %1119:v[23], %1145:v[26]
	 v1: %1147:v[26] = v_mac_f32 %2885:v[9], %1125:v[25], %1146:v[26]
	 v1: %1148:v[26] = v_mac_f32 %2884:v[8], %1127:v[19], %1147:v[26]
	 v1: %1149:v[29] = v_cvt_f32_f16 %1115:v[22][0:16]
	 v1: %1151:v[1] = v_mac_f32 %1148:v[26], %1149:v[29], %1078:v[1]
	p_logical_end
	p_cbranch_z %2938:scc BB69, BB68
BB68
/* logical preds: BB67, / linear preds: BB67, / kind: uniform, */
	p_logical_start
	 v1: %1153:v[5] = v_add_u32 %1102:s[21], %1082:v[5]
	 v1: %1154:v[5] = v_lshrrev_b32 5, %1153:v[5]
	 v1: %1155:v[5] = v_add_u32 %1061:s[20], %1154:v[5]
	 v1: %2941:v[7] = v_lshlrev_b32 1, %1155:v[5]
	 v1: %1156:v[5] = v_lshl_add_u32 %1155:v[5], 5, %2941:v[7]
	 v1: %1157:v[16] = v_add_u32 2, %1156:v[5]
	 v1: %1158:v[17] = v_add_u32 %1157:v[16], %1084:v[6]
	 v1: %1159:v[16] = v_and_b32 -4, %1157:v[16]
	 v1: %1160:v[16] = v_add_u32 %1159:v[16], %1084:v[6]
	 v3: %1161:v[18-20] = buffer_load_dwordx3 %1111:s[24-27], %1160:v[16], 0 offen storage:buffer semantics:private,reorder
	 v2b: %1164:v[21][0:16] = buffer_load_short_d16 %1111:s[24-27], %1156:v[5], 0 offen storage:buffer semantics:private,reorder
	 v1: %2943:v[18],  v1: %2944:v[19],  v1: %2945:v[20] = p_split_vector %1161:v[18-20]
	 v1: %1162:v[18] = v_alignbyte_b32 %2944:v[19], %2943:v[18], %1158:v[17]
	 v1: %1163:v[20] = v_alignbyte_b32 %2945:v[20], %2944:v[19], %1158:v[17]
	 v1: %1168:v[22] = v_cvt_f32_i32 %1162:v[18] dst_sel:dword src0_sel:sbyte3
	 v1: %1170:v[23] = v_cvt_f32_i32 %1162:v[18] dst_sel:dword src0_sel:sbyte2
	 v1: %1174:v[24] = v_cvt_f32_i32 %1162:v[18] dst_sel:dword src0_sel:sbyte1
	 v1: %1176:v[18] = v_cvt_f32_i32 %1162:v[18] dst_sel:dword src0_sel:sbyte0
	 v1: %1181:v[25] = v_cvt_f32_i32 %1163:v[20] dst_sel:dword src0_sel:sbyte3
	 v1: %1182:v[15] = v_mul_f32 %2891:v[15], %1181:v[25]
	 v1: %1183:v[26] = v_cvt_f32_i32 %1163:v[20] dst_sel:dword src0_sel:sbyte2
	 v1: %1185:v[15] = v_mac_f32 %2890:v[14], %1183:v[26], %1182:v[15]
	 v1: %1188:v[27] = v_cvt_f32_i32 %1163:v[20] dst_sel:dword src0_sel:sbyte1
	 v1: %1190:v[15] = v_mac_f32 %2889:v[13], %1188:v[27], %1185:v[15]
	 v1: %1191:v[20] = v_cvt_f32_i32 %1163:v[20] dst_sel:dword src0_sel:sbyte0
	 v1: %1193:v[15] = v_mac_f32 %2888:v[12], %1191:v[20], %1190:v[15]
	 v1: %1194:v[15] = v_mac_f32 %2886:v[10], %1170:v[23], %1193:v[15]
	 v1: %1195:v[15] = v_mac_f32 %2887:v[11], %1168:v[22], %1194:v[15]
	 v1: %1196:v[15] = v_mac_f32 %2885:v[9], %1174:v[24], %1195:v[15]
	 v1: %1197:v[15] = v_mac_f32 %2884:v[8], %1176:v[18], %1196:v[15]
	 v1: %1198:v[28] = v_cvt_f32_f16 %1164:v[21][0:16]
	 v1: %1200:v[4] = v_mac_f32 %1197:v[15], %1198:v[28], %1077:v[4]
	p_logical_end
	p_branch BB70
BB69
/* logical preds: BB67, / linear preds: BB67, / kind: uniform, */
	p_logical_start
	p_logical_end
	p_branch BB70
BB70
/* logical preds: BB68, BB69, / linear preds: BB68, BB69, / kind: uniform, */
	 v1: %1201:v[4] = p_phi %1200:v[4], %1077:v[4]
	p_logical_start
	p_logical_end
	p_branch BB72
BB71
/* logical preds: BB66, / linear preds: BB66, / kind: uniform, */
	p_logical_start
	p_logical_end
	p_branch BB72
BB72
/* logical preds: BB70, BB71, / linear preds: BB70, BB71, / kind: uniform, */
	 s1: %3742:s[18] = p_linear_phi %3741:s[18], %2881:scc
	 v1: %1203:v[1] = p_phi %1151:v[1], %1078:v[1]
	 v1: %1202:v[4] = p_phi %1201:v[4], %1077:v[4]
	p_logical_start
	 s1: %1205:s[21],  s1: %2982:scc = s_add_u32 %1081:s[1], 0x200
	 v1: %1206:v[5] = v_add_u32 %1205:s[21], %1065:v[0]
	 v1: %1207:v[6] = v_and_b32 31, %1206:v[5]
	 v1: %1208:v[7] = v_sub_u32 %1206:v[5], %1207:v[6]
	 v1: %1210:v[7] = v_add3_u32 %1207:v[6], %1086:s[5], %1208:v[7]
	p_logical_end
	 s1: %3743:scc = p_parallelcopy %3742:s[18]
	p_cbranch_z %3743:scc BB77, BB73
BB73
/* logical preds: BB72, / linear preds: BB72, / kind: uniform, */
	p_logical_start
	 s4: %1226:s[24-27] = s_load_dwordx4 %1091:s[10-11], 0 storage:buffer semantics:private,reorder
	 v1: %1211:v[7] = v_lshrrev_b32 2, %1210:v[7]
	 v1: %1212:v[7] = v_lshlrev_b32 4, %1211:v[7]
	 v4: %1213:v[8-11] = buffer_load_dwordx4 %1092:s[12-15], %1212:v[7], 0 offen storage:buffer semantics:private,reorder
	 v4: %1215:v[12-15] = buffer_load_dwordx4 %1092:s[12-15], %1212:v[7], 0 offset:16 offen storage:buffer semantics:private,reorder
	 v1: %1216:v[7] = v_add_u32 %1093:s[9], %1206:v[5]
	 v1: %1218:v[7] = v_lshrrev_b32 5, %1216:v[7]
	 v1: %1219:v[7] = v_add_u32 %1061:s[20], %1218:v[7]
	 v1: %2994:v[16] = v_lshlrev_b32 1, %1219:v[7]
	 v1: %1221:v[7] = v_lshl_add_u32 %1219:v[7], 5, %2994:v[16]
	 v1: %1222:v[17] = v_add_u32 2, %1221:v[7]
	 v1: %1223:v[18] = v_add_u32 %1222:v[17], %1207:v[6]
	 v1: %1224:v[17] = v_and_b32 -4, %1222:v[17]
	 v1: %1225:v[17] = v_add_u32 %1224:v[17], %1207:v[6]
	 v3: %1227:v[19-21] = buffer_load_dwordx3 %1226:s[24-27], %1225:v[17], 0 offen storage:buffer semantics:private,reorder
	 v2b: %1230:v[22][0:16] = buffer_load_short_d16 %1226:s[24-27], %1221:v[7], 0 offen storage:buffer semantics:private,reorder
	 s1: %3744:s[18] = p_parallelcopy %3743:scc
	 s1: %1217:s[21],  s1: %2993:scc = s_add_u32 %1093:s[9], %2015:s[3]
	 s1: %3039:scc = s_cmp_lt_u32 1, %985:s[4]
	 v1: %2985:v[8],  v1: %2986:v[9],  v1: %2987:v[10],  v1: %2988:v[11] = p_split_vector %1213:v[8-11]
	 v1: %2989:v[12],  v1: %2990:v[13],  v1: %2991:v[14],  v1: %2992:v[15] = p_split_vector %1215:v[12-15]
	 v1: %3000:v[19],  v1: %3001:v[20],  v1: %3002:v[21] = p_split_vector %1227:v[19-21]
	 v1: %1228:v[19] = v_alignbyte_b32 %3001:v[20], %3000:v[19], %1223:v[18]
	 v1: %1229:v[21] = v_alignbyte_b32 %3002:v[21], %3001:v[20], %1223:v[18]
	 v1: %1234:v[23] = v_cvt_f32_i32 %1228:v[19] dst_sel:dword src0_sel:sbyte3
	 v1: %1236:v[24] = v_cvt_f32_i32 %1228:v[19] dst_sel:dword src0_sel:sbyte2
	 v1: %1240:v[25] = v_cvt_f32_i32 %1228:v[19] dst_sel:dword src0_sel:sbyte1
	 v1: %1242:v[19] = v_cvt_f32_i32 %1228:v[19] dst_sel:dword src0_sel:sbyte0
	 v1: %1247:v[26] = v_cvt_f32_i32 %1229:v[21] dst_sel:dword src0_sel:sbyte3
	 v1: %1248:v[26] = v_mul_f32 %2992:v[15], %1247:v[26]
	 v1: %1249:v[27] = v_cvt_f32_i32 %1229:v[21] dst_sel:dword src0_sel:sbyte2
	 v1: %1251:v[26] = v_mac_f32 %2991:v[14], %1249:v[27], %1248:v[26]
	 v1: %1254:v[28] = v_cvt_f32_i32 %1229:v[21] dst_sel:dword src0_sel:sbyte1
	 v1: %1256:v[26] = v_mac_f32 %2990:v[13], %1254:v[28], %1251:v[26]
	 v1: %1257:v[21] = v_cvt_f32_i32 %1229:v[21] dst_sel:dword src0_sel:sbyte0
	 v1: %1259:v[26] = v_mac_f32 %2989:v[12], %1257:v[21], %1256:v[26]
	 v1: %1260:v[26] = v_mac_f32 %2987:v[10], %1236:v[24], %1259:v[26]
	 v1: %1261:v[26] = v_mac_f32 %2988:v[11], %1234:v[23], %1260:v[26]
	 v1: %1262:v[26] = v_mac_f32 %2986:v[9], %1240:v[25], %1261:v[26]
	 v1: %1263:v[26] = v_mac_f32 %2985:v[8], %1242:v[19], %1262:v[26]
	 v1: %1264:v[29] = v_cvt_f32_f16 %1230:v[22][0:16]
	 v1: %1266:v[1] = v_mac_f32 %1263:v[26], %1264:v[29], %1203:v[1]
	p_logical_end
	p_cbranch_z %3039:scc BB75, BB74
BB74
/* logical preds: BB73, / linear preds: BB73, / kind: uniform, */
	p_logical_start
	 v1: %1268:v[5] = v_add_u32 %1217:s[21], %1206:v[5]
	 v1: %1269:v[5] = v_lshrrev_b32 5, %1268:v[5]
	 v1: %1270:v[5] = v_add_u32 %1061:s[20], %1269:v[5]
	 v1: %3042:v[7] = v_lshlrev_b32 1, %1270:v[5]
	 v1: %1271:v[5] = v_lshl_add_u32 %1270:v[5], 5, %3042:v[7]
	 v1: %1272:v[16] = v_add_u32 2, %1271:v[5]
	 v1: %1273:v[17] = v_add_u32 %1272:v[16], %1207:v[6]
	 v1: %1274:v[16] = v_and_b32 -4, %1272:v[16]
	 v1: %1275:v[16] = v_add_u32 %1274:v[16], %1207:v[6]
	 v3: %1276:v[18-20] = buffer_load_dwordx3 %1226:s[24-27], %1275:v[16], 0 offen storage:buffer semantics:private,reorder
	 v2b: %1279:v[21][0:16] = buffer_load_short_d16 %1226:s[24-27], %1271:v[5], 0 offen storage:buffer semantics:private,reorder
	 v1: %3044:v[18],  v1: %3045:v[19],  v1: %3046:v[20] = p_split_vector %1276:v[18-20]
	 v1: %1277:v[18] = v_alignbyte_b32 %3045:v[19], %3044:v[18], %1273:v[17]
	 v1: %1278:v[20] = v_alignbyte_b32 %3046:v[20], %3045:v[19], %1273:v[17]
	 v1: %1283:v[22] = v_cvt_f32_i32 %1277:v[18] dst_sel:dword src0_sel:sbyte3
	 v1: %1285:v[23] = v_cvt_f32_i32 %1277:v[18] dst_sel:dword src0_sel:sbyte2
	 v1: %1289:v[24] = v_cvt_f32_i32 %1277:v[18] dst_sel:dword src0_sel:sbyte1
	 v1: %1291:v[18] = v_cvt_f32_i32 %1277:v[18] dst_sel:dword src0_sel:sbyte0
	 v1: %1296:v[25] = v_cvt_f32_i32 %1278:v[20] dst_sel:dword src0_sel:sbyte3
	 v1: %1297:v[15] = v_mul_f32 %2992:v[15], %1296:v[25]
	 v1: %1298:v[26] = v_cvt_f32_i32 %1278:v[20] dst_sel:dword src0_sel:sbyte2
	 v1: %1300:v[15] = v_mac_f32 %2991:v[14], %1298:v[26], %1297:v[15]
	 v1: %1303:v[27] = v_cvt_f32_i32 %1278:v[20] dst_sel:dword src0_sel:sbyte1
	 v1: %1305:v[15] = v_mac_f32 %2990:v[13], %1303:v[27], %1300:v[15]
	 v1: %1306:v[20] = v_cvt_f32_i32 %1278:v[20] dst_sel:dword src0_sel:sbyte0
	 v1: %1308:v[15] = v_mac_f32 %2989:v[12], %1306:v[20], %1305:v[15]
	 v1: %1309:v[15] = v_mac_f32 %2987:v[10], %1285:v[23], %1308:v[15]
	 v1: %1310:v[15] = v_mac_f32 %2988:v[11], %1283:v[22], %1309:v[15]
	 v1: %1311:v[15] = v_mac_f32 %2986:v[9], %1289:v[24], %1310:v[15]
	 v1: %1312:v[15] = v_mac_f32 %2985:v[8], %1291:v[18], %1311:v[15]
	 v1: %1313:v[28] = v_cvt_f32_f16 %1279:v[21][0:16]
	 v1: %1315:v[4] = v_mac_f32 %1312:v[15], %1313:v[28], %1202:v[4]
	p_logical_end
	p_branch BB76
BB75
/* logical preds: BB73, / linear preds: BB73, / kind: uniform, */
	p_logical_start
	p_logical_end
	p_branch BB76
BB76
/* logical preds: BB74, BB75, / linear preds: BB74, BB75, / kind: uniform, */
	 v1: %1316:v[4] = p_phi %1315:v[4], %1202:v[4]
	p_logical_start
	p_logical_end
	p_branch BB78
BB77
/* logical preds: BB72, / linear preds: BB72, / kind: uniform, */
	p_logical_start
	p_logical_end
	p_branch BB78
BB78
/* logical preds: BB76, BB77, / linear preds: BB76, BB77, / kind: uniform, */
	 s1: %3745:s[18] = p_linear_phi %3744:s[18], %3743:scc
	 v1: %1318:v[1] = p_phi %1266:v[1], %1203:v[1]
	 v1: %1317:v[4] = p_phi %1316:v[4], %1202:v[4]
	p_logical_start
	 s1: %1320:s[21],  s1: %3083:scc = s_add_u32 0x400, %1081:s[1]
	 v1: %1321:v[5] = v_add_u32 %1320:s[21], %1065:v[0]
	 v1: %1322:v[6] = v_and_b32 31, %1321:v[5]
	 v1: %1323:v[7] = v_sub_u32 %1321:v[5], %1322:v[6]
	 v1: %1325:v[7] = v_add3_u32 %1322:v[6], %1086:s[5], %1323:v[7]
	p_logical_end
	 s1: %3746:scc = p_parallelcopy %3745:s[18]
	p_cbranch_z %3746:scc BB83, BB79
BB79
/* logical preds: BB78, / linear preds: BB78, / kind: uniform, */
	p_logical_start
	 s4: %1341:s[24-27] = s_load_dwordx4 %1091:s[10-11], 0 storage:buffer semantics:private,reorder
	 v1: %1326:v[7] = v_lshrrev_b32 2, %1325:v[7]
	 v1: %1327:v[7] = v_lshlrev_b32 4, %1326:v[7]
	 v4: %1328:v[8-11] = buffer_load_dwordx4 %1092:s[12-15], %1327:v[7], 0 offen storage:buffer semantics:private,reorder
	 v4: %1330:v[12-15] = buffer_load_dwordx4 %1092:s[12-15], %1327:v[7], 0 offset:16 offen storage:buffer semantics:private,reorder
	 v1: %1331:v[7] = v_add_u32 %1093:s[9], %1321:v[5]
	 v1: %1333:v[7] = v_lshrrev_b32 5, %1331:v[7]
	 v1: %1334:v[7] = v_add_u32 %1061:s[20], %1333:v[7]
	 v1: %3095:v[16] = v_lshlrev_b32 1, %1334:v[7]
	 v1: %1336:v[7] = v_lshl_add_u32 %1334:v[7], 5, %3095:v[16]
	 v1: %1337:v[17] = v_add_u32 2, %1336:v[7]
	 v1: %1338:v[18] = v_add_u32 %1337:v[17], %1322:v[6]
	 v1: %1339:v[17] = v_and_b32 -4, %1337:v[17]
	 v1: %1340:v[17] = v_add_u32 %1339:v[17], %1322:v[6]
	 v3: %1342:v[19-21] = buffer_load_dwordx3 %1341:s[24-27], %1340:v[17], 0 offen storage:buffer semantics:private,reorder
	 v2b: %1345:v[22][0:16] = buffer_load_short_d16 %1341:s[24-27], %1336:v[7], 0 offen storage:buffer semantics:private,reorder
	 s1: %3747:s[18] = p_parallelcopy %3746:scc
	 s1: %1332:s[21],  s1: %3094:scc = s_add_u32 %1093:s[9], %2015:s[3]
	 s1: %3140:scc = s_cmp_lt_u32 1, %985:s[4]
	 v1: %3086:v[8],  v1: %3087:v[9],  v1: %3088:v[10],  v1: %3089:v[11] = p_split_vector %1328:v[8-11]
	 v1: %3090:v[12],  v1: %3091:v[13],  v1: %3092:v[14],  v1: %3093:v[15] = p_split_vector %1330:v[12-15]
	 v1: %3101:v[19],  v1: %3102:v[20],  v1: %3103:v[21] = p_split_vector %1342:v[19-21]
	 v1: %1343:v[19] = v_alignbyte_b32 %3102:v[20], %3101:v[19], %1338:v[18]
	 v1: %1344:v[21] = v_alignbyte_b32 %3103:v[21], %3102:v[20], %1338:v[18]
	 v1: %1349:v[23] = v_cvt_f32_i32 %1343:v[19] dst_sel:dword src0_sel:sbyte3
	 v1: %1351:v[24] = v_cvt_f32_i32 %1343:v[19] dst_sel:dword src0_sel:sbyte2
	 v1: %1355:v[25] = v_cvt_f32_i32 %1343:v[19] dst_sel:dword src0_sel:sbyte1
	 v1: %1357:v[19] = v_cvt_f32_i32 %1343:v[19] dst_sel:dword src0_sel:sbyte0
	 v1: %1362:v[26] = v_cvt_f32_i32 %1344:v[21] dst_sel:dword src0_sel:sbyte3
	 v1: %1363:v[26] = v_mul_f32 %3093:v[15], %1362:v[26]
	 v1: %1364:v[27] = v_cvt_f32_i32 %1344:v[21] dst_sel:dword src0_sel:sbyte2
	 v1: %1366:v[26] = v_mac_f32 %3092:v[14], %1364:v[27], %1363:v[26]
	 v1: %1369:v[28] = v_cvt_f32_i32 %1344:v[21] dst_sel:dword src0_sel:sbyte1
	 v1: %1371:v[26] = v_mac_f32 %3091:v[13], %1369:v[28], %1366:v[26]
	 v1: %1372:v[21] = v_cvt_f32_i32 %1344:v[21] dst_sel:dword src0_sel:sbyte0
	 v1: %1374:v[26] = v_mac_f32 %3090:v[12], %1372:v[21], %1371:v[26]
	 v1: %1375:v[26] = v_mac_f32 %3088:v[10], %1351:v[24], %1374:v[26]
	 v1: %1376:v[26] = v_mac_f32 %3089:v[11], %1349:v[23], %1375:v[26]
	 v1: %1377:v[26] = v_mac_f32 %3087:v[9], %1355:v[25], %1376:v[26]
	 v1: %1378:v[26] = v_mac_f32 %3086:v[8], %1357:v[19], %1377:v[26]
	 v1: %1379:v[29] = v_cvt_f32_f16 %1345:v[22][0:16]
	 v1: %1381:v[1] = v_mac_f32 %1378:v[26], %1379:v[29], %1318:v[1]
	p_logical_end
	p_cbranch_z %3140:scc BB81, BB80
BB80
/* logical preds: BB79, / linear preds: BB79, / kind: uniform, */
	p_logical_start
	 v1: %1383:v[5] = v_add_u32 %1332:s[21], %1321:v[5]
	 v1: %1384:v[5] = v_lshrrev_b32 5, %1383:v[5]
	 v1: %1385:v[5] = v_add_u32 %1061:s[20], %1384:v[5]
	 v1: %3143:v[7] = v_lshlrev_b32 1, %1385:v[5]
	 v1: %1386:v[5] = v_lshl_add_u32 %1385:v[5], 5, %3143:v[7]
	 v1: %1387:v[16] = v_add_u32 2, %1386:v[5]
	 v1: %1388:v[17] = v_add_u32 %1387:v[16], %1322:v[6]
	 v1: %1389:v[16] = v_and_b32 -4, %1387:v[16]
	 v1: %1390:v[16] = v_add_u32 %1389:v[16], %1322:v[6]
	 v3: %1391:v[18-20] = buffer_load_dwordx3 %1341:s[24-27], %1390:v[16], 0 offen storage:buffer semantics:private,reorder
	 v2b: %1394:v[21][0:16] = buffer_load_short_d16 %1341:s[24-27], %1386:v[5], 0 offen storage:buffer semantics:private,reorder
	 v1: %3145:v[18],  v1: %3146:v[19],  v1: %3147:v[20] = p_split_vector %1391:v[18-20]
	 v1: %1392:v[18] = v_alignbyte_b32 %3146:v[19], %3145:v[18], %1388:v[17]
	 v1: %1393:v[20] = v_alignbyte_b32 %3147:v[20], %3146:v[19], %1388:v[17]
	 v1: %1398:v[22] = v_cvt_f32_i32 %1392:v[18] dst_sel:dword src0_sel:sbyte3
	 v1: %1400:v[23] = v_cvt_f32_i32 %1392:v[18] dst_sel:dword src0_sel:sbyte2
	 v1: %1404:v[24] = v_cvt_f32_i32 %1392:v[18] dst_sel:dword src0_sel:sbyte1
	 v1: %1406:v[18] = v_cvt_f32_i32 %1392:v[18] dst_sel:dword src0_sel:sbyte0
	 v1: %1411:v[25] = v_cvt_f32_i32 %1393:v[20] dst_sel:dword src0_sel:sbyte3
	 v1: %1412:v[15] = v_mul_f32 %3093:v[15], %1411:v[25]
	 v1: %1413:v[26] = v_cvt_f32_i32 %1393:v[20] dst_sel:dword src0_sel:sbyte2
	 v1: %1415:v[15] = v_mac_f32 %3092:v[14], %1413:v[26], %1412:v[15]
	 v1: %1418:v[27] = v_cvt_f32_i32 %1393:v[20] dst_sel:dword src0_sel:sbyte1
	 v1: %1420:v[15] = v_mac_f32 %3091:v[13], %1418:v[27], %1415:v[15]
	 v1: %1421:v[20] = v_cvt_f32_i32 %1393:v[20] dst_sel:dword src0_sel:sbyte0
	 v1: %1423:v[15] = v_mac_f32 %3090:v[12], %1421:v[20], %1420:v[15]
	 v1: %1424:v[15] = v_mac_f32 %3088:v[10], %1400:v[23], %1423:v[15]
	 v1: %1425:v[15] = v_mac_f32 %3089:v[11], %1398:v[22], %1424:v[15]
	 v1: %1426:v[15] = v_mac_f32 %3087:v[9], %1404:v[24], %1425:v[15]
	 v1: %1427:v[15] = v_mac_f32 %3086:v[8], %1406:v[18], %1426:v[15]
	 v1: %1428:v[28] = v_cvt_f32_f16 %1394:v[21][0:16]
	 v1: %1430:v[4] = v_mac_f32 %1427:v[15], %1428:v[28], %1317:v[4]
	p_logical_end
	p_branch BB82
BB81
/* logical preds: BB79, / linear preds: BB79, / kind: uniform, */
	p_logical_start
	p_logical_end
	p_branch BB82
BB82
/* logical preds: BB80, BB81, / linear preds: BB80, BB81, / kind: uniform, */
	 v1: %1431:v[4] = p_phi %1430:v[4], %1317:v[4]
	p_logical_start
	p_logical_end
	p_branch BB84
BB83
/* logical preds: BB78, / linear preds: BB78, / kind: uniform, */
	p_logical_start
	p_logical_end
	p_branch BB84
BB84
/* logical preds: BB82, BB83, / linear preds: BB82, BB83, / kind: uniform, */
	 s1: %3748:s[18] = p_linear_phi %3747:s[18], %3746:scc
	 v1: %1433:v[1] = p_phi %1381:v[1], %1318:v[1]
	 v1: %1432:v[4] = p_phi %1431:v[4], %1317:v[4]
	p_logical_start
	 s1: %1435:s[1],  s1: %3184:scc = s_addk_i32 %1081:s[1] imm:1536
	 v1: %1436:v[5] = v_add_u32 %1435:s[1], %1065:v[0]
	 v1: %1437:v[6] = v_and_b32 31, %1436:v[5]
	 v1: %1438:v[7] = v_sub_u32 %1436:v[5], %1437:v[6]
	 v1: %1440:v[7] = v_add3_u32 %1437:v[6], %1086:s[5], %1438:v[7]
	p_logical_end
	 s1: %3749:scc = p_parallelcopy %3748:s[18]
	p_cbranch_z %3749:scc BB89, BB85
BB85
/* logical preds: BB84, / linear preds: BB84, / kind: uniform, */
	p_logical_start
	 s4: %1456:s[24-27] = s_load_dwordx4 %1091:s[10-11], 0 storage:buffer semantics:private,reorder
	 v1: %1441:v[7] = v_lshrrev_b32 2, %1440:v[7]
	 v1: %1442:v[7] = v_lshlrev_b32 4, %1441:v[7]
	 v4: %1443:v[8-11] = buffer_load_dwordx4 %1092:s[12-15], %1442:v[7], 0 offen storage:buffer semantics:private,reorder
	 v4: %1445:v[12-15] = buffer_load_dwordx4 %1092:s[12-15], %1442:v[7], 0 offset:16 offen storage:buffer semantics:private,reorder
	 v1: %1446:v[7] = v_add_u32 %1093:s[9], %1436:v[5]
	 v1: %1448:v[7] = v_lshrrev_b32 5, %1446:v[7]
	 v1: %1449:v[7] = v_add_u32 %1061:s[20], %1448:v[7]
	 v1: %3196:v[16] = v_lshlrev_b32 1, %1449:v[7]
	 v1: %1451:v[7] = v_lshl_add_u32 %1449:v[7], 5, %3196:v[16]
	 v1: %1452:v[17] = v_add_u32 2, %1451:v[7]
	 v1: %1453:v[18] = v_add_u32 %1452:v[17], %1437:v[6]
	 v1: %1454:v[17] = v_and_b32 -4, %1452:v[17]
	 v1: %1455:v[17] = v_add_u32 %1454:v[17], %1437:v[6]
	 v3: %1457:v[19-21] = buffer_load_dwordx3 %1456:s[24-27], %1455:v[17], 0 offen storage:buffer semantics:private,reorder
	 v2b: %1460:v[22][0:16] = buffer_load_short_d16 %1456:s[24-27], %1451:v[7], 0 offen storage:buffer semantics:private,reorder
	 s1: %1447:s[9],  s1: %3195:scc = s_add_u32 %1093:s[9], %2015:s[3]
	 s1: %3241:scc = s_cmp_lt_u32 1, %985:s[4]
	 v1: %3187:v[8],  v1: %3188:v[9],  v1: %3189:v[10],  v1: %3190:v[11] = p_split_vector %1443:v[8-11]
	 v1: %3191:v[12],  v1: %3192:v[13],  v1: %3193:v[14],  v1: %3194:v[15] = p_split_vector %1445:v[12-15]
	 v1: %3202:v[19],  v1: %3203:v[20],  v1: %3204:v[21] = p_split_vector %1457:v[19-21]
	 v1: %1458:v[19] = v_alignbyte_b32 %3203:v[20], %3202:v[19], %1453:v[18]
	 v1: %1459:v[21] = v_alignbyte_b32 %3204:v[21], %3203:v[20], %1453:v[18]
	 v1: %1464:v[23] = v_cvt_f32_i32 %1458:v[19] dst_sel:dword src0_sel:sbyte3
	 v1: %1466:v[24] = v_cvt_f32_i32 %1458:v[19] dst_sel:dword src0_sel:sbyte2
	 v1: %1470:v[25] = v_cvt_f32_i32 %1458:v[19] dst_sel:dword src0_sel:sbyte1
	 v1: %1472:v[19] = v_cvt_f32_i32 %1458:v[19] dst_sel:dword src0_sel:sbyte0
	 v1: %1477:v[26] = v_cvt_f32_i32 %1459:v[21] dst_sel:dword src0_sel:sbyte3
	 v1: %1478:v[26] = v_mul_f32 %3194:v[15], %1477:v[26]
	 v1: %1479:v[27] = v_cvt_f32_i32 %1459:v[21] dst_sel:dword src0_sel:sbyte2
	 v1: %1481:v[26] = v_mac_f32 %3193:v[14], %1479:v[27], %1478:v[26]
	 v1: %1484:v[28] = v_cvt_f32_i32 %1459:v[21] dst_sel:dword src0_sel:sbyte1
	 v1: %1486:v[26] = v_mac_f32 %3192:v[13], %1484:v[28], %1481:v[26]
	 v1: %1487:v[21] = v_cvt_f32_i32 %1459:v[21] dst_sel:dword src0_sel:sbyte0
	 v1: %1489:v[26] = v_mac_f32 %3191:v[12], %1487:v[21], %1486:v[26]
	 v1: %1490:v[26] = v_mac_f32 %3189:v[10], %1466:v[24], %1489:v[26]
	 v1: %1491:v[26] = v_mac_f32 %3190:v[11], %1464:v[23], %1490:v[26]
	 v1: %1492:v[26] = v_mac_f32 %3188:v[9], %1470:v[25], %1491:v[26]
	 v1: %1493:v[26] = v_mac_f32 %3187:v[8], %1472:v[19], %1492:v[26]
	 v1: %1494:v[29] = v_cvt_f32_f16 %1460:v[22][0:16]
	 v1: %1496:v[1] = v_mac_f32 %1493:v[26], %1494:v[29], %1433:v[1]
	p_logical_end
	p_cbranch_z %3241:scc BB87, BB86
BB86
/* logical preds: BB85, / linear preds: BB85, / kind: uniform, */
	p_logical_start
	 v1: %1498:v[5] = v_add_u32 %1447:s[9], %1436:v[5]
	 v1: %1499:v[5] = v_lshrrev_b32 5, %1498:v[5]
	 v1: %1500:v[5] = v_add_u32 %1061:s[20], %1499:v[5]
	 v1: %3244:v[7] = v_lshlrev_b32 1, %1500:v[5]
	 v1: %1501:v[5] = v_lshl_add_u32 %1500:v[5], 5, %3244:v[7]
	 v1: %1502:v[16] = v_add_u32 2, %1501:v[5]
	 v1: %1503:v[17] = v_add_u32 %1502:v[16], %1437:v[6]
	 v1: %1504:v[16] = v_and_b32 -4, %1502:v[16]
	 v1: %1505:v[16] = v_add_u32 %1504:v[16], %1437:v[6]
	 v3: %1506:v[18-20] = buffer_load_dwordx3 %1456:s[24-27], %1505:v[16], 0 offen storage:buffer semantics:private,reorder
	 v2b: %1509:v[21][0:16] = buffer_load_short_d16 %1456:s[24-27], %1501:v[5], 0 offen storage:buffer semantics:private,reorder
	 v1: %3246:v[18],  v1: %3247:v[19],  v1: %3248:v[20] = p_split_vector %1506:v[18-20]
	 v1: %1507:v[18] = v_alignbyte_b32 %3247:v[19], %3246:v[18], %1503:v[17]
	 v1: %1508:v[20] = v_alignbyte_b32 %3248:v[20], %3247:v[19], %1503:v[17]
	 v1: %1513:v[22] = v_cvt_f32_i32 %1507:v[18] dst_sel:dword src0_sel:sbyte3
	 v1: %1515:v[23] = v_cvt_f32_i32 %1507:v[18] dst_sel:dword src0_sel:sbyte2
	 v1: %1519:v[24] = v_cvt_f32_i32 %1507:v[18] dst_sel:dword src0_sel:sbyte1
	 v1: %1521:v[18] = v_cvt_f32_i32 %1507:v[18] dst_sel:dword src0_sel:sbyte0
	 v1: %1526:v[25] = v_cvt_f32_i32 %1508:v[20] dst_sel:dword src0_sel:sbyte3
	 v1: %1527:v[15] = v_mul_f32 %3194:v[15], %1526:v[25]
	 v1: %1528:v[26] = v_cvt_f32_i32 %1508:v[20] dst_sel:dword src0_sel:sbyte2
	 v1: %1530:v[15] = v_mac_f32 %3193:v[14], %1528:v[26], %1527:v[15]
	 v1: %1533:v[27] = v_cvt_f32_i32 %1508:v[20] dst_sel:dword src0_sel:sbyte1
	 v1: %1535:v[15] = v_mac_f32 %3192:v[13], %1533:v[27], %1530:v[15]
	 v1: %1536:v[20] = v_cvt_f32_i32 %1508:v[20] dst_sel:dword src0_sel:sbyte0
	 v1: %1538:v[15] = v_mac_f32 %3191:v[12], %1536:v[20], %1535:v[15]
	 v1: %1539:v[15] = v_mac_f32 %3189:v[10], %1515:v[23], %1538:v[15]
	 v1: %1540:v[15] = v_mac_f32 %3190:v[11], %1513:v[22], %1539:v[15]
	 v1: %1541:v[15] = v_mac_f32 %3188:v[9], %1519:v[24], %1540:v[15]
	 v1: %1542:v[15] = v_mac_f32 %3187:v[8], %1521:v[18], %1541:v[15]
	 v1: %1543:v[28] = v_cvt_f32_f16 %1509:v[21][0:16]
	 v1: %1545:v[4] = v_mac_f32 %1542:v[15], %1543:v[28], %1432:v[4]
	p_logical_end
	p_branch BB88
BB87
/* logical preds: BB85, / linear preds: BB85, / kind: uniform, */
	p_logical_start
	p_logical_end
	p_branch BB88
BB88
/* logical preds: BB86, BB87, / linear preds: BB86, BB87, / kind: uniform, */
	 v1: %1546:v[4] = p_phi %1545:v[4], %1432:v[4]
	p_logical_start
	p_logical_end
	p_branch BB90
BB89
/* logical preds: BB84, / linear preds: BB84, / kind: uniform, */
	p_logical_start
	p_logical_end
	p_branch BB90
BB90
/* logical preds: BB88, BB89, / linear preds: BB88, BB89, / kind: uniform, */
	 v1: %1548:v[1] = p_phi %1496:v[1], %1433:v[1]
	 v1: %1547:v[4] = p_phi %1546:v[4], %1432:v[4]
	p_logical_start
	 s1: %1549:s[0],  s1: %3285:scc = s_add_u32 4, %1079:s[0]
	p_logical_end
	p_branch BB61
BB91
/* logical preds: BB62, / linear preds: BB63, / kind: uniform, loop-preheader, loop-exit, */
	 v1: %1552:v[3] = p_phi %1079:s[0]
	 v1: %1551:v[1] = p_phi %1078:v[1]
	 v1: %1550:v[4] = p_phi %1077:v[4]
	 s2: %0:exec = p_parallelcopy -1
	p_logical_start
	 v1: %1554:v[5] = v_and_b32 -2, %1073:v[2]
	p_logical_end
	p_branch BB92
BB92
/* logical preds: BB91, BB109, / linear preds: BB91, BB109, / kind: loop-header, branch, */
	 v1: %1557:v[3] = p_phi %1552:v[3], %1797:v[3]
	 v1: %1556:v[1] = p_phi %1551:v[1], %1796:v[1]
	 v1: %1555:v[4] = p_phi %1550:v[4], %1795:v[4]
	p_logical_start
	 s2: %1558:vcc = v_cmp_ge_u32 %1557:v[3], %1554:v[5]
	p_logical_end
	 s2: %3689:s[0-1],  s1: %3688:scc,  s2: %0:exec = s_and_saveexec_b64 %1558:vcc, %0:exec
	p_cbranch_z %0:exec BB96, BB93
BB93
/* logical preds: BB92, / linear preds: BB92, / kind: break, */
	p_logical_start
	p_logical_end
	 s2: %3691:s[0-1],  s1: %3690:scc = s_andn2_b64 %3689:s[0-1], %0:exec
	p_cbranch_nz %3690:scc BB95, BB94
BB94
/* logical preds: / linear preds: BB93, / kind: uniform, */
	p_branch BB110
BB95
/* logical preds: / linear preds: BB93, / kind: uniform, */
	p_branch BB97
BB96
/* logical preds: / linear preds: BB92, / kind: uniform, */
	p_branch BB97
BB97
/* logical preds: BB92, / linear preds: BB95, BB96, / kind: uniform, merge, */
	 s2: %3692:s[0-1] = p_linear_phi %3691:s[0-1], %3689:s[0-1]
	 s2: %0:exec = p_parallelcopy %3692:s[0-1]
	p_logical_start
	 s2: %1569:s[0-1] = p_create_vector %2014:s[2], 0xffff8000
	 s4: %1570:s[12-15] = s_load_dwordx4 %1569:s[0-1], 16 storage:buffer semantics:private,reorder
	 v1: %1560:v[6] = v_lshl_add_u32 %1557:v[3], 9, %1065:v[0]
	 v1: %1562:v[7] = v_and_b32 31, %1560:v[6]
	 v1: %1563:v[8] = v_sub_u32 %1560:v[6], %1562:v[7]
	 s1: %1564:s[5] = s_mul_i32 %2018:s[6], %991:s[17]
	 v1: %1566:v[8] = v_add3_u32 %1562:v[7], %1564:s[5], %1563:v[8]
	 s1: %1571:s[9] = s_mul_i32 %12:s[16], %2015:s[3]
	 s1: %3290:scc = s_cmp_lg_i32 %985:s[4], 0
	p_logical_end
	p_cbranch_z %3290:scc BB102, BB98
BB98
/* logical preds: BB97, / linear preds: BB97, / kind: uniform, */
	p_logical_start
	 s4: %1589:s[24-27] = s_load_dwordx4 %1569:s[0-1], 0 storage:buffer semantics:private,reorder
	 v1: %1574:v[8] = v_lshrrev_b32 2, %1566:v[8]
	 v1: %1575:v[8] = v_lshlrev_b32 4, %1574:v[8]
	 v4: %1576:v[12-15] = buffer_load_dwordx4 %1570:s[12-15], %1575:v[8], 0 offen storage:buffer semantics:private,reorder
	 v4: %1578:v[8-11] = buffer_load_dwordx4 %1570:s[12-15], %1575:v[8], 0 offset:16 offen storage:buffer semantics:private,reorder
	 v1: %1579:v[16] = v_add_u32 %1571:s[9], %1560:v[6]
	 v1: %1581:v[16] = v_lshrrev_b32 5, %1579:v[16]
	 v1: %1582:v[16] = v_add_u32 %1061:s[20], %1581:v[16]
	 v1: %3302:v[17] = v_lshlrev_b32 1, %1582:v[16]
	 v1: %1584:v[16] = v_lshl_add_u32 %1582:v[16], 5, %3302:v[17]
	 v1: %1585:v[18] = v_add_u32 2, %1584:v[16]
	 v1: %1586:v[19] = v_add_u32 %1585:v[18], %1562:v[7]
	 v1: %1587:v[18] = v_and_b32 -4, %1585:v[18]
	 v1: %1588:v[18] = v_add_u32 %1587:v[18], %1562:v[7]
	 v3: %1590:v[20-22] = buffer_load_dwordx3 %1589:s[24-27], %1588:v[18], 0 offen storage:buffer semantics:private,reorder
	 v2b: %1593:v[23][0:16] = buffer_load_short_d16 %1589:s[24-27], %1584:v[16], 0 offen storage:buffer semantics:private,reorder
	 s1: %3750:s[10] = p_parallelcopy %3290:scc
	 s1: %1580:s[11],  s1: %3301:scc = s_add_u32 %1571:s[9], %2015:s[3]
	 s1: %3347:scc = s_cmp_lt_u32 1, %985:s[4]
	 v1: %3293:v[12],  v1: %3294:v[13],  v1: %3295:v[14],  v1: %3296:v[15] = p_split_vector %1576:v[12-15]
	 v1: %3297:v[8],  v1: %3298:v[9],  v1: %3299:v[10],  v1: %3300:v[11] = p_split_vector %1578:v[8-11]
	 v1: %3308:v[20],  v1: %3309:v[21],  v1: %3310:v[22] = p_split_vector %1590:v[20-22]
	 v1: %1591:v[20] = v_alignbyte_b32 %3309:v[21], %3308:v[20], %1586:v[19]
	 v1: %1592:v[22] = v_alignbyte_b32 %3310:v[22], %3309:v[21], %1586:v[19]
	 v1: %1597:v[24] = v_cvt_f32_i32 %1591:v[20] dst_sel:dword src0_sel:sbyte3
	 v1: %1599:v[25] = v_cvt_f32_i32 %1591:v[20] dst_sel:dword src0_sel:sbyte2
	 v1: %1603:v[26] = v_cvt_f32_i32 %1591:v[20] dst_sel:dword src0_sel:sbyte1
	 v1: %1605:v[20] = v_cvt_f32_i32 %1591:v[20] dst_sel:dword src0_sel:sbyte0
	 v1: %1610:v[27] = v_cvt_f32_i32 %1592:v[22] dst_sel:dword src0_sel:sbyte3
	 v1: %1611:v[27] = v_mul_f32 %3300:v[11], %1610:v[27]
	 v1: %1612:v[28] = v_cvt_f32_i32 %1592:v[22] dst_sel:dword src0_sel:sbyte2
	 v1: %1614:v[27] = v_mac_f32 %3299:v[10], %1612:v[28], %1611:v[27]
	 v1: %1617:v[29] = v_cvt_f32_i32 %1592:v[22] dst_sel:dword src0_sel:sbyte1
	 v1: %1619:v[27] = v_mac_f32 %3298:v[9], %1617:v[29], %1614:v[27]
	 v1: %1620:v[22] = v_cvt_f32_i32 %1592:v[22] dst_sel:dword src0_sel:sbyte0
	 v1: %1622:v[27] = v_mac_f32 %3297:v[8], %1620:v[22], %1619:v[27]
	 v1: %1623:v[27] = v_mac_f32 %3295:v[14], %1599:v[25], %1622:v[27]
	 v1: %1624:v[27] = v_mac_f32 %3296:v[15], %1597:v[24], %1623:v[27]
	 v1: %1625:v[27] = v_mac_f32 %3294:v[13], %1603:v[26], %1624:v[27]
	 v1: %1626:v[27] = v_mac_f32 %3293:v[12], %1605:v[20], %1625:v[27]
	 v1: %1627:v[30] = v_cvt_f32_f16 %1593:v[23][0:16]
	 v1: %1629:v[1] = v_mac_f32 %1626:v[27], %1627:v[30], %1556:v[1]
	p_logical_end
	p_cbranch_z %3347:scc BB100, BB99
BB99
/* logical preds: BB98, / linear preds: BB98, / kind: uniform, */
	p_logical_start
	 v1: %1631:v[6] = v_add_u32 %1580:s[11], %1560:v[6]
	 v1: %1632:v[6] = v_lshrrev_b32 5, %1631:v[6]
	 v1: %1633:v[6] = v_add_u32 %1061:s[20], %1632:v[6]
	 v1: %3350:v[16] = v_lshlrev_b32 1, %1633:v[6]
	 v1: %1634:v[6] = v_lshl_add_u32 %1633:v[6], 5, %3350:v[16]
	 v1: %1635:v[17] = v_add_u32 2, %1634:v[6]
	 v1: %1636:v[18] = v_add_u32 %1635:v[17], %1562:v[7]
	 v1: %1637:v[17] = v_and_b32 -4, %1635:v[17]
	 v1: %1638:v[17] = v_add_u32 %1637:v[17], %1562:v[7]
	 v3: %1639:v[19-21] = buffer_load_dwordx3 %1589:s[24-27], %1638:v[17], 0 offen storage:buffer semantics:private,reorder
	 v2b: %1642:v[22][0:16] = buffer_load_short_d16 %1589:s[24-27], %1634:v[6], 0 offen storage:buffer semantics:private,reorder
	 v1: %3352:v[19],  v1: %3353:v[20],  v1: %3354:v[21] = p_split_vector %1639:v[19-21]
	 v1: %1640:v[19] = v_alignbyte_b32 %3353:v[20], %3352:v[19], %1636:v[18]
	 v1: %1641:v[21] = v_alignbyte_b32 %3354:v[21], %3353:v[20], %1636:v[18]
	 v1: %1646:v[23] = v_cvt_f32_i32 %1640:v[19] dst_sel:dword src0_sel:sbyte3
	 v1: %1648:v[24] = v_cvt_f32_i32 %1640:v[19] dst_sel:dword src0_sel:sbyte2
	 v1: %1652:v[25] = v_cvt_f32_i32 %1640:v[19] dst_sel:dword src0_sel:sbyte1
	 v1: %1654:v[19] = v_cvt_f32_i32 %1640:v[19] dst_sel:dword src0_sel:sbyte0
	 v1: %1659:v[26] = v_cvt_f32_i32 %1641:v[21] dst_sel:dword src0_sel:sbyte3
	 v1: %1660:v[11] = v_mul_f32 %3300:v[11], %1659:v[26]
	 v1: %1661:v[27] = v_cvt_f32_i32 %1641:v[21] dst_sel:dword src0_sel:sbyte2
	 v1: %1663:v[11] = v_mac_f32 %3299:v[10], %1661:v[27], %1660:v[11]
	 v1: %1666:v[28] = v_cvt_f32_i32 %1641:v[21] dst_sel:dword src0_sel:sbyte1
	 v1: %1668:v[11] = v_mac_f32 %3298:v[9], %1666:v[28], %1663:v[11]
	 v1: %1669:v[21] = v_cvt_f32_i32 %1641:v[21] dst_sel:dword src0_sel:sbyte0
	 v1: %1671:v[11] = v_mac_f32 %3297:v[8], %1669:v[21], %1668:v[11]
	 v1: %1672:v[11] = v_mac_f32 %3295:v[14], %1648:v[24], %1671:v[11]
	 v1: %1673:v[11] = v_mac_f32 %3296:v[15], %1646:v[23], %1672:v[11]
	 v1: %1674:v[11] = v_mac_f32 %3294:v[13], %1652:v[25], %1673:v[11]
	 v1: %1675:v[11] = v_mac_f32 %3293:v[12], %1654:v[19], %1674:v[11]
	 v1: %1676:v[29] = v_cvt_f32_f16 %1642:v[22][0:16]
	 v1: %1678:v[4] = v_mac_f32 %1675:v[11], %1676:v[29], %1555:v[4]
	p_logical_end
	p_branch BB101
BB100
/* logical preds: BB98, / linear preds: BB98, / kind: uniform, */
	p_logical_start
	p_logical_end
	p_branch BB101
BB101
/* logical preds: BB99, BB100, / linear preds: BB99, BB100, / kind: uniform, */
	 v1: %1679:v[4] = p_phi %1678:v[4], %1555:v[4]
	p_logical_start
	p_logical_end
	p_branch BB103
BB102
/* logical preds: BB97, / linear preds: BB97, / kind: uniform, */
	p_logical_start
	p_logical_end
	p_branch BB103
BB103
/* logical preds: BB101, BB102, / linear preds: BB101, BB102, / kind: uniform, */
	 s1: %3751:s[10] = p_linear_phi %3750:s[10], %3290:scc
	 v1: %1681:v[1] = p_phi %1629:v[1], %1556:v[1]
	 v1: %1680:v[4] = p_phi %1679:v[4], %1555:v[4]
	p_logical_start
	 s1: %1682:s[11] = p_parallelcopy 0x200
	 v1: %1683:v[6] = v_lshl_add_u32 %1557:v[3], 9, %1682:s[11]
	 v1: %1684:v[6] = v_add_u32 %1683:v[6], %1065:v[0]
	 v1: %1685:v[7] = v_and_b32 31, %1684:v[6]
	 v1: %1686:v[8] = v_sub_u32 %1684:v[6], %1685:v[7]
	 v1: %1688:v[8] = v_add3_u32 %1685:v[7], %1564:s[5], %1686:v[8]
	p_logical_end
	 s1: %3752:scc = p_parallelcopy %3751:s[10]
	p_cbranch_z %3752:scc BB108, BB104
BB104
/* logical preds: BB103, / linear preds: BB103, / kind: uniform, */
	p_logical_start
	 s4: %1704:s[24-27] = s_load_dwordx4 %1569:s[0-1], 0 storage:buffer semantics:private,reorder
	 v1: %1689:v[8] = v_lshrrev_b32 2, %1688:v[8]
	 v1: %1690:v[8] = v_lshlrev_b32 4, %1689:v[8]
	 v4: %1691:v[12-15] = buffer_load_dwordx4 %1570:s[12-15], %1690:v[8], 0 offen storage:buffer semantics:private,reorder
	 v4: %1693:v[8-11] = buffer_load_dwordx4 %1570:s[12-15], %1690:v[8], 0 offset:16 offen storage:buffer semantics:private,reorder
	 v1: %1694:v[16] = v_add_u32 %1571:s[9], %1684:v[6]
	 v1: %1696:v[16] = v_lshrrev_b32 5, %1694:v[16]
	 v1: %1697:v[16] = v_add_u32 %1061:s[20], %1696:v[16]
	 v1: %3402:v[17] = v_lshlrev_b32 1, %1697:v[16]
	 v1: %1699:v[16] = v_lshl_add_u32 %1697:v[16], 5, %3402:v[17]
	 v1: %1700:v[18] = v_add_u32 2, %1699:v[16]
	 v1: %1701:v[19] = v_add_u32 %1700:v[18], %1685:v[7]
	 v1: %1702:v[18] = v_and_b32 -4, %1700:v[18]
	 v1: %1703:v[18] = v_add_u32 %1702:v[18], %1685:v[7]
	 v3: %1705:v[20-22] = buffer_load_dwordx3 %1704:s[24-27], %1703:v[18], 0 offen storage:buffer semantics:private,reorder
	 v2b: %1708:v[23][0:16] = buffer_load_short_d16 %1704:s[24-27], %1699:v[16], 0 offen storage:buffer semantics:private,reorder
	 s1: %1695:s[9],  s1: %3401:scc = s_add_u32 %1571:s[9], %2015:s[3]
	 s1: %3447:scc = s_cmp_lt_u32 1, %985:s[4]
	 v1: %3393:v[12],  v1: %3394:v[13],  v1: %3395:v[14],  v1: %3396:v[15] = p_split_vector %1691:v[12-15]
	 v1: %3397:v[8],  v1: %3398:v[9],  v1: %3399:v[10],  v1: %3400:v[11] = p_split_vector %1693:v[8-11]
	 v1: %3408:v[20],  v1: %3409:v[21],  v1: %3410:v[22] = p_split_vector %1705:v[20-22]
	 v1: %1706:v[20] = v_alignbyte_b32 %3409:v[21], %3408:v[20], %1701:v[19]
	 v1: %1707:v[22] = v_alignbyte_b32 %3410:v[22], %3409:v[21], %1701:v[19]
	 v1: %1712:v[24] = v_cvt_f32_i32 %1706:v[20] dst_sel:dword src0_sel:sbyte3
	 v1: %1714:v[25] = v_cvt_f32_i32 %1706:v[20] dst_sel:dword src0_sel:sbyte2
	 v1: %1718:v[26] = v_cvt_f32_i32 %1706:v[20] dst_sel:dword src0_sel:sbyte1
	 v1: %1720:v[20] = v_cvt_f32_i32 %1706:v[20] dst_sel:dword src0_sel:sbyte0
	 v1: %1725:v[27] = v_cvt_f32_i32 %1707:v[22] dst_sel:dword src0_sel:sbyte3
	 v1: %1726:v[27] = v_mul_f32 %3400:v[11], %1725:v[27]
	 v1: %1727:v[28] = v_cvt_f32_i32 %1707:v[22] dst_sel:dword src0_sel:sbyte2
	 v1: %1729:v[27] = v_mac_f32 %3399:v[10], %1727:v[28], %1726:v[27]
	 v1: %1732:v[29] = v_cvt_f32_i32 %1707:v[22] dst_sel:dword src0_sel:sbyte1
	 v1: %1734:v[27] = v_mac_f32 %3398:v[9], %1732:v[29], %1729:v[27]
	 v1: %1735:v[22] = v_cvt_f32_i32 %1707:v[22] dst_sel:dword src0_sel:sbyte0
	 v1: %1737:v[27] = v_mac_f32 %3397:v[8], %1735:v[22], %1734:v[27]
	 v1: %1738:v[27] = v_mac_f32 %3395:v[14], %1714:v[25], %1737:v[27]
	 v1: %1739:v[27] = v_mac_f32 %3396:v[15], %1712:v[24], %1738:v[27]
	 v1: %1740:v[27] = v_mac_f32 %3394:v[13], %1718:v[26], %1739:v[27]
	 v1: %1741:v[27] = v_mac_f32 %3393:v[12], %1720:v[20], %1740:v[27]
	 v1: %1742:v[30] = v_cvt_f32_f16 %1708:v[23][0:16]
	 v1: %1744:v[1] = v_mac_f32 %1741:v[27], %1742:v[30], %1681:v[1]
	p_logical_end
	p_cbranch_z %3447:scc BB106, BB105
BB105
/* logical preds: BB104, / linear preds: BB104, / kind: uniform, */
	p_logical_start
	 v1: %1746:v[6] = v_add_u32 %1695:s[9], %1684:v[6]
	 v1: %1747:v[6] = v_lshrrev_b32 5, %1746:v[6]
	 v1: %1748:v[6] = v_add_u32 %1061:s[20], %1747:v[6]
	 v1: %3450:v[16] = v_lshlrev_b32 1, %1748:v[6]
	 v1: %1749:v[6] = v_lshl_add_u32 %1748:v[6], 5, %3450:v[16]
	 v1: %1750:v[17] = v_add_u32 2, %1749:v[6]
	 v1: %1751:v[18] = v_add_u32 %1750:v[17], %1685:v[7]
	 v1: %1752:v[17] = v_and_b32 -4, %1750:v[17]
	 v1: %1753:v[17] = v_add_u32 %1752:v[17], %1685:v[7]
	 v3: %1754:v[19-21] = buffer_load_dwordx3 %1704:s[24-27], %1753:v[17], 0 offen storage:buffer semantics:private,reorder
	 v2b: %1757:v[22][0:16] = buffer_load_short_d16 %1704:s[24-27], %1749:v[6], 0 offen storage:buffer semantics:private,reorder
	 v1: %3452:v[19],  v1: %3453:v[20],  v1: %3454:v[21] = p_split_vector %1754:v[19-21]
	 v1: %1755:v[19] = v_alignbyte_b32 %3453:v[20], %3452:v[19], %1751:v[18]
	 v1: %1756:v[21] = v_alignbyte_b32 %3454:v[21], %3453:v[20], %1751:v[18]
	 v1: %1761:v[23] = v_cvt_f32_i32 %1755:v[19] dst_sel:dword src0_sel:sbyte3
	 v1: %1763:v[24] = v_cvt_f32_i32 %1755:v[19] dst_sel:dword src0_sel:sbyte2
	 v1: %1767:v[25] = v_cvt_f32_i32 %1755:v[19] dst_sel:dword src0_sel:sbyte1
	 v1: %1769:v[19] = v_cvt_f32_i32 %1755:v[19] dst_sel:dword src0_sel:sbyte0
	 v1: %1774:v[26] = v_cvt_f32_i32 %1756:v[21] dst_sel:dword src0_sel:sbyte3
	 v1: %1775:v[11] = v_mul_f32 %3400:v[11], %1774:v[26]
	 v1: %1776:v[27] = v_cvt_f32_i32 %1756:v[21] dst_sel:dword src0_sel:sbyte2
	 v1: %1778:v[11] = v_mac_f32 %3399:v[10], %1776:v[27], %1775:v[11]
	 v1: %1781:v[28] = v_cvt_f32_i32 %1756:v[21] dst_sel:dword src0_sel:sbyte1
	 v1: %1783:v[11] = v_mac_f32 %3398:v[9], %1781:v[28], %1778:v[11]
	 v1: %1784:v[21] = v_cvt_f32_i32 %1756:v[21] dst_sel:dword src0_sel:sbyte0
	 v1: %1786:v[11] = v_mac_f32 %3397:v[8], %1784:v[21], %1783:v[11]
	 v1: %1787:v[11] = v_mac_f32 %3395:v[14], %1763:v[24], %1786:v[11]
	 v1: %1788:v[11] = v_mac_f32 %3396:v[15], %1761:v[23], %1787:v[11]
	 v1: %1789:v[11] = v_mac_f32 %3394:v[13], %1767:v[25], %1788:v[11]
	 v1: %1790:v[11] = v_mac_f32 %3393:v[12], %1769:v[19], %1789:v[11]
	 v1: %1791:v[29] = v_cvt_f32_f16 %1757:v[22][0:16]
	 v1: %1793:v[4] = v_mac_f32 %1790:v[11], %1791:v[29], %1680:v[4]
	p_logical_end
	p_branch BB107
BB106
/* logical preds: BB104, / linear preds: BB104, / kind: uniform, */
	p_logical_start
	p_logical_end
	p_branch BB107
BB107
/* logical preds: BB105, BB106, / linear preds: BB105, BB106, / kind: uniform, */
	 v1: %1794:v[4] = p_phi %1793:v[4], %1680:v[4]
	p_logical_start
	p_logical_end
	p_branch BB109
BB108
/* logical preds: BB103, / linear preds: BB103, / kind: uniform, */
	p_logical_start
	p_logical_end
	p_branch BB109
BB109
/* logical preds: BB107, BB108, / linear preds: BB107, BB108, / kind: uniform, */
	 v1: %1796:v[1] = p_phi %1744:v[1], %1681:v[1]
	 v1: %1795:v[4] = p_phi %1794:v[4], %1680:v[4]
	p_logical_start
	 v1: %1797:v[3] = v_add_u32 2, %1557:v[3]
	p_logical_end
	p_branch BB92
BB110
/* logical preds: BB93, / linear preds: BB94, / kind: uniform, loop-preheader, loop-exit, */
	 v1: %1800:v[3] = p_phi %1557:v[3]
	 v1: %1799:v[1] = p_phi %1556:v[1]
	 v1: %1798:v[4] = p_phi %1555:v[4]
	 s2: %0:exec = p_parallelcopy -1
	p_logical_start
	p_logical_end
	p_branch BB111
BB111
/* logical preds: BB110, BB122, / linear preds: BB110, BB122, / kind: loop-header, branch, */
	 v1: %1803:v[3] = p_phi %1800:v[3], %1928:v[3]
	 v1: %1802:v[1] = p_phi %1799:v[1], %1927:v[1]
	 v1: %1801:v[4] = p_phi %1798:v[4], %1926:v[4]
	p_logical_start
	 s2: %1804:vcc = v_cmp_ge_u32 %1803:v[3], %1073:v[2]
	p_logical_end
	 s2: %3694:s[0-1],  s1: %3693:scc,  s2: %0:exec = s_and_saveexec_b64 %1804:vcc, %0:exec
	p_cbranch_z %0:exec BB115, BB112
BB112
/* logical preds: BB111, / linear preds: BB111, / kind: break, */
	p_logical_start
	p_logical_end
	 s2: %3696:s[0-1],  s1: %3695:scc = s_andn2_b64 %3694:s[0-1], %0:exec
	p_cbranch_nz %3695:scc BB114, BB113
BB113
/* logical preds: / linear preds: BB112, / kind: uniform, */
	p_branch BB123
BB114
/* logical preds: / linear preds: BB112, / kind: uniform, */
	p_branch BB116
BB115
/* logical preds: / linear preds: BB111, / kind: uniform, */
	p_branch BB116
BB116
/* logical preds: BB111, / linear preds: BB114, BB115, / kind: uniform, merge, */
	 s2: %3697:s[0-1] = p_linear_phi %3696:s[0-1], %3694:s[0-1]
	 s2: %0:exec = p_parallelcopy %3697:s[0-1]
	p_logical_start
	 s2: %1815:s[0-1] = p_create_vector %2014:s[2], 0xffff8000
	 s4: %1816:s[12-15] = s_load_dwordx4 %1815:s[0-1], 16 storage:buffer semantics:private,reorder
	 v1: %1806:v[5] = v_lshl_add_u32 %1803:v[3], 9, %1065:v[0]
	 v1: %1808:v[6] = v_and_b32 31, %1806:v[5]
	 v1: %1809:v[7] = v_sub_u32 %1806:v[5], %1808:v[6]
	 s1: %1810:s[5] = s_mul_i32 %2018:s[6], %991:s[17]
	 v1: %1812:v[7] = v_add3_u32 %1808:v[6], %1810:s[5], %1809:v[7]
	 s1: %1817:s[9] = s_mul_i32 %12:s[16], %2015:s[3]
	 s1: %3495:scc = s_cmp_lg_i32 %985:s[4], 0
	p_logical_end
	p_cbranch_z %3495:scc BB121, BB117
BB117
/* logical preds: BB116, / linear preds: BB116, / kind: uniform, */
	p_logical_start
	 s4: %1835:s[24-27] = s_load_dwordx4 %1815:s[0-1], 0 storage:buffer semantics:private,reorder
	 v1: %1820:v[7] = v_lshrrev_b32 2, %1812:v[7]
	 v1: %1821:v[7] = v_lshlrev_b32 4, %1820:v[7]
	 v4: %1822:v[8-11] = buffer_load_dwordx4 %1816:s[12-15], %1821:v[7], 0 offen storage:buffer semantics:private,reorder
	 v4: %1824:v[12-15] = buffer_load_dwordx4 %1816:s[12-15], %1821:v[7], 0 offset:16 offen storage:buffer semantics:private,reorder
	 v1: %1825:v[7] = v_add_u32 %1817:s[9], %1806:v[5]
	 v1: %1827:v[7] = v_lshrrev_b32 5, %1825:v[7]
	 v1: %1828:v[7] = v_add_u32 %1061:s[20], %1827:v[7]
	 v1: %3507:v[16] = v_lshlrev_b32 1, %1828:v[7]
	 v1: %1830:v[7] = v_lshl_add_u32 %1828:v[7], 5, %3507:v[16]
	 v1: %1831:v[17] = v_add_u32 2, %1830:v[7]
	 v1: %1832:v[18] = v_add_u32 %1831:v[17], %1808:v[6]
	 v1: %1833:v[17] = v_and_b32 -4, %1831:v[17]
	 v1: %1834:v[17] = v_add_u32 %1833:v[17], %1808:v[6]
	 v3: %1836:v[19-21] = buffer_load_dwordx3 %1835:s[24-27], %1834:v[17], 0 offen storage:buffer semantics:private,reorder
	 v2b: %1839:v[22][0:16] = buffer_load_short_d16 %1835:s[24-27], %1830:v[7], 0 offen storage:buffer semantics:private,reorder
	 s1: %1826:s[9],  s1: %3506:scc = s_add_u32 %1817:s[9], %2015:s[3]
	 s1: %3552:scc = s_cmp_lt_u32 1, %985:s[4]
	 v1: %3498:v[8],  v1: %3499:v[9],  v1: %3500:v[10],  v1: %3501:v[11] = p_split_vector %1822:v[8-11]
	 v1: %3502:v[12],  v1: %3503:v[13],  v1: %3504:v[14],  v1: %3505:v[15] = p_split_vector %1824:v[12-15]
	 v1: %3513:v[19],  v1: %3514:v[20],  v1: %3515:v[21] = p_split_vector %1836:v[19-21]
	 v1: %1837:v[19] = v_alignbyte_b32 %3514:v[20], %3513:v[19], %1832:v[18]
	 v1: %1838:v[21] = v_alignbyte_b32 %3515:v[21], %3514:v[20], %1832:v[18]
	 v1: %1843:v[23] = v_cvt_f32_i32 %1837:v[19] dst_sel:dword src0_sel:sbyte3
	 v1: %1845:v[24] = v_cvt_f32_i32 %1837:v[19] dst_sel:dword src0_sel:sbyte2
	 v1: %1849:v[25] = v_cvt_f32_i32 %1837:v[19] dst_sel:dword src0_sel:sbyte1
	 v1: %1851:v[19] = v_cvt_f32_i32 %1837:v[19] dst_sel:dword src0_sel:sbyte0
	 v1: %1856:v[26] = v_cvt_f32_i32 %1838:v[21] dst_sel:dword src0_sel:sbyte3
	 v1: %1857:v[26] = v_mul_f32 %3505:v[15], %1856:v[26]
	 v1: %1858:v[27] = v_cvt_f32_i32 %1838:v[21] dst_sel:dword src0_sel:sbyte2
	 v1: %1860:v[26] = v_mac_f32 %3504:v[14], %1858:v[27], %1857:v[26]
	 v1: %1863:v[28] = v_cvt_f32_i32 %1838:v[21] dst_sel:dword src0_sel:sbyte1
	 v1: %1865:v[26] = v_mac_f32 %3503:v[13], %1863:v[28], %1860:v[26]
	 v1: %1866:v[21] = v_cvt_f32_i32 %1838:v[21] dst_sel:dword src0_sel:sbyte0
	 v1: %1868:v[26] = v_mac_f32 %3502:v[12], %1866:v[21], %1865:v[26]
	 v1: %1869:v[26] = v_mac_f32 %3500:v[10], %1845:v[24], %1868:v[26]
	 v1: %1870:v[26] = v_mac_f32 %3501:v[11], %1843:v[23], %1869:v[26]
	 v1: %1871:v[26] = v_mac_f32 %3499:v[9], %1849:v[25], %1870:v[26]
	 v1: %1872:v[26] = v_mac_f32 %3498:v[8], %1851:v[19], %1871:v[26]
	 v1: %1873:v[29] = v_cvt_f32_f16 %1839:v[22][0:16]
	 v1: %1875:v[1] = v_mac_f32 %1872:v[26], %1873:v[29], %1802:v[1]
	p_logical_end
	p_cbranch_z %3552:scc BB119, BB118
BB118
/* logical preds: BB117, / linear preds: BB117, / kind: uniform, */
	p_logical_start
	 v1: %1877:v[5] = v_add_u32 %1826:s[9], %1806:v[5]
	 v1: %1878:v[5] = v_lshrrev_b32 5, %1877:v[5]
	 v1: %1879:v[5] = v_add_u32 %1061:s[20], %1878:v[5]
	 v1: %3555:v[7] = v_lshlrev_b32 1, %1879:v[5]
	 v1: %1880:v[5] = v_lshl_add_u32 %1879:v[5], 5, %3555:v[7]
	 v1: %1881:v[16] = v_add_u32 2, %1880:v[5]
	 v1: %1882:v[17] = v_add_u32 %1881:v[16], %1808:v[6]
	 v1: %1883:v[16] = v_and_b32 -4, %1881:v[16]
	 v1: %1884:v[16] = v_add_u32 %1883:v[16], %1808:v[6]
	 v3: %1885:v[18-20] = buffer_load_dwordx3 %1835:s[24-27], %1884:v[16], 0 offen storage:buffer semantics:private,reorder
	 v2b: %1888:v[21][0:16] = buffer_load_short_d16 %1835:s[24-27], %1880:v[5], 0 offen storage:buffer semantics:private,reorder
	 v1: %3557:v[18],  v1: %3558:v[19],  v1: %3559:v[20] = p_split_vector %1885:v[18-20]
	 v1: %1886:v[18] = v_alignbyte_b32 %3558:v[19], %3557:v[18], %1882:v[17]
	 v1: %1887:v[20] = v_alignbyte_b32 %3559:v[20], %3558:v[19], %1882:v[17]
	 v1: %1892:v[22] = v_cvt_f32_i32 %1886:v[18] dst_sel:dword src0_sel:sbyte3
	 v1: %1894:v[23] = v_cvt_f32_i32 %1886:v[18] dst_sel:dword src0_sel:sbyte2
	 v1: %1898:v[24] = v_cvt_f32_i32 %1886:v[18] dst_sel:dword src0_sel:sbyte1
	 v1: %1900:v[18] = v_cvt_f32_i32 %1886:v[18] dst_sel:dword src0_sel:sbyte0
	 v1: %1905:v[25] = v_cvt_f32_i32 %1887:v[20] dst_sel:dword src0_sel:sbyte3
	 v1: %1906:v[15] = v_mul_f32 %3505:v[15], %1905:v[25]
	 v1: %1907:v[26] = v_cvt_f32_i32 %1887:v[20] dst_sel:dword src0_sel:sbyte2
	 v1: %1909:v[15] = v_mac_f32 %3504:v[14], %1907:v[26], %1906:v[15]
	 v1: %1912:v[27] = v_cvt_f32_i32 %1887:v[20] dst_sel:dword src0_sel:sbyte1
	 v1: %1914:v[15] = v_mac_f32 %3503:v[13], %1912:v[27], %1909:v[15]
	 v1: %1915:v[20] = v_cvt_f32_i32 %1887:v[20] dst_sel:dword src0_sel:sbyte0
	 v1: %1917:v[15] = v_mac_f32 %3502:v[12], %1915:v[20], %1914:v[15]
	 v1: %1918:v[15] = v_mac_f32 %3500:v[10], %1894:v[23], %1917:v[15]
	 v1: %1919:v[15] = v_mac_f32 %3501:v[11], %1892:v[22], %1918:v[15]
	 v1: %1920:v[15] = v_mac_f32 %3499:v[9], %1898:v[24], %1919:v[15]
	 v1: %1921:v[15] = v_mac_f32 %3498:v[8], %1900:v[18], %1920:v[15]
	 v1: %1922:v[28] = v_cvt_f32_f16 %1888:v[21][0:16]
	 v1: %1924:v[4] = v_mac_f32 %1921:v[15], %1922:v[28], %1801:v[4]
	p_logical_end
	p_branch BB120
BB119
/* logical preds: BB117, / linear preds: BB117, / kind: uniform, */
	p_logical_start
	p_logical_end
	p_branch BB120
BB120
/* logical preds: BB118, BB119, / linear preds: BB118, BB119, / kind: uniform, */
	 v1: %1925:v[4] = p_phi %1924:v[4], %1801:v[4]
	p_logical_start
	p_logical_end
	p_branch BB122
BB121
/* logical preds: BB116, / linear preds: BB116, / kind: uniform, */
	p_logical_start
	p_logical_end
	p_branch BB122
BB122
/* logical preds: BB120, BB121, / linear preds: BB120, BB121, / kind: uniform, */
	 v1: %1927:v[1] = p_phi %1875:v[1], %1802:v[1]
	 v1: %1926:v[4] = p_phi %1925:v[4], %1801:v[4]
	p_logical_start
	 v1: %1928:v[3] = v_add_u32 1, %1803:v[3]
	p_logical_end
	p_branch BB111
BB123
/* logical preds: BB112, / linear preds: BB113, / kind: uniform, loop-exit, */
	 v1: %1930:v[1] = p_phi %1802:v[1]
	 v1: %1929:v[4] = p_phi %1801:v[4]
	 s2: %0:exec = p_parallelcopy -1
	p_logical_start
	 s1: %3596:scc = s_cmp_lg_i32 %985:s[4], 0
	 s2: %1931:s[0-1] = s_cselect_b64 -1, 0, %3596:scc
	p_logical_end
	p_cbranch_z %3596:scc BB128, BB124
BB124
/* logical preds: BB123, / linear preds: BB123, / kind: uniform, */
	p_logical_start
	 s1: %1932:s[3],  s2: %3599:s[10-11],  s1: %3600:scc = p_reduce %1930:v[1], %3665:v[39],  lv1: undef op:fadd32 cluster_size:64
	 s1: %3601:scc = s_cmp_lt_u32 1, %985:s[4]
	p_logical_end
	p_cbranch_z %3601:scc BB126, BB125
BB125
/* logical preds: BB124, / linear preds: BB124, / kind: uniform, */
	p_logical_start
	 s1: %1934:s[5],  s2: %3604:s[10-11],  s1: %3605:scc = p_reduce %1929:v[4], %3665:v[39],  lv1: undef op:fadd32 cluster_size:64
	p_logical_end
	p_branch BB127
BB126
/* logical preds: BB124, / linear preds: BB124, / kind: uniform, */
	p_logical_start
	p_logical_end
	p_branch BB127
BB127
/* logical preds: BB125, BB126, / linear preds: BB125, BB126, / kind: uniform, */
	 v1: %1935:v[4] = p_phi %1934:s[5], %1929:v[4]
	p_logical_start
	p_logical_end
	p_branch BB129
BB128
/* logical preds: BB123, / linear preds: BB123, / kind: uniform, */
	p_logical_start
	p_logical_end
	p_branch BB129
BB129
/* logical preds: BB127, BB128, / linear preds: BB127, BB128, / kind: branch, */
	 v1: %1937:v[1] = p_phi %1932:s[3], %1930:v[1]
	 v1: %1936:v[4] = p_phi %1935:v[4], %1929:v[4]
	p_logical_start
	 s2: %1938:s[10-11] = p_create_vector 1, 0
	 s2: %1940:s[0-1],  s1: %3606:scc = s_and_b64 %1931:s[0-1], %1938:s[10-11]
	p_logical_end
	 s2: %0:exec = p_parallelcopy %1940:s[0-1]
	p_cbranch_z %0:exec BB134, BB130
BB130
/* logical preds: BB129, / linear preds: BB129, / kind: uniform, */
	p_logical_start
	 v1: %3607:v[0] = p_parallelcopy 0
	ds_write_b32 %3607:v[0], %1937:v[1] storage:shared
	 s1: %3608:scc = s_cmp_lt_u32 1, %985:s[4]
	p_logical_end
	p_cbranch_z %3608:scc BB132, BB131
BB131
/* logical preds: BB130, / linear preds: BB130, / kind: uniform, */
	p_logical_start
	 v1: %3662:v[0] = p_parallelcopy 0
	ds_write_b32 %3662:v[0], %1936:v[4] offset0:4 storage:shared
	p_logical_end
	p_branch BB133
BB132
/* logical preds: BB130, / linear preds: BB130, / kind: uniform, */
	p_logical_start
	p_logical_end
	p_branch BB133
BB133
/* logical preds: BB131, BB132, / linear preds: BB131, BB132, / kind: uniform, */
	p_logical_start
	p_logical_end
	p_branch BB135
BB134
/* logical preds: / linear preds: BB129, / kind: uniform, */
	p_branch BB135
BB135
/* logical preds: / linear preds: BB133, BB134, / kind: invert, */
	 s2: %0:exec,  s1: %3698:scc = s_andn2_b64 -1, %0:exec
	p_cbranch_z %0:exec BB137, BB136
BB136
/* logical preds: BB129, / linear preds: BB135, / kind: uniform, */
	p_logical_start
	p_logical_end
	p_branch BB138
BB137
/* logical preds: / linear preds: BB135, / kind: uniform, */
	p_branch BB138
BB138
/* logical preds: BB133, BB136, / linear preds: BB136, BB137, / kind: branch, merge, */
	 s2: %0:exec = p_parallelcopy -1
	p_logical_start
	p_barrier storage:shared semantics:acquire,release scope:subgroup exec_scope:subgroup
	p_logical_end
	 s2: %0:exec = p_parallelcopy %1938:s[10-11]
	p_cbranch_z %0:exec BB157, BB139
BB139
/* logical preds: BB138, / linear preds: BB138, / kind: uniform, loop-preheader, */
	p_logical_start
	 s1: %1942:s[4],  s1: %3612:scc = s_min_u32 2, %985:s[4]
	p_logical_end
	p_branch BB140
BB140
/* logical preds: BB139, BB155, / linear preds: BB139, BB155, / kind: uniform, loop-header, */
	 s1: %1945:s[0] = p_linear_phi 0, %2012:s[0]
	 v1: %1944:v[1] = p_phi %1937:v[1], %2002:v[1]
	 v1: %1943:v[4] = p_phi %1936:v[4], %2001:v[4]
	p_logical_start
	 s1: %3613:scc = s_cmp_ge_u32 %1945:s[0], %1942:s[4]
	p_logical_end
	p_cbranch_z %3613:scc BB142, BB141
BB141
/* logical preds: BB140, / linear preds: BB140, / kind: uniform, break, */
	p_logical_start
	p_logical_end
	p_branch BB156
BB142
/* logical preds: BB140, / linear preds: BB140, / kind: uniform, */
	p_logical_start
	 s1: %3616:scc = s_cmp_lt_i32 %1945:s[0], 1
	 s2: %1947:vcc = s_cselect_b64 -1, 0, %3616:scc
	 v1: %1948:v[0] = v_cndmask_b32 0, %1943:v[4], %1947:vcc
	 v1: %1949:v[2] = v_cndmask_b32 %1944:v[1], 0, %1947:vcc
	 s1: %1952:s[1],  s1: %3619:scc = s_and_b32 %2030:s[19], 63
	 s1: %3620:scc = s_cmp_lg_i32 %1952:s[1], 0
	p_logical_end
	p_cbranch_z %3620:scc BB148, BB143
BB143
/* logical preds: BB142, / linear preds: BB142, / kind: uniform, loop-preheader, */
	p_logical_start
	 s1: %1954:s[3],  s1: %3623:scc = s_lshl_b32 %1945:s[0], 2
	 v1: %3624:v[0] = p_parallelcopy %1954:s[3]
	 v1: %3625:v[0] = ds_read_b32 %3624:v[0] storage:shared
	 v1: %1956:v[4] = v_cndmask_b32 %3625:v[0], %1943:v[4], %1947:vcc
	 v1: %1957:v[1] = v_cndmask_b32 %1944:v[1], %3625:v[0], %1947:vcc
	p_logical_end
	p_branch BB144
BB144
/* logical preds: BB143, BB146, / linear preds: BB143, BB146, / kind: uniform, loop-header, */
	 s1: %1960:s[3] = p_linear_phi 1, %1965:s[3]
	 v1: %1959:v[1] = p_phi %1957:v[1], %1964:v[1]
	 v1: %1958:v[4] = p_phi %1956:v[4], %1963:v[4]
	p_logical_start
	 s1: %3628:scc = s_cmp_ge_u32 %1960:s[3], %1952:s[1]
	p_logical_end
	p_cbranch_z %3628:scc BB146, BB145
BB145
/* logical preds: BB144, / linear preds: BB144, / kind: uniform, break, */
	p_logical_start
	p_logical_end
	p_branch BB147
BB146
/* logical preds: BB144, / linear preds: BB144, / kind: uniform, */
	p_logical_start
	 v1: %3631:v[0] = p_parallelcopy 0x7fc00000
	 v1: %1963:v[4] = v_cndmask_b32 %3631:v[0], %1958:v[4], %1947:vcc
	 v1: %1964:v[1] = v_cndmask_b32 %1959:v[1], %3631:v[0], %1947:vcc
	 s1: %1965:s[3],  s1: %3633:scc = s_add_u32 %1960:s[3], 1
	p_logical_end
	p_branch BB144
BB147
/* logical preds: BB145, / linear preds: BB145, / kind: uniform, loop-exit, */
	 v1: %1967:v[1] = p_phi %1959:v[1]
	 v1: %1966:v[4] = p_phi %1958:v[4]
	p_logical_start
	p_logical_end
	p_branch BB149
BB148
/* logical preds: BB142, / linear preds: BB142, / kind: uniform, */
	p_logical_start
	p_logical_end
	p_branch BB149
BB149
/* logical preds: BB147, BB148, / linear preds: BB147, BB148, / kind: uniform, */
	 v1: %1969:v[1] = p_phi %1967:v[1], %1949:v[2]
	 v1: %1968:v[4] = p_phi %1966:v[4], %1948:v[0]
	p_logical_start
	 s1: %3634:scc = s_bitcmp1_b32 %2020:s[8], 0
	p_logical_end
	p_cbranch_z %3634:scc BB151, BB150
BB150
/* logical preds: BB149, / linear preds: BB149, / kind: uniform, */
	p_logical_start
	 s2: %1977:s[10-11] = p_create_vector %2014:s[2], 0xffff8000
	 s4: %1978:s[12-15] = s_load_dwordx4 %1977:s[10-11], 48 storage:buffer semantics:private,reorder
	 s1: %1972:s[1] = s_mul_i32 %2019:s[7], %991:s[17]
	 s1: %1973:s[1],  s1: %3637:scc = s_add_u32 %1972:s[1], %12:s[16]
	 s1: %1974:s[1],  s1: %3638:scc = s_add_u32 %1973:s[1], %1945:s[0]
	 s1: %1979:s[1],  s1: %3643:scc = s_lshl_b32 %1974:s[1], 2
	 s1: %1980:s[1] = s_buffer_load_dword %1978:s[12-15], %1979:s[1] storage:buffer semantics:private,reorder
	 v1: %1981:v[0] = v_cndmask_b32 %1968:v[4], %1969:v[1], %1947:vcc
	 v1: %1982:v[0] = v_add_f32 %1980:s[1], %1981:v[0]
	 v1: %1983:v[4] = v_cndmask_b32 %1982:v[0], %1968:v[4], %1947:vcc
	 v1: %1984:v[1] = v_cndmask_b32 %1969:v[1], %1982:v[0], %1947:vcc
	p_logical_end
	p_branch BB152
BB151
/* logical preds: BB149, / linear preds: BB149, / kind: uniform, */
	p_logical_start
	p_logical_end
	p_branch BB152
BB152
/* logical preds: BB150, BB151, / linear preds: BB150, BB151, / kind: uniform, */
	 v1: %1986:v[1] = p_phi %1984:v[1], %1969:v[1]
	 v1: %1985:v[4] = p_phi %1983:v[4], %1968:v[4]
	p_logical_start
	 s1: %3644:scc = s_bitcmp1_b32 %2020:s[8], 1
	p_logical_end
	p_cbranch_z %3644:scc BB154, BB153
BB153
/* logical preds: BB152, / linear preds: BB152, / kind: uniform, */
	p_logical_start
	 s2: %1993:s[10-11] = p_create_vector %2014:s[2], 0xffff8000
	 s4: %1994:s[12-15] = s_load_dwordx4 %1993:s[10-11], 64 storage:buffer semantics:private,reorder
	 s1: %1988:s[1] = s_mul_i32 %2019:s[7], %991:s[17]
	 s1: %1989:s[1],  s1: %3647:scc = s_add_u32 %1988:s[1], %12:s[16]
	 s1: %1990:s[1],  s1: %3648:scc = s_add_u32 %1989:s[1], %1945:s[0]
	 s1: %1995:s[1],  s1: %3653:scc = s_lshl_b32 %1990:s[1], 2
	 s1: %1996:s[1] = s_buffer_load_dword %1994:s[12-15], %1995:s[1] storage:buffer semantics:private,reorder
	 v1: %1997:v[0] = v_cndmask_b32 %1985:v[4], %1986:v[1], %1947:vcc
	 v1: %1998:v[0] = v_add_f32 %1996:s[1], %1997:v[0]
	 v1: %1999:v[4] = v_cndmask_b32 %1998:v[0], %1985:v[4], %1947:vcc
	 v1: %2000:v[1] = v_cndmask_b32 %1986:v[1], %1998:v[0], %1947:vcc
	p_logical_end
	p_branch BB155
BB154
/* logical preds: BB152, / linear preds: BB152, / kind: uniform, */
	p_logical_start
	p_logical_end
	p_branch BB155
BB155
/* logical preds: BB153, BB154, / linear preds: BB153, BB154, / kind: uniform, */
	 v1: %2002:v[1] = p_phi %2000:v[1], %1986:v[1]
	 v1: %2001:v[4] = p_phi %1999:v[4], %1985:v[4]
	p_logical_start
	 s2: %2009:s[10-11] = p_create_vector %2014:s[2], 0xffff8000
	 s4: %2010:s[12-15] = s_load_dwordx4 %2009:s[10-11], 32 storage:buffer semantics:private,reorder
	 s1: %2003:s[1] = s_mul_i32 %2019:s[7], %991:s[17]
	 s1: %2004:s[1],  s1: %3654:scc = s_add_u32 %2003:s[1], %12:s[16]
	 s1: %2005:s[1],  s1: %3655:scc = s_add_u32 %2004:s[1], %1945:s[0]
	 v1: %2006:v[0] = v_cndmask_b32 %2001:v[4], %2002:v[1], %1947:vcc
	 s1: %2011:s[1],  s1: %3660:scc = s_lshl_b32 %2005:s[1], 2
	buffer_store_dword %2010:s[12-15],  v1: undef, %2011:s[1], %2006:v[0] storage:buffer
	 s1: %2012:s[0],  s1: %3661:scc = s_add_u32 %1945:s[0], 1
	p_logical_end
	p_branch BB140
BB156
/* logical preds: BB141, / linear preds: BB141, / kind: uniform, loop-exit, */
	p_logical_start
	p_logical_end
	p_branch BB158
BB157
/* logical preds: / linear preds: BB138, / kind: uniform, */
	p_branch BB158
BB158
/* logical preds: / linear preds: BB156, BB157, / kind: invert, */
	 s2: %0:exec,  s1: %3699:scc = s_andn2_b64 -1, %0:exec
	p_cbranch_z %0:exec BB160, BB159
BB159
/* logical preds: BB138, / linear preds: BB158, / kind: uniform, */
	p_logical_start
	p_logical_end
	p_branch BB161
BB160
/* logical preds: / linear preds: BB158, / kind: uniform, */
	p_branch BB161
BB161
/* logical preds: BB156, BB159, / linear preds: BB159, BB160, / kind: uniform, merge, */
	 s2: %0:exec = p_parallelcopy -1
	p_logical_start
	p_logical_end
	p_branch BB163
BB162
/* logical preds: BB56, / linear preds: BB56, / kind: uniform, */
	p_logical_start
	p_logical_end
	p_branch BB163
BB163
/* logical preds: BB161, BB162, / linear preds: BB161, BB162, / kind: uniform, */
	p_logical_start
	p_logical_end
	p_branch BB164
BB164
/* logical preds: BB55, BB163, / linear preds: BB55, BB163, / kind: uniform, top-level, */
	p_end_linear_vgpr %3665:v[39]
	p_logical_start
	p_logical_end
	s_endpgm

Compute Shader
disasm:
BB0:
	s_load_dword s0, s[14:15], 0x0                              ; c0020007 00000000
	s_waitcnt lgkmcnt(0)                                        ; bf8cc07f
	s_mul_i32 s0, s0, s18                                       ; 92001200
	s_add_u32 s16, s16, s0                                      ; 80100010
	s_lshl_b32 s16, s16, 1                                      ; 8e108110
	s_add_u32 s1, s16, 2                                        ; 80018210
	s_cmp_ge_u32 s4, s1                                         ; bf090104
	s_cbranch_scc0 BB56                                         ; bf840410
BB1:
	s_add_u32 s17, s17, s9                                      ; 80110911
	s_cmp_lg_i32 s17, 0                                         ; bf018011
	s_cbranch_scc0 BB3                                          ; bf840043
BB2:
	v_cvt_f32_u32_e32 v1, s11                                   ; 7e020c0b
	v_rcp_f32_e32 v1, v1                                        ; 7e024501
	v_mul_f32_e32 v1, 0x4f7ffffe, v1                            ; 0a0202ff 4f7ffffe
	v_cvt_u32_f32_e32 v1, v1                                    ; 7e020f01
	v_readfirstlane_b32 s0, v1                                  ; 7e000501
	s_mul_i32 s1, s11, s0                                       ; 9201000b
	s_sub_i32 s1, 0, s1                                         ; 81810180
	s_mul_hi_u32 s1, s0, s1                                     ; 96010100
	v_cvt_f32_u32_e32 v2, s13                                   ; 7e040c0d
	s_add_u32 s0, s0, s1                                        ; 80000100
	v_rcp_f32_e32 v2, v2                                        ; 7e044502
	s_mul_hi_u32 s0, s17, s0                                    ; 96000011
	s_mul_i32 s4, s0, s11                                       ; 92040b00
	v_mul_f32_e32 v2, 0x4f7ffffe, v2                            ; 0a0404ff 4f7ffffe
	s_sub_i32 s4, s17, s4                                       ; 81840411
	v_cvt_u32_f32_e32 v2, v2                                    ; 7e040f02
	s_cmp_ge_u32 s4, s11                                        ; bf090b04
	v_readfirstlane_b32 s18, v2                                 ; 7e240502
	s_add_u32 s0, s0, src_scc                                   ; 8000fd00
	s_sub_i32 s14, s4, s11                                      ; 818e0b04
	s_cmp_ge_u32 s4, s11                                        ; bf090b04
	s_mul_i32 s20, s13, s18                                     ; 9214120d
	s_cselect_b32 s14, s14, s4                                  ; 850e040e
	s_cmp_ge_u32 s14, s11                                       ; bf090b0e
	s_mov_b32 s15, src_scc                                      ; be8f00fd
	s_add_u32 s0, s0, src_scc                                   ; 8000fd00
	s_sub_i32 s11, s14, s11                                     ; 818b0b0e
	s_cmp_lg_i32 s15, 0                                         ; bf01800f
	v_cvt_f32_u32_e32 v3, s12                                   ; 7e060c0c
	s_cselect_b32 s11, s11, s14                                 ; 850b0e0b
	s_sub_i32 s20, 0, s20                                       ; 81941480
	v_rcp_f32_e32 v3, v3                                        ; 7e064503
	s_mul_hi_u32 s20, s18, s20                                  ; 96141412
	s_add_u32 s18, s18, s20                                     ; 80121412
	v_mul_f32_e32 v3, 0x4f7ffffe, v3                            ; 0a0606ff 4f7ffffe
	s_mul_hi_u32 s18, s0, s18                                   ; 96121200
	v_cvt_u32_f32_e32 v3, v3                                    ; 7e060f03
	s_mul_i32 s21, s18, s13                                     ; 92150d12
	v_readfirstlane_b32 s24, v3                                 ; 7e300503
	s_sub_i32 s0, s0, s21                                       ; 81801500
	s_mul_i32 s25, s12, s24                                     ; 9219180c
	s_cmp_ge_u32 s0, s13                                        ; bf090d00
	s_add_u32 s18, s18, src_scc                                 ; 8012fd12
	s_sub_i32 s23, s0, s13                                      ; 81970d00
	s_cmp_ge_u32 s0, s13                                        ; bf090d00
	s_cselect_b32 s23, s23, s0                                  ; 85170017
	s_cmp_ge_u32 s23, s13                                       ; bf090d17
	s_add_u32 s18, s18, src_scc                                 ; 8012fd12
	s_sub_i32 s25, 0, s25                                       ; 81991980
	s_mul_i32 s18, s18, s10                                     ; 92120a12
	s_mul_hi_u32 s25, s24, s25                                  ; 96191918
	s_add_u32 s24, s24, s25                                     ; 80181918
	s_mul_hi_u32 s24, s11, s24                                  ; 9618180b
	s_mul_i32 s26, s24, s12                                     ; 921a0c18
	s_sub_i32 s11, s11, s26                                     ; 818b1a0b
	s_cmp_ge_u32 s11, s12                                       ; bf090c0b
	s_add_u32 s24, s24, src_scc                                 ; 8018fd18
	s_sub_i32 s28, s11, s12                                     ; 819c0c0b
	s_cmp_ge_u32 s11, s12                                       ; bf090c0b
	s_cselect_b32 s28, s28, s11                                 ; 851c0b1c
	s_cmp_ge_u32 s28, s12                                       ; bf090c1c
	s_add_u32 s24, s24, src_scc                                 ; 8018fd18
	s_add_u32 s18, s18, s24                                     ; 80121812
	s_branch BB4                                                ; bf820001
BB3:
	s_mov_b32 s18, 0                                            ; be920080
BB4:
	s_lshr_b32 s5, s5, 5                                        ; 8f058505
	v_lshlrev_b32_e32 v0, 3, v0                                 ; 24000083
	s_and_b32 s0, s3, 0xfffffe00                                ; 8600ff03 fffffe00
	s_lshr_b32 s1, s3, 9                                        ; 8f018903
	v_mov_b32_e32 v4, 0                                         ; 7e080280
	s_mul_i32 s18, s18, s5                                      ; 92120512
	v_add_u32_e32 v1, s0, v0                                    ; 68020000
	s_mov_b32 s0, 0                                             ; be800080
	v_cmp_gt_u32_e32 vcc, s3, v1                                ; 7d980203
	v_mov_b32_e32 v1, 0                                         ; 7e020280
	v_cndmask_b32_e64 v2, 0, 1, vcc                             ; d1000002 01a90280
	v_add_u32_e32 v2, s1, v2                                    ; 68040401
	v_and_b32_e32 v3, -4, v2                                    ; 260604c4
	s_branch BB5                                                ; bf8201b5
BB10:
	s_mov_b64 exec, s[4:5]                                      ; befe0104
	s_mov_b32 s4, s2                                            ; be840002
	s_movk_i32 s5, 0x8000                                       ; b0058000
	s_load_dwordx8 s[24:31], s[4:5], 0x0                        ; c00e0602 00000000
	s_lshl_b32 s1, s0, 9                                        ; 8e018900
	s_mul_i32 s4, s6, s17                                       ; 92041106
	v_add_u32_e32 v5, s1, v0                                    ; 680a0001
	v_and_b32_e32 v6, 31, v5                                    ; 260c0a9f
	v_sub_u32_e32 v7, v5, v6                                    ; 6a0e0d05
	v_add3_u32 v7, v6, s4, v7                                   ; d1ff0007 041c0906
	v_lshrrev_b32_e32 v7, 2, v7                                 ; 200e0e82
	v_lshlrev_b32_e32 v7, 4, v7                                 ; 240e0e84
	s_waitcnt lgkmcnt(0)                                        ; bf8cc07f
	buffer_load_dwordx4 v[8:11], v7, s[28:31], 0 offen          ; e05c1000 80070807
	buffer_load_dwordx4 v[12:15], v7, s[28:31], 0 offen offset:16 ; e05c1010 80070c07
	s_mul_i32 s5, s16, s3                                       ; 92050310
	s_add_u32 s9, s5, s3                                        ; 80090305
	v_add_u32_e32 v16, s5, v5                                   ; 68200a05
	v_add_u32_e32 v5, s9, v5                                    ; 680a0a09
	v_lshrrev_b32_e32 v16, 5, v16                               ; 20202085
	v_lshrrev_b32_e32 v5, 5, v5                                 ; 200a0a85
	v_add_u32_e32 v16, s18, v16                                 ; 68202012
	v_add_u32_e32 v5, s18, v5                                   ; 680a0a12
	v_lshlrev_b32_e32 v17, 1, v16                               ; 24222081
	v_lshlrev_b32_e32 v20, 1, v5                                ; 24280a81
	v_lshl_add_u32 v16, v16, 5, v17                             ; d1fd0010 04450b10
	v_lshl_add_u32 v5, v5, 5, v20                               ; d1fd0005 04510b05
	v_add_u32_e32 v18, 2, v16                                   ; 68242082
	v_add_u32_e32 v21, 2, v5                                    ; 682a0a82
	v_add_u32_e32 v19, v18, v6                                  ; 68260d12
	v_and_b32_e32 v18, -4, v18                                  ; 262424c4
	v_add_u32_e32 v22, v21, v6                                  ; 682c0d15
	v_and_b32_e32 v21, -4, v21                                  ; 262a2ac4
	v_add_u32_e32 v18, v18, v6                                  ; 68240d12
	v_add_u32_e32 v21, v21, v6                                  ; 682a0d15
	buffer_load_dwordx3 v[23:25], v18, s[24:27], 0 offen        ; e0581000 80061712
	buffer_load_short_d16 v26, v16, s[24:27], 0 offen           ; e0901000 80061a10
	buffer_load_dwordx3 v[27:29], v21, s[24:27], 0 offen        ; e0581000 80061b15
	buffer_load_short_d16 v30, v5, s[24:27], 0 offen            ; e0901000 80061e05
	s_add_u32 s10, s1, 0x200                                    ; 800aff01 00000200
	v_mov_b32_e32 v38, v4                                       ; 7e4c0304
	v_add_u32_e32 v31, s10, v0                                  ; 683e000a
	v_and_b32_e32 v32, 31, v31                                  ; 26403e9f
	v_sub_u32_e32 v33, v31, v32                                 ; 6a42411f
	v_add3_u32 v33, v32, s4, v33                                ; d1ff0021 04840920
	v_lshrrev_b32_e32 v33, 2, v33                               ; 20424282
	v_lshlrev_b32_e32 v33, 4, v33                               ; 24424284
	buffer_load_dwordx4 v[34:37], v33, s[28:31], 0 offen        ; e05c1000 80072221
	buffer_load_dwordx4 v[4:7], v33, s[28:31], 0 offen offset:16 ; e05c1010 80070421
	v_add_u32_e32 v16, s5, v31                                  ; 68203e05
	v_lshrrev_b32_e32 v16, 5, v16                               ; 20202085
	v_add_u32_e32 v16, s18, v16                                 ; 68202012
	s_waitcnt vmcnt(5)                                          ; bf8c3f75
	v_alignbyte_b32 v25, v25, v24, v19                          ; d1cf0019 044e3119
	v_alignbyte_b32 v23, v24, v23, v19                          ; d1cf0017 044e2f18
	v_cvt_f32_i32_sdwa v20, sext(v25) dst_sel:DWORD dst_unused:UNUSED_PAD src0_sel:BYTE_3 ; 7e280af9 000b0619
	v_cvt_f32_i32_sdwa v21, sext(v25) dst_sel:DWORD dst_unused:UNUSED_PAD src0_sel:BYTE_2 ; 7e2a0af9 000a0619
	v_cvt_f32_i32_sdwa v24, sext(v25) dst_sel:DWORD dst_unused:UNUSED_PAD src0_sel:BYTE_1 ; 7e300af9 00090619
	v_cvt_f32_i32_sdwa v25, sext(v25) dst_sel:DWORD dst_unused:UNUSED_PAD src0_sel:BYTE_0 ; 7e320af9 00080619
	v_cvt_f32_i32_sdwa v18, sext(v23) dst_sel:DWORD dst_unused:UNUSED_PAD src0_sel:BYTE_2 ; 7e240af9 000a0617
	v_cvt_f32_i32_sdwa v19, sext(v23) dst_sel:DWORD dst_unused:UNUSED_PAD src0_sel:BYTE_1 ; 7e260af9 00090617
	v_cvt_f32_i32_sdwa v17, sext(v23) dst_sel:DWORD dst_unused:UNUSED_PAD src0_sel:BYTE_3 ; 7e220af9 000b0617
	v_cvt_f32_i32_sdwa v23, sext(v23) dst_sel:DWORD dst_unused:UNUSED_PAD src0_sel:BYTE_0 ; 7e2e0af9 00080617
	v_mul_f32_e32 v20, v15, v20                                 ; 0a28290f
	v_mac_f32_e32 v20, v14, v21                                 ; 2c282b0e
	v_mac_f32_e32 v20, v13, v24                                 ; 2c28310d
	v_mac_f32_e32 v20, v12, v25                                 ; 2c28330c
	v_lshlrev_b32_e32 v25, 1, v16                               ; 24322081
	v_mac_f32_e32 v20, v10, v18                                 ; 2c28250a
	v_mov_b32_e32 v18, v23                                      ; 7e240317
	v_lshl_add_u32 v16, v16, 5, v25                             ; d1fd0010 04650b10
	v_mac_f32_e32 v20, v11, v17                                 ; 2c28230b
	v_add_u32_e32 v33, 2, v16                                   ; 68422082
	v_add_u32_e32 v17, v33, v32                                 ; 68224121
	v_and_b32_e32 v33, -4, v33                                  ; 264242c4
	v_add_u32_e32 v33, v33, v32                                 ; 68424121
	buffer_load_dwordx3 v[23:25], v33, s[24:27], 0 offen        ; e0581000 80061721
	buffer_load_short_d16 v21, v16, s[24:27], 0 offen           ; e0901000 80061510
	v_add_u32_e32 v31, s9, v31                                  ; 683e3e09
	v_mac_f32_e32 v20, v9, v19                                  ; 2c282709
	s_waitcnt vmcnt(6)                                          ; bf8c3f76
	v_cvt_f32_f16_e32 v19, v26                                  ; 7e26171a
	s_waitcnt vmcnt(5)                                          ; bf8c3f75
	v_alignbyte_b32 v27, v28, v27, v22                          ; d1cf001b 045a371c
	v_alignbyte_b32 v29, v29, v28, v22                          ; d1cf001d 045a391d
	v_lshrrev_b32_e32 v31, 5, v31                               ; 203e3e85
	v_mac_f32_e32 v20, v8, v18                                  ; 2c282508
	v_cvt_f32_i32_sdwa v26, sext(v27) dst_sel:DWORD dst_unused:UNUSED_PAD src0_sel:BYTE_1 ; 7e340af9 0009061b
	v_cvt_f32_i32_sdwa v22, sext(v27) dst_sel:DWORD dst_unused:UNUSED_PAD src0_sel:BYTE_2 ; 7e2c0af9 000a061b
	v_cvt_f32_i32_sdwa v28, sext(v29) dst_sel:DWORD dst_unused:UNUSED_PAD src0_sel:BYTE_3 ; 7e380af9 000b061d
	v_add_u32_e32 v31, s18, v31                                 ; 683e3e12
	v_mac_f32_e32 v1, v20, v19                                  ; 2c022714
	v_mul_f32_e32 v15, v15, v28                                 ; 0a1e390f
	v_lshlrev_b32_e32 v33, 1, v31                               ; 24423e81
	v_lshl_add_u32 v31, v31, 5, v33                             ; d1fd001f 04850b1f
	v_add_u32_e32 v16, 2, v31                                   ; 68203e82
	v_add_u32_e32 v18, v16, v32                                 ; 68244110
	v_and_b32_e32 v16, -4, v16                                  ; 262020c4
	v_add_u32_e32 v16, v16, v32                                 ; 68204110
	v_cvt_f32_i32_sdwa v32, sext(v29) dst_sel:DWORD dst_unused:UNUSED_PAD src0_sel:BYTE_2 ; 7e400af9 000a061d
	v_mac_f32_e32 v15, v14, v32                                 ; 2c1e410e
	v_mov_b32_e32 v33, v15                                      ; 7e42030f
	buffer_load_dwordx3 v[14:16], v16, s[24:27], 0 offen        ; e0581000 80060e10
	buffer_load_short_d16 v19, v31, s[24:27], 0 offen           ; e0901000 8006131f
	v_cvt_f32_i32_sdwa v20, sext(v27) dst_sel:DWORD dst_unused:UNUSED_PAD src0_sel:BYTE_3 ; 7e280af9 000b061b
	v_cvt_f32_i32_sdwa v27, sext(v27) dst_sel:DWORD dst_unused:UNUSED_PAD src0_sel:BYTE_0 ; 7e360af9 0008061b
	v_cvt_f32_i32_sdwa v28, sext(v29) dst_sel:DWORD dst_unused:UNUSED_PAD src0_sel:BYTE_1 ; 7e380af9 0009061d
	v_cvt_f32_i32_sdwa v29, sext(v29) dst_sel:DWORD dst_unused:UNUSED_PAD src0_sel:BYTE_0 ; 7e3a0af9 0008061d
	s_add_u32 s11, 0x400, s1                                    ; 800b01ff 00000400
	v_mac_f32_e32 v33, v13, v28                                 ; 2c42390d
	v_mac_f32_e32 v33, v12, v29                                 ; 2c423b0c
	v_add_u32_e32 v29, s11, v0                                  ; 683a000b
	v_mac_f32_e32 v33, v10, v22                                 ; 2c422d0a
	v_and_b32_e32 v31, 31, v29                                  ; 263e3a9f
	v_mac_f32_e32 v33, v11, v20                                 ; 2c42290b
	v_sub_u32_e32 v32, v29, v31                                 ; 6a403f1d
	v_mac_f32_e32 v33, v9, v26                                  ; 2c423509
	v_add3_u32 v32, v31, s4, v32                                ; d1ff0020 0480091f
	v_lshrrev_b32_e32 v32, 2, v32                               ; 20404082
	v_lshlrev_b32_e32 v32, 4, v32                               ; 24404084
	s_waitcnt vmcnt(0)                                          ; bf8c3f70
	v_pack_b32_f16 v9, v19, v21                                 ; d2a00009 00022b13
	buffer_load_dwordx4 v[10:13], v32, s[28:31], 0 offen        ; e05c1000 80070a20
	buffer_load_dwordx4 v[19:22], v32, s[28:31], 0 offen offset:16 ; e05c1010 80071320
	v_add_u32_e32 v26, s5, v29                                  ; 68343a05
	v_mac_f32_e32 v33, v8, v27                                  ; 2c423708
	v_cvt_f32_f16_e32 v27, v30                                  ; 7e36171e
	v_alignbyte_b32 v25, v25, v24, v17                          ; d1cf0019 04463119
	v_alignbyte_b32 v23, v24, v23, v17                          ; d1cf0017 04462f18
	v_lshrrev_b32_e32 v26, 5, v26                               ; 20343485
	v_mac_f32_e32 v38, v33, v27                                 ; 2c4c3721
	v_cvt_f32_i32_sdwa v17, sext(v25) dst_sel:DWORD dst_unused:UNUSED_PAD src0_sel:BYTE_1 ; 7e220af9 00090619
	v_cvt_f32_i32_sdwa v8, sext(v25) dst_sel:DWORD dst_unused:UNUSED_PAD src0_sel:BYTE_2 ; 7e100af9 000a0619
	v_cvt_f32_i32_sdwa v33, sext(v25) dst_sel:DWORD dst_unused:UNUSED_PAD src0_sel:BYTE_3 ; 7e420af9 000b0619
	v_cvt_f32_i32_sdwa v25, sext(v25) dst_sel:DWORD dst_unused:UNUSED_PAD src0_sel:BYTE_0 ; 7e320af9 00080619
	v_cvt_f32_i32_sdwa v28, sext(v23) dst_sel:DWORD dst_unused:UNUSED_PAD src0_sel:BYTE_3 ; 7e380af9 000b0617
	v_cvt_f32_i32_sdwa v32, sext(v23) dst_sel:DWORD dst_unused:UNUSED_PAD src0_sel:BYTE_1 ; 7e400af9 00090617
	v_cvt_f32_i32_sdwa v30, sext(v23) dst_sel:DWORD dst_unused:UNUSED_PAD src0_sel:BYTE_2 ; 7e3c0af9 000a0617
	v_cvt_f32_i32_sdwa v23, sext(v23) dst_sel:DWORD dst_unused:UNUSED_PAD src0_sel:BYTE_0 ; 7e2e0af9 00080617
	v_add_u32_e32 v26, s18, v26                                 ; 68343412
	v_mul_f32_e32 v33, v7, v33                                  ; 0a424307
	v_lshlrev_b32_e32 v24, 1, v26                               ; 24303481
	v_mac_f32_e32 v33, v6, v8                                   ; 2c421106
	v_mov_b32_e32 v8, v23                                       ; 7e100317
	v_lshl_add_u32 v26, v26, 5, v24                             ; d1fd001a 04610b1a
	v_mac_f32_e32 v33, v5, v17                                  ; 2c422305
	v_mac_f32_e32 v33, v4, v25                                  ; 2c423304
	v_add_u32_e32 v25, 2, v26                                   ; 68323482
	v_add_u32_e32 v27, v25, v31                                 ; 68363f19
	v_and_b32_e32 v25, -4, v25                                  ; 263232c4
	v_add_u32_e32 v25, v25, v31                                 ; 68323f19
	buffer_load_dwordx3 v[23:25], v25, s[24:27], 0 offen        ; e0581000 80061719
	buffer_load_short_d16 v17, v26, s[24:27], 0 offen           ; e0901000 8006111a
	v_add_u32_e32 v29, s9, v29                                  ; 683a3a09
	v_mac_f32_e32 v33, v36, v30                                 ; 2c423d24
	v_alignbyte_b32 v14, v15, v14, v18                          ; d1cf000e 044a1d0f
	v_alignbyte_b32 v16, v16, v15, v18                          ; d1cf0010 044a1f10
	v_lshrrev_b32_e32 v29, 5, v29                               ; 203a3a85
	v_mac_f32_e32 v33, v37, v28                                 ; 2c423925
	v_cvt_f32_i32_sdwa v15, sext(v16) dst_sel:DWORD dst_unused:UNUSED_PAD src0_sel:BYTE_3 ; 7e1e0af9 000b0610
	v_add_u32_e32 v29, s18, v29                                 ; 683a3a12
	v_mac_f32_e32 v33, v35, v32                                 ; 2c424123
	v_cvt_f32_i32_sdwa v32, sext(v14) dst_sel:DWORD dst_unused:UNUSED_PAD src0_sel:BYTE_3 ; 7e400af9 000b060e
	v_mul_f32_e32 v7, v7, v15                                   ; 0a0e1f07
	v_cvt_f32_i32_sdwa v18, sext(v16) dst_sel:DWORD dst_unused:UNUSED_PAD src0_sel:BYTE_2 ; 7e240af9 000a0610
	v_lshlrev_b32_e32 v26, 1, v29                               ; 24343a81
	v_mac_f32_e32 v7, v6, v18                                   ; 2c0e2506
	v_mov_b32_e32 v6, v27                                       ; 7e0c031b
	v_lshl_add_u32 v29, v29, 5, v26                             ; d1fd001d 04690b1d
	v_add_u32_e32 v28, 2, v29                                   ; 68383a82
	v_add_u32_e32 v30, v28, v31                                 ; 683c3f1c
	v_and_b32_e32 v28, -4, v28                                  ; 263838c4
	v_add_u32_e32 v28, v28, v31                                 ; 68383f1c
	buffer_load_dwordx3 v[26:28], v28, s[24:27], 0 offen        ; e0581000 80061a1c
	buffer_load_short_d16 v15, v29, s[24:27], 0 offen           ; e0901000 80060f1d
	v_cvt_f32_f16_sdwa v31, v9 dst_sel:DWORD dst_unused:UNUSED_PAD src0_sel:WORD_1 ; 7e3e16f9 00050609
	v_mac_f32_e32 v33, v34, v8                                  ; 2c421122
	v_cvt_f32_i32_sdwa v8, sext(v14) dst_sel:DWORD dst_unused:UNUSED_PAD src0_sel:BYTE_1 ; 7e100af9 0009060e
	v_cvt_f32_i32_sdwa v18, sext(v16) dst_sel:DWORD dst_unused:UNUSED_PAD src0_sel:BYTE_1 ; 7e240af9 00090610
	v_cvt_f32_i32_sdwa v16, sext(v16) dst_sel:DWORD dst_unused:UNUSED_PAD src0_sel:BYTE_0 ; 7e200af9 00080610
	s_addk_i32 s1, 0x600                                        ; b7010600
	v_mac_f32_e32 v1, v33, v31                                  ; 2c023f21
	v_cvt_f32_i32_sdwa v33, sext(v14) dst_sel:DWORD dst_unused:UNUSED_PAD src0_sel:BYTE_2 ; 7e420af9 000a060e
	v_mac_f32_e32 v7, v5, v18                                   ; 2c0e2505
	v_cvt_f32_i32_sdwa v14, sext(v14) dst_sel:DWORD dst_unused:UNUSED_PAD src0_sel:BYTE_0 ; 7e1c0af9 0008060e
	v_add_u32_e32 v29, s1, v0                                   ; 683a0001
	v_mac_f32_e32 v7, v4, v16                                   ; 2c0e2104
	v_mov_b32_e32 v4, v34                                       ; 7e080322
	v_mov_b32_e32 v16, v6                                       ; 7e200306
	v_and_b32_e32 v31, 31, v29                                  ; 263e3a9f
	v_mac_f32_e32 v7, v36, v33                                  ; 2c0e4324
	v_mac_f32_e32 v7, v37, v32                                  ; 2c0e4125
	v_sub_u32_e32 v32, v29, v31                                 ; 6a403f1d
	v_mac_f32_e32 v7, v35, v8                                   ; 2c0e1123
	v_add3_u32 v32, v31, s4, v32                                ; d1ff0020 0480091f
	v_mov_b32_e32 v18, v7                                       ; 7e240307
	v_lshrrev_b32_e32 v32, 2, v32                               ; 20404082
	v_lshlrev_b32_e32 v32, 4, v32                               ; 24404084
	buffer_load_dwordx4 v[33:36], v32, s[28:31], 0 offen        ; e05c1000 80072120
	buffer_load_dwordx4 v[5:8], v32, s[28:31], 0 offen offset:16 ; e05c1010 80070520
	v_add_u32_e32 v32, s5, v29                                  ; 68403a05
	v_cvt_f32_f16_e32 v37, v9                                   ; 7e4a1709
	v_mac_f32_e32 v18, v4, v14                                  ; 2c241d04
	v_lshrrev_b32_e32 v32, 5, v32                               ; 20404085
	v_mad_f32 v4, v18, v37, v38                                 ; d1c10004 049a4b12
	v_add_u32_e32 v32, s18, v32                                 ; 68404012
	s_waitcnt vmcnt(5)                                          ; bf8c3f75
	v_alignbyte_b32 v23, v24, v23, v16                          ; d1cf0017 04422f18
	v_alignbyte_b32 v25, v25, v24, v16                          ; d1cf0019 04423119
	v_cvt_f32_i32_sdwa v14, sext(v23) dst_sel:DWORD dst_unused:UNUSED_PAD src0_sel:BYTE_1 ; 7e1c0af9 00090617
	v_cvt_f32_i32_sdwa v9, sext(v23) dst_sel:DWORD dst_unused:UNUSED_PAD src0_sel:BYTE_2 ; 7e120af9 000a0617
	v_cvt_f32_i32_sdwa v38, sext(v23) dst_sel:DWORD dst_unused:UNUSED_PAD src0_sel:BYTE_3 ; 7e4c0af9 000b0617
	v_cvt_f32_i32_sdwa v23, sext(v23) dst_sel:DWORD dst_unused:UNUSED_PAD src0_sel:BYTE_0 ; 7e2e0af9 00080617
	v_cvt_f32_i32_sdwa v24, sext(v25) dst_sel:DWORD dst_unused:UNUSED_PAD src0_sel:BYTE_1 ; 7e300af9 00090619
	v_cvt_f32_i32_sdwa v16, sext(v25) dst_sel:DWORD dst_unused:UNUSED_PAD src0_sel:BYTE_3 ; 7e200af9 000b0619
	v_cvt_f32_i32_sdwa v18, sext(v25) dst_sel:DWORD dst_unused:UNUSED_PAD src0_sel:BYTE_2 ; 7e240af9 000a0619
	v_cvt_f32_i32_sdwa v25, sext(v25) dst_sel:DWORD dst_unused:UNUSED_PAD src0_sel:BYTE_0 ; 7e320af9 00080619
	v_mul_f32_e32 v16, v22, v16                                 ; 0a202116
	v_mac_f32_e32 v16, v21, v18                                 ; 2c202515
	v_mac_f32_e32 v16, v20, v24                                 ; 2c203114
	v_mac_f32_e32 v16, v19, v25                                 ; 2c203313
	v_lshlrev_b32_e32 v25, 1, v32                               ; 24324081
	v_mac_f32_e32 v16, v12, v9                                  ; 2c20130c
	v_mov_b32_e32 v9, v23                                       ; 7e120317
	v_lshl_add_u32 v32, v32, 5, v25                             ; d1fd0020 04650b20
	v_mac_f32_e32 v16, v13, v38                                 ; 2c204d0d
	v_add_u32_e32 v37, 2, v32                                   ; 684a4082
	v_add_u32_e32 v38, v37, v31                                 ; 684c3f25
	v_and_b32_e32 v37, -4, v37                                  ; 264a4ac4
	v_add_u32_e32 v37, v37, v31                                 ; 684a3f25
	buffer_load_dwordx3 v[23:25], v37, s[24:27], 0 offen        ; e0581000 80061725
	buffer_load_short_d16 v18, v32, s[24:27], 0 offen           ; e0901000 80061220
	v_add_u32_e32 v29, s9, v29                                  ; 683a3a09
	v_mac_f32_e32 v16, v11, v14                                 ; 2c201d0b
	s_waitcnt vmcnt(6)                                          ; bf8c3f76
	v_cvt_f32_f16_e32 v14, v17                                  ; 7e1c1711
	s_waitcnt vmcnt(5)                                          ; bf8c3f75
	v_alignbyte_b32 v26, v27, v26, v30                          ; d1cf001a 047a351b
	v_alignbyte_b32 v28, v28, v27, v30                          ; d1cf001c 047a371c
	v_lshrrev_b32_e32 v29, 5, v29                               ; 203a3a85
	v_mac_f32_e32 v16, v10, v9                                  ; 2c20130a
	v_cvt_f32_i32_sdwa v17, sext(v26) dst_sel:DWORD dst_unused:UNUSED_PAD src0_sel:BYTE_2 ; 7e220af9 000a061a
	v_cvt_f32_i32_sdwa v27, sext(v26) dst_sel:DWORD dst_unused:UNUSED_PAD src0_sel:BYTE_1 ; 7e360af9 0009061a
	v_cvt_f32_i32_sdwa v30, sext(v28) dst_sel:DWORD dst_unused:UNUSED_PAD src0_sel:BYTE_3 ; 7e3c0af9 000b061c
	v_add_u32_e32 v29, s18, v29                                 ; 683a3a12
	v_mul_f32_e32 v22, v22, v30                                 ; 0a2c3d16
	v_lshlrev_b32_e32 v32, 1, v29                               ; 24403a81
	v_lshl_add_u32 v29, v29, 5, v32                             ; d1fd001d 04810b1d
	v_add_u32_e32 v37, 2, v29                                   ; 684a3a82
	v_add_u32_e32 v9, v37, v31                                  ; 68123f25
	v_and_b32_e32 v37, -4, v37                                  ; 264a4ac4
	v_add_u32_e32 v37, v37, v31                                 ; 684a3f25
	v_cvt_f32_i32_sdwa v31, sext(v28) dst_sel:DWORD dst_unused:UNUSED_PAD src0_sel:BYTE_2 ; 7e3e0af9 000a061c
	v_mac_f32_e32 v22, v21, v31                                 ; 2c2c3f15
	buffer_load_dwordx3 v[30:32], v37, s[24:27], 0 offen        ; e0581000 80061e25
	buffer_load_short_d16 v37, v29, s[24:27], 0 offen           ; e0901000 8006251d
	v_mac_f32_e32 v1, v16, v14                                  ; 2c021d10
	v_cvt_f32_i32_sdwa v16, sext(v26) dst_sel:DWORD dst_unused:UNUSED_PAD src0_sel:BYTE_3 ; 7e200af9 000b061a
	v_cvt_f32_i32_sdwa v26, sext(v26) dst_sel:DWORD dst_unused:UNUSED_PAD src0_sel:BYTE_0 ; 7e340af9 0008061a
	v_cvt_f32_i32_sdwa v14, sext(v28) dst_sel:DWORD dst_unused:UNUSED_PAD src0_sel:BYTE_1 ; 7e1c0af9 0009061c
	v_cvt_f32_i32_sdwa v28, sext(v28) dst_sel:DWORD dst_unused:UNUSED_PAD src0_sel:BYTE_0 ; 7e380af9 0008061c
	s_add_u32 s0, 4, s0                                         ; 80000084
	s_waitcnt vmcnt(6)                                          ; bf8c3f76
	v_cvt_f32_f16_e32 v15, v15                                  ; 7e1e170f
	v_mac_f32_e32 v22, v20, v14                                 ; 2c2c1d14
	v_mac_f32_e32 v22, v19, v28                                 ; 2c2c3913
	v_mac_f32_e32 v22, v12, v17                                 ; 2c2c230c
	v_mac_f32_e32 v22, v13, v16                                 ; 2c2c210d
	v_mac_f32_e32 v22, v11, v27                                 ; 2c2c370b
	v_mac_f32_e32 v22, v10, v26                                 ; 2c2c350a
	v_mac_f32_e32 v4, v22, v15                                  ; 2c081f16
	s_waitcnt vmcnt(3)                                          ; bf8c3f73
	v_alignbyte_b32 v23, v24, v23, v38                          ; d1cf0017 049a2f18
	v_alignbyte_b32 v25, v25, v24, v38                          ; d1cf0019 049a3119
	v_cvt_f32_i32_sdwa v19, sext(v23) dst_sel:DWORD dst_unused:UNUSED_PAD src0_sel:BYTE_1 ; 7e260af9 00090617
	v_cvt_f32_i32_sdwa v16, sext(v23) dst_sel:DWORD dst_unused:UNUSED_PAD src0_sel:BYTE_3 ; 7e200af9 000b0617
	v_cvt_f32_i32_sdwa v17, sext(v23) dst_sel:DWORD dst_unused:UNUSED_PAD src0_sel:BYTE_2 ; 7e220af9 000a0617
	v_cvt_f32_i32_sdwa v23, sext(v23) dst_sel:DWORD dst_unused:UNUSED_PAD src0_sel:BYTE_0 ; 7e2e0af9 00080617
	v_cvt_f32_i32_sdwa v22, sext(v25) dst_sel:DWORD dst_unused:UNUSED_PAD src0_sel:BYTE_1 ; 7e2c0af9 00090619
	v_cvt_f32_i32_sdwa v20, sext(v25) dst_sel:DWORD dst_unused:UNUSED_PAD src0_sel:BYTE_3 ; 7e280af9 000b0619
	v_cvt_f32_i32_sdwa v21, sext(v25) dst_sel:DWORD dst_unused:UNUSED_PAD src0_sel:BYTE_2 ; 7e2a0af9 000a0619
	v_cvt_f32_i32_sdwa v25, sext(v25) dst_sel:DWORD dst_unused:UNUSED_PAD src0_sel:BYTE_0 ; 7e320af9 00080619
	v_mul_f32_e32 v20, v8, v20                                  ; 0a282908
	v_mac_f32_e32 v20, v7, v21                                  ; 2c282b07
	v_mac_f32_e32 v20, v6, v22                                  ; 2c282d06
	v_mac_f32_e32 v20, v5, v25                                  ; 2c283305
	v_mac_f32_e32 v20, v35, v17                                 ; 2c282323
	v_mac_f32_e32 v20, v36, v16                                 ; 2c282124
	v_mac_f32_e32 v20, v34, v19                                 ; 2c282722
	v_mac_f32_e32 v20, v33, v23                                 ; 2c282f21
	s_waitcnt vmcnt(2)                                          ; bf8c3f72
	v_cvt_f32_f16_e32 v23, v18                                  ; 7e2e1712
	s_waitcnt vmcnt(1)                                          ; bf8c3f71
	v_alignbyte_b32 v32, v32, v31, v9                           ; d1cf0020 04263f20
	v_mac_f32_e32 v1, v20, v23                                  ; 2c022f14
	v_alignbyte_b32 v30, v31, v30, v9                           ; d1cf001e 04263d1f
	v_cvt_f32_i32_sdwa v29, sext(v32) dst_sel:DWORD dst_unused:UNUSED_PAD src0_sel:BYTE_1 ; 7e3a0af9 00090620
	v_cvt_f32_i32_sdwa v27, sext(v32) dst_sel:DWORD dst_unused:UNUSED_PAD src0_sel:BYTE_3 ; 7e360af9 000b0620
	v_cvt_f32_i32_sdwa v28, sext(v32) dst_sel:DWORD dst_unused:UNUSED_PAD src0_sel:BYTE_2 ; 7e380af9 000a0620
	v_cvt_f32_i32_sdwa v32, sext(v32) dst_sel:DWORD dst_unused:UNUSED_PAD src0_sel:BYTE_0 ; 7e400af9 00080620
	v_cvt_f32_i32_sdwa v24, sext(v30) dst_sel:DWORD dst_unused:UNUSED_PAD src0_sel:BYTE_3 ; 7e300af9 000b061e
	v_cvt_f32_i32_sdwa v25, sext(v30) dst_sel:DWORD dst_unused:UNUSED_PAD src0_sel:BYTE_2 ; 7e320af9 000a061e
	v_cvt_f32_i32_sdwa v26, sext(v30) dst_sel:DWORD dst_unused:UNUSED_PAD src0_sel:BYTE_1 ; 7e340af9 0009061e
	v_cvt_f32_i32_sdwa v30, sext(v30) dst_sel:DWORD dst_unused:UNUSED_PAD src0_sel:BYTE_0 ; 7e3c0af9 0008061e
	v_mul_f32_e32 v8, v8, v27                                   ; 0a103708
	v_mac_f32_e32 v8, v7, v28                                   ; 2c103907
	v_mac_f32_e32 v8, v6, v29                                   ; 2c103b06
	v_mac_f32_e32 v8, v5, v32                                   ; 2c104105
	v_mac_f32_e32 v8, v35, v25                                  ; 2c103323
	v_mac_f32_e32 v8, v36, v24                                  ; 2c103124
	v_mac_f32_e32 v8, v34, v26                                  ; 2c103522
	v_mac_f32_e32 v8, v33, v30                                  ; 2c103d21
	s_waitcnt vmcnt(0)                                          ; bf8c3f70
	v_cvt_f32_f16_e32 v30, v37                                  ; 7e3c1725
	v_mac_f32_e32 v4, v8, v30                                   ; 2c083d08
BB5:
	s_mov_b64 s[4:5], exec                                      ; be84017e
	v_cmpx_ge_u32_e32 vcc, s0, v3                               ; 7dbc0600
BB6:
	v_mov_b32_e32 v3, s0                                        ; 7e060200
	s_andn2_b64 s[4:5], s[4:5], exec                            ; 89847e04
	s_cbranch_scc1 BB10                                         ; bf85fe46
BB11:
	s_mov_b64 exec, -1                                          ; befe01c1
	v_and_b32_e32 v5, -2, v2                                    ; 260a04c2
	s_branch BB12                                               ; bf8200e3
	s_nop 0                                                     ; bf800000
	(then repeated 2 times)
BB17:
	s_mov_b64 exec, s[0:1]                                      ; befe0100
	s_mov_b32 s0, s2                                            ; be800002
	s_movk_i32 s1, 0x8000                                       ; b0018000
	s_load_dwordx8 s[24:31], s[0:1], 0x0                        ; c00e0600 00000000
	s_mul_i32 s0, s6, s17                                       ; 92001106
	v_lshl_add_u32 v6, v3, 9, v0                                ; d1fd0006 04011303
	v_and_b32_e32 v7, 31, v6                                    ; 260e0c9f
	v_sub_u32_e32 v8, v6, v7                                    ; 6a100f06
	v_add3_u32 v8, v7, s0, v8                                   ; d1ff0008 04200107
	v_lshrrev_b32_e32 v8, 2, v8                                 ; 20101082
	v_lshlrev_b32_e32 v8, 4, v8                                 ; 24101084
	s_waitcnt lgkmcnt(0)                                        ; bf8cc07f
	buffer_load_dwordx4 v[12:15], v8, s[28:31], 0 offen         ; e05c1000 80070c08
	buffer_load_dwordx4 v[8:11], v8, s[28:31], 0 offen offset:16 ; e05c1010 80070808
	s_mul_i32 s1, s16, s3                                       ; 92010310
	s_add_u32 s4, s1, s3                                        ; 80040301
	v_add_u32_e32 v16, s1, v6                                   ; 68200c01
	v_add_u32_e32 v6, s4, v6                                    ; 680c0c04
	v_lshrrev_b32_e32 v16, 5, v16                               ; 20202085
	v_lshrrev_b32_e32 v6, 5, v6                                 ; 200c0c85
	v_add_u32_e32 v16, s18, v16                                 ; 68202012
	v_add_u32_e32 v6, s18, v6                                   ; 680c0c12
	v_lshlrev_b32_e32 v17, 1, v16                               ; 24222081
	v_lshlrev_b32_e32 v20, 1, v6                                ; 24280c81
	v_lshl_add_u32 v16, v16, 5, v17                             ; d1fd0010 04450b10
	v_lshl_add_u32 v6, v6, 5, v20                               ; d1fd0006 04510b06
	v_add_u32_e32 v18, 2, v16                                   ; 68242082
	v_add_u32_e32 v21, 2, v6                                    ; 682a0c82
	v_add_u32_e32 v19, v18, v7                                  ; 68260f12
	v_and_b32_e32 v18, -4, v18                                  ; 262424c4
	v_add_u32_e32 v22, v21, v7                                  ; 682c0f15
	v_and_b32_e32 v21, -4, v21                                  ; 262a2ac4
	v_add_u32_e32 v18, v18, v7                                  ; 68240f12
	v_add_u32_e32 v21, v21, v7                                  ; 682a0f15
	buffer_load_dwordx3 v[23:25], v18, s[24:27], 0 offen        ; e0581000 80061712
	buffer_load_short_d16 v26, v16, s[24:27], 0 offen           ; e0901000 80061a10
	buffer_load_dwordx3 v[27:29], v21, s[24:27], 0 offen        ; e0581000 80061b15
	buffer_load_short_d16 v30, v6, s[24:27], 0 offen            ; e0901000 80061e06
	s_movk_i32 s5, 0x200                                        ; b0050200
	v_mov_b32_e32 v6, v19                                       ; 7e0c0313
	v_lshl_add_u32 v31, v3, 9, s5                               ; d1fd001f 00151303
	v_add_u32_e32 v31, v31, v0                                  ; 683e011f
	v_and_b32_e32 v32, 31, v31                                  ; 26403e9f
	v_sub_u32_e32 v33, v31, v32                                 ; 6a42411f
	v_add3_u32 v33, v32, s0, v33                                ; d1ff0021 04840120
	v_lshrrev_b32_e32 v33, 2, v33                               ; 20424282
	v_lshlrev_b32_e32 v33, 4, v33                               ; 24424284
	buffer_load_dwordx4 v[34:37], v33, s[28:31], 0 offen        ; e05c1000 80072221
	buffer_load_dwordx4 v[16:19], v33, s[28:31], 0 offen offset:16 ; e05c1010 80071021
	s_waitcnt vmcnt(5)                                          ; bf8c3f75
	v_alignbyte_b32 v23, v24, v23, v6                           ; d1cf0017 041a2f18
	v_alignbyte_b32 v25, v25, v24, v6                           ; d1cf0019 041a3119
	v_cvt_f32_i32_sdwa v20, sext(v23) dst_sel:DWORD dst_unused:UNUSED_PAD src0_sel:BYTE_2 ; 7e280af9 000a0617
	v_cvt_f32_i32_sdwa v7, sext(v23) dst_sel:DWORD dst_unused:UNUSED_PAD src0_sel:BYTE_3 ; 7e0e0af9 000b0617
	v_cvt_f32_i32_sdwa v21, sext(v23) dst_sel:DWORD dst_unused:UNUSED_PAD src0_sel:BYTE_1 ; 7e2a0af9 00090617
	v_cvt_f32_i32_sdwa v23, sext(v23) dst_sel:DWORD dst_unused:UNUSED_PAD src0_sel:BYTE_0 ; 7e2e0af9 00080617
	v_cvt_f32_i32_sdwa v33, sext(v25) dst_sel:DWORD dst_unused:UNUSED_PAD src0_sel:BYTE_2 ; 7e420af9 000a0619
	v_cvt_f32_i32_sdwa v38, sext(v25) dst_sel:DWORD dst_unused:UNUSED_PAD src0_sel:BYTE_1 ; 7e4c0af9 00090619
	v_cvt_f32_i32_sdwa v24, sext(v25) dst_sel:DWORD dst_unused:UNUSED_PAD src0_sel:BYTE_3 ; 7e300af9 000b0619
	v_cvt_f32_i32_sdwa v25, sext(v25) dst_sel:DWORD dst_unused:UNUSED_PAD src0_sel:BYTE_0 ; 7e320af9 00080619
	v_mul_f32_e32 v24, v11, v24                                 ; 0a30310b
	v_mac_f32_e32 v24, v10, v33                                 ; 2c30430a
	v_mac_f32_e32 v24, v9, v38                                  ; 2c304d09
	v_add_u32_e32 v38, s1, v31                                  ; 684c3e01
	v_mac_f32_e32 v24, v8, v25                                  ; 2c303308
	v_lshrrev_b32_e32 v38, 5, v38                               ; 204c4c85
	v_mac_f32_e32 v24, v14, v20                                 ; 2c30290e
	v_add_u32_e32 v38, s18, v38                                 ; 684c4c12
	v_mac_f32_e32 v24, v15, v7                                  ; 2c300f0f
	v_lshlrev_b32_e32 v6, 1, v38                                ; 240c4c81
	v_mac_f32_e32 v24, v13, v21                                 ; 2c302b0d
	v_mov_b32_e32 v21, v5                                       ; 7e2a0305
	v_lshl_add_u32 v38, v38, 5, v6                              ; d1fd0026 04190b26
	v_add_u32_e32 v7, 2, v38                                    ; 680e4c82
	v_add_u32_e32 v20, v7, v32                                  ; 68284107
	v_and_b32_e32 v7, -4, v7                                    ; 260e0ec4
	v_add_u32_e32 v7, v7, v32                                   ; 680e4107
	buffer_load_dwordx3 v[5:7], v7, s[24:27], 0 offen           ; e0581000 80060507
	buffer_load_short_d16 v25, v38, s[24:27], 0 offen           ; e0901000 80061926
	v_add_u32_e32 v31, s4, v31                                  ; 683e3e04
	v_mac_f32_e32 v24, v12, v23                                 ; 2c302f0c
	s_waitcnt vmcnt(6)                                          ; bf8c3f76
	v_cvt_f32_f16_e32 v23, v26                                  ; 7e2e171a
	s_waitcnt vmcnt(5)                                          ; bf8c3f75
	v_alignbyte_b32 v27, v28, v27, v22                          ; d1cf001b 045a371c
	v_alignbyte_b32 v29, v29, v28, v22                          ; d1cf001d 045a391d
	v_lshrrev_b32_e32 v31, 5, v31                               ; 203e3e85
	v_mac_f32_e32 v1, v24, v23                                  ; 2c022f18
	v_cvt_f32_i32_sdwa v24, sext(v27) dst_sel:DWORD dst_unused:UNUSED_PAD src0_sel:BYTE_3 ; 7e300af9 000b061b
	v_cvt_f32_i32_sdwa v28, sext(v27) dst_sel:DWORD dst_unused:UNUSED_PAD src0_sel:BYTE_1 ; 7e380af9 0009061b
	v_cvt_f32_i32_sdwa v26, sext(v27) dst_sel:DWORD dst_unused:UNUSED_PAD src0_sel:BYTE_2 ; 7e340af9 000a061b
	v_cvt_f32_i32_sdwa v27, sext(v27) dst_sel:DWORD dst_unused:UNUSED_PAD src0_sel:BYTE_0 ; 7e360af9 0008061b
	v_cvt_f32_i32_sdwa v23, sext(v29) dst_sel:DWORD dst_unused:UNUSED_PAD src0_sel:BYTE_1 ; 7e2e0af9 0009061d
	v_cvt_f32_i32_sdwa v22, sext(v29) dst_sel:DWORD dst_unused:UNUSED_PAD src0_sel:BYTE_2 ; 7e2c0af9 000a061d
	v_add_u32_e32 v31, s18, v31                                 ; 683e3e12
	v_lshlrev_b32_e32 v33, 1, v31                               ; 24423e81
	v_lshl_add_u32 v31, v31, 5, v33                             ; d1fd001f 04850b1f
	v_cvt_f32_i32_sdwa v33, sext(v29) dst_sel:DWORD dst_unused:UNUSED_PAD src0_sel:BYTE_3 ; 7e420af9 000b061d
	v_add_u32_e32 v38, 2, v31                                   ; 684c3e82
	v_mul_f32_e32 v11, v11, v33                                 ; 0a16430b
	v_add_u32_e32 v33, v38, v32                                 ; 68424126
	v_and_b32_e32 v38, -4, v38                                  ; 264c4cc4
	v_mac_f32_e32 v11, v10, v22                                 ; 2c162d0a
	v_mov_b32_e32 v22, v8                                       ; 7e2c0308
	v_add_u32_e32 v38, v38, v32                                 ; 684c4126
	v_mac_f32_e32 v11, v9, v23                                  ; 2c162f09
	buffer_load_dwordx3 v[8:10], v38, s[24:27], 0 offen         ; e0581000 80060826
	buffer_load_short_d16 v23, v31, s[24:27], 0 offen           ; e0901000 8006171f
	v_cvt_f32_i32_sdwa v29, sext(v29) dst_sel:DWORD dst_unused:UNUSED_PAD src0_sel:BYTE_0 ; 7e3a0af9 0008061d
	v_add_u32_e32 v3, 2, v3                                     ; 68060682
	v_mac_f32_e32 v11, v22, v29                                 ; 2c163b16
	v_mac_f32_e32 v11, v14, v26                                 ; 2c16350e
	v_mac_f32_e32 v11, v15, v24                                 ; 2c16310f
	s_waitcnt vmcnt(6)                                          ; bf8c3f76
	v_cvt_f32_f16_e32 v24, v30                                  ; 7e30171e
	v_mac_f32_e32 v11, v13, v28                                 ; 2c16390d
	v_mac_f32_e32 v11, v12, v27                                 ; 2c16370c
	v_mac_f32_e32 v4, v11, v24                                  ; 2c08310b
	s_waitcnt vmcnt(3)                                          ; bf8c3f73
	v_alignbyte_b32 v7, v7, v6, v20                             ; d1cf0007 04520d07
	v_alignbyte_b32 v5, v6, v5, v20                             ; d1cf0005 04520b06
	v_cvt_f32_i32_sdwa v31, sext(v7) dst_sel:DWORD dst_unused:UNUSED_PAD src0_sel:BYTE_1 ; 7e3e0af9 00090607
	v_cvt_f32_i32_sdwa v30, sext(v7) dst_sel:DWORD dst_unused:UNUSED_PAD src0_sel:BYTE_2 ; 7e3c0af9 000a0607
	v_cvt_f32_i32_sdwa v29, sext(v7) dst_sel:DWORD dst_unused:UNUSED_PAD src0_sel:BYTE_3 ; 7e3a0af9 000b0607
	v_cvt_f32_i32_sdwa v7, sext(v7) dst_sel:DWORD dst_unused:UNUSED_PAD src0_sel:BYTE_0 ; 7e0e0af9 00080607
	v_cvt_f32_i32_sdwa v28, sext(v5) dst_sel:DWORD dst_unused:UNUSED_PAD src0_sel:BYTE_1 ; 7e380af9 00090605
	v_cvt_f32_i32_sdwa v27, sext(v5) dst_sel:DWORD dst_unused:UNUSED_PAD src0_sel:BYTE_2 ; 7e360af9 000a0605
	s_waitcnt vmcnt(2)                                          ; bf8c3f72
	v_cvt_f32_f16_e32 v32, v25                                  ; 7e401719
	v_cvt_f32_i32_sdwa v26, sext(v5) dst_sel:DWORD dst_unused:UNUSED_PAD src0_sel:BYTE_3 ; 7e340af9 000b0605
	v_cvt_f32_i32_sdwa v5, sext(v5) dst_sel:DWORD dst_unused:UNUSED_PAD src0_sel:BYTE_0 ; 7e0a0af9 00080605
	v_mul_f32_e32 v29, v19, v29                                 ; 0a3a3b13
	v_mac_f32_e32 v29, v18, v30                                 ; 2c3a3d12
	v_mac_f32_e32 v29, v17, v31                                 ; 2c3a3f11
	v_mac_f32_e32 v29, v16, v7                                  ; 2c3a0f10
	v_mac_f32_e32 v29, v36, v27                                 ; 2c3a3724
	v_mac_f32_e32 v29, v37, v26                                 ; 2c3a3525
	v_mac_f32_e32 v29, v35, v28                                 ; 2c3a3923
	v_mac_f32_e32 v29, v34, v5                                  ; 2c3a0b22
	v_mac_f32_e32 v1, v29, v32                                  ; 2c02411d
	s_waitcnt vmcnt(1)                                          ; bf8c3f71
	v_alignbyte_b32 v10, v10, v9, v33                           ; d1cf000a 0486130a
	v_alignbyte_b32 v8, v9, v8, v33                             ; d1cf0008 04861109
	v_cvt_f32_i32_sdwa v9, sext(v10) dst_sel:DWORD dst_unused:UNUSED_PAD src0_sel:BYTE_1 ; 7e120af9 0009060a
	v_cvt_f32_i32_sdwa v6, sext(v10) dst_sel:DWORD dst_unused:UNUSED_PAD src0_sel:BYTE_3 ; 7e0c0af9 000b060a
	v_cvt_f32_i32_sdwa v7, sext(v10) dst_sel:DWORD dst_unused:UNUSED_PAD src0_sel:BYTE_2 ; 7e0e0af9 000a060a
	v_cvt_f32_i32_sdwa v10, sext(v10) dst_sel:DWORD dst_unused:UNUSED_PAD src0_sel:BYTE_0 ; 7e140af9 0008060a
	v_cvt_f32_i32_sdwa v33, sext(v8) dst_sel:DWORD dst_unused:UNUSED_PAD src0_sel:BYTE_3 ; 7e420af9 000b0608
	v_cvt_f32_i32_sdwa v38, sext(v8) dst_sel:DWORD dst_unused:UNUSED_PAD src0_sel:BYTE_2 ; 7e4c0af9 000a0608
	v_cvt_f32_i32_sdwa v5, sext(v8) dst_sel:DWORD dst_unused:UNUSED_PAD src0_sel:BYTE_1 ; 7e0a0af9 00090608
	v_cvt_f32_i32_sdwa v8, sext(v8) dst_sel:DWORD dst_unused:UNUSED_PAD src0_sel:BYTE_0 ; 7e100af9 00080608
	v_mul_f32_e32 v19, v19, v6                                  ; 0a260d13
	v_mac_f32_e32 v19, v18, v7                                  ; 2c260f12
	v_mac_f32_e32 v19, v17, v9                                  ; 2c261311
	v_mac_f32_e32 v19, v16, v10                                 ; 2c261510
	s_waitcnt vmcnt(0)                                          ; bf8c3f70
	v_cvt_f32_f16_e32 v10, v23                                  ; 7e141717
	v_mac_f32_e32 v19, v36, v38                                 ; 2c264d24
	v_mac_f32_e32 v19, v37, v33                                 ; 2c264325
	v_mac_f32_e32 v19, v35, v5                                  ; 2c260b23
	v_mov_b32_e32 v5, v21                                       ; 7e0a0315
	v_mac_f32_e32 v19, v34, v8                                  ; 2c261122
	v_mac_f32_e32 v4, v19, v10                                  ; 2c081513
BB12:
	s_mov_b64 s[0:1], exec                                      ; be80017e
	v_cmpx_ge_u32_e32 vcc, v3, v5                               ; 7dbc0b03
BB13:
	s_andn2_b64 s[0:1], s[0:1], exec                            ; 89807e00
	s_cbranch_scc1 BB17                                         ; bf85ff1c
BB18:
	s_mov_b64 exec, -1                                          ; befe01c1
	s_branch BB19                                               ; bf820072
BB24:
	s_mov_b64 exec, s[0:1]                                      ; befe0100
	s_mov_b32 s0, s2                                            ; be800002
	s_movk_i32 s1, 0x8000                                       ; b0018000
	s_load_dwordx8 s[24:31], s[0:1], 0x0                        ; c00e0600 00000000
	s_mul_i32 s0, s6, s17                                       ; 92001106
	v_lshl_add_u32 v5, v3, 9, v0                                ; d1fd0005 04011303
	v_and_b32_e32 v6, 31, v5                                    ; 260c0a9f
	v_sub_u32_e32 v7, v5, v6                                    ; 6a0e0d05
	v_add3_u32 v7, v6, s0, v7                                   ; d1ff0007 041c0106
	v_lshrrev_b32_e32 v7, 2, v7                                 ; 200e0e82
	v_lshlrev_b32_e32 v7, 4, v7                                 ; 240e0e84
	s_waitcnt lgkmcnt(0)                                        ; bf8cc07f
	buffer_load_dwordx4 v[8:11], v7, s[28:31], 0 offen          ; e05c1000 80070807
	buffer_load_dwordx4 v[12:15], v7, s[28:31], 0 offen offset:16 ; e05c1010 80070c07
	s_mul_i32 s1, s16, s3                                       ; 92010310
	v_add_u32_e32 v16, s1, v5                                   ; 68200a01
	s_add_u32 s1, s1, s3                                        ; 80010301
	v_lshrrev_b32_e32 v16, 5, v16                               ; 20202085
	v_add_u32_e32 v5, s1, v5                                    ; 680a0a01
	v_add_u32_e32 v16, s18, v16                                 ; 68202012
	v_lshrrev_b32_e32 v5, 5, v5                                 ; 200a0a85
	v_lshlrev_b32_e32 v17, 1, v16                               ; 24222081
	v_add_u32_e32 v5, s18, v5                                   ; 680a0a12
	v_lshl_add_u32 v16, v16, 5, v17                             ; d1fd0010 04450b10
	v_lshlrev_b32_e32 v20, 1, v5                                ; 24280a81
	v_add_u32_e32 v18, 2, v16                                   ; 68242082
	v_lshl_add_u32 v5, v5, 5, v20                               ; d1fd0005 04510b05
	v_add_u32_e32 v19, v18, v6                                  ; 68260d12
	v_and_b32_e32 v18, -4, v18                                  ; 262424c4
	v_add_u32_e32 v21, 2, v5                                    ; 682a0a82
	v_add_u32_e32 v18, v18, v6                                  ; 68240d12
	v_add_u32_e32 v22, v21, v6                                  ; 682c0d15
	v_and_b32_e32 v21, -4, v21                                  ; 262a2ac4
	v_add_u32_e32 v21, v21, v6                                  ; 682a0d15
	buffer_load_dwordx3 v[23:25], v18, s[24:27], 0 offen        ; e0581000 80061712
	buffer_load_short_d16 v26, v16, s[24:27], 0 offen           ; e0901000 80061a10
	buffer_load_dwordx3 v[27:29], v21, s[24:27], 0 offen        ; e0581000 80061b15
	buffer_load_short_d16 v30, v5, s[24:27], 0 offen            ; e0901000 80061e05
	v_add_u32_e32 v3, 1, v3                                     ; 68060681
	s_waitcnt vmcnt(3)                                          ; bf8c3f73
	v_alignbyte_b32 v23, v24, v23, v19                          ; d1cf0017 044e2f18
	v_alignbyte_b32 v25, v25, v24, v19                          ; d1cf0019 044e3119
	v_cvt_f32_i32_sdwa v31, sext(v23) dst_sel:DWORD dst_unused:UNUSED_PAD src0_sel:BYTE_3 ; 7e3e0af9 000b0617
	v_cvt_f32_i32_sdwa v33, sext(v23) dst_sel:DWORD dst_unused:UNUSED_PAD src0_sel:BYTE_1 ; 7e420af9 00090617
	v_cvt_f32_i32_sdwa v32, sext(v23) dst_sel:DWORD dst_unused:UNUSED_PAD src0_sel:BYTE_2 ; 7e400af9 000a0617
	v_cvt_f32_i32_sdwa v23, sext(v23) dst_sel:DWORD dst_unused:UNUSED_PAD src0_sel:BYTE_0 ; 7e2e0af9 00080617
	s_waitcnt vmcnt(2)                                          ; bf8c3f72
	v_cvt_f32_f16_e32 v37, v26                                  ; 7e4a171a
	v_cvt_f32_i32_sdwa v34, sext(v25) dst_sel:DWORD dst_unused:UNUSED_PAD src0_sel:BYTE_3 ; 7e440af9 000b0619
	v_cvt_f32_i32_sdwa v35, sext(v25) dst_sel:DWORD dst_unused:UNUSED_PAD src0_sel:BYTE_2 ; 7e460af9 000a0619
	v_cvt_f32_i32_sdwa v36, sext(v25) dst_sel:DWORD dst_unused:UNUSED_PAD src0_sel:BYTE_1 ; 7e480af9 00090619
	v_cvt_f32_i32_sdwa v25, sext(v25) dst_sel:DWORD dst_unused:UNUSED_PAD src0_sel:BYTE_0 ; 7e320af9 00080619
	s_waitcnt vmcnt(1)                                          ; bf8c3f71
	v_alignbyte_b32 v27, v28, v27, v22                          ; d1cf001b 045a371c
	v_alignbyte_b32 v29, v29, v28, v22                          ; d1cf001d 045a391d
	v_mul_f32_e32 v34, v15, v34                                 ; 0a44450f
	v_cvt_f32_i32_sdwa v38, sext(v27) dst_sel:DWORD dst_unused:UNUSED_PAD src0_sel:BYTE_3 ; 7e4c0af9 000b061b
	v_cvt_f32_i32_sdwa v5, sext(v27) dst_sel:DWORD dst_unused:UNUSED_PAD src0_sel:BYTE_2 ; 7e0a0af9 000a061b
	v_cvt_f32_i32_sdwa v6, sext(v27) dst_sel:DWORD dst_unused:UNUSED_PAD src0_sel:BYTE_1 ; 7e0c0af9 0009061b
	v_cvt_f32_i32_sdwa v27, sext(v27) dst_sel:DWORD dst_unused:UNUSED_PAD src0_sel:BYTE_0 ; 7e360af9 0008061b
	v_cvt_f32_i32_sdwa v7, sext(v29) dst_sel:DWORD dst_unused:UNUSED_PAD src0_sel:BYTE_3 ; 7e0e0af9 000b061d
	v_cvt_f32_i32_sdwa v16, sext(v29) dst_sel:DWORD dst_unused:UNUSED_PAD src0_sel:BYTE_2 ; 7e200af9 000a061d
	v_cvt_f32_i32_sdwa v17, sext(v29) dst_sel:DWORD dst_unused:UNUSED_PAD src0_sel:BYTE_1 ; 7e220af9 0009061d
	v_mac_f32_e32 v34, v14, v35                                 ; 2c44470e
	v_cvt_f32_i32_sdwa v29, sext(v29) dst_sel:DWORD dst_unused:UNUSED_PAD src0_sel:BYTE_0 ; 7e3a0af9 0008061d
	v_mul_f32_e32 v15, v15, v7                                  ; 0a1e0f0f
	v_mac_f32_e32 v34, v13, v36                                 ; 2c44490d
	s_waitcnt vmcnt(0)                                          ; bf8c3f70
	v_cvt_f32_f16_e32 v18, v30                                  ; 7e24171e
	v_mac_f32_e32 v15, v14, v16                                 ; 2c1e210e
	v_mac_f32_e32 v34, v12, v25                                 ; 2c44330c
	v_mac_f32_e32 v15, v13, v17                                 ; 2c1e230d
	v_mac_f32_e32 v34, v10, v32                                 ; 2c44410a
	v_mac_f32_e32 v15, v12, v29                                 ; 2c1e3b0c
	v_mac_f32_e32 v34, v11, v31                                 ; 2c443f0b
	v_mac_f32_e32 v15, v10, v5                                  ; 2c1e0b0a
	v_mac_f32_e32 v34, v9, v33                                  ; 2c444309
	v_mac_f32_e32 v15, v11, v38                                 ; 2c1e4d0b
	v_mac_f32_e32 v34, v8, v23                                  ; 2c442f08
	v_mac_f32_e32 v15, v9, v6                                   ; 2c1e0d09
	v_mac_f32_e32 v1, v34, v37                                  ; 2c024b22
	v_mac_f32_e32 v15, v8, v27                                  ; 2c1e3708
	v_mac_f32_e32 v4, v15, v18                                  ; 2c08250f
BB19:
	s_mov_b64 s[0:1], exec                                      ; be80017e
	v_cmpx_ge_u32_e32 vcc, v3, v2                               ; 7dbc0503
BB20:
	s_andn2_b64 s[0:1], s[0:1], exec                            ; 89807e00
	s_cbranch_scc1 BB24                                         ; bf85ff8a
BB25:
	s_mov_b64 exec, -1                                          ; befe01c1
	s_or_saveexec_b64 s[4:5], -1                                ; be8421c1
	v_cndmask_b32_e64 v39, 0, v1, s[4:5]                        ; d1000027 00120280
	s_nop 1                                                     ; bf800001
	v_add_f32_dpp v39, v39, v39 quad_perm:[1,0,3,2] row_mask:0xf bank_mask:0xf ; 024e4efa ff00b127
	s_nop 1                                                     ; bf800001
	v_add_f32_dpp v39, v39, v39 quad_perm:[2,3,0,1] row_mask:0xf bank_mask:0xf ; 024e4efa ff004e27
	s_nop 1                                                     ; bf800001
	v_add_f32_dpp v39, v39, v39 row_half_mirror row_mask:0xf bank_mask:0xf ; 024e4efa ff014127
	s_nop 1                                                     ; bf800001
	v_add_f32_dpp v39, v39, v39 row_mirror row_mask:0xf bank_mask:0xf ; 024e4efa ff014027
	s_nop 1                                                     ; bf800001
	v_add_f32_dpp v39, v39, v39 row_bcast:15 row_mask:0xa bank_mask:0xf ; 024e4efa af014227
	s_nop 1                                                     ; bf800001
	v_add_f32_dpp v39, v39, v39 row_bcast:31 row_mask:0xc bank_mask:0xf ; 024e4efa cf014327
	s_mov_b64 exec, s[4:5]                                      ; befe0104
	v_readlane_b32 s0, v39, 63                                  ; d2890000 00017f27
	s_or_saveexec_b64 s[4:5], -1                                ; be8421c1
	v_cndmask_b32_e64 v39, 0, v4, s[4:5]                        ; d1000027 00120880
	s_nop 1                                                     ; bf800001
	v_add_f32_dpp v39, v39, v39 quad_perm:[1,0,3,2] row_mask:0xf bank_mask:0xf ; 024e4efa ff00b127
	s_nop 1                                                     ; bf800001
	v_add_f32_dpp v39, v39, v39 quad_perm:[2,3,0,1] row_mask:0xf bank_mask:0xf ; 024e4efa ff004e27
	s_nop 1                                                     ; bf800001
	v_add_f32_dpp v39, v39, v39 row_half_mirror row_mask:0xf bank_mask:0xf ; 024e4efa ff014127
	s_nop 1                                                     ; bf800001
	v_add_f32_dpp v39, v39, v39 row_mirror row_mask:0xf bank_mask:0xf ; 024e4efa ff014027
	s_nop 1                                                     ; bf800001
	v_add_f32_dpp v39, v39, v39 row_bcast:15 row_mask:0xa bank_mask:0xf ; 024e4efa af014227
	s_nop 1                                                     ; bf800001
	v_add_f32_dpp v39, v39, v39 row_bcast:31 row_mask:0xc bank_mask:0xf ; 024e4efa cf014327
	s_mov_b64 exec, 1                                           ; befe0181
	v_readlane_b32 s1, v39, 63                                  ; d2890001 00017f27
	s_mov_b64 s[4:5], exec                                      ; be84017e
BB26:
	v_mov_b32_e32 v0, s0                                        ; 7e000200
	v_mov_b32_e32 v1, s1                                        ; 7e020201
	v_mov_b32_e32 v2, 0                                         ; 7e040280
	ds_write_b64 v2, v[0:1]                                     ; d89a0000 00000002
BB31:
	s_mov_b64 exec, s[4:5]                                      ; befe0104
	s_cbranch_execz BB164                                       ; bf8804aa
BB32:
	s_and_b32 s19, s19, 63                                      ; 8613bf13
	s_cmp_lg_u32 src_scc, 0                                     ; bf0780fd
	s_cbranch_scc0 BB34                                         ; bf84000a
BB33:
	v_mov_b32_e32 v0, 0                                         ; 7e000280
	ds_read_b32 v0, v0                                          ; d86c0000 00000000
	s_mov_b32 s0, src_scc                                       ; be8000fd
	s_cmp_lt_u32 1, s19                                         ; bf0a1381
	s_waitcnt lgkmcnt(0)                                        ; bf8cc07f
	v_readfirstlane_b32 s1, v0                                  ; 7e020500
	s_cselect_b32 s1, 0x7fc00000, s1                            ; 850101ff 7fc00000
	s_branch BB35                                               ; bf820002
BB34:
	s_mov_b32 s0, src_scc                                       ; be8000fd
	s_mov_b32 s1, 0                                             ; be810080
BB35:
	s_bitcmp1_b32 s8, 0                                         ; bf0d8008
	s_cbranch_scc0 BB37                                         ; bf84000f
BB36:
	s_mov_b32 s4, s2                                            ; be840002
	s_movk_i32 s5, 0x8000                                       ; b0058000
	s_load_dwordx4 s[12:15], s[4:5], 0x30                       ; c00a0302 00000030
	s_mul_i32 s3, s7, s17                                       ; 92031107
	s_mov_b32 s4, src_scc                                       ; be8400fd
	s_add_u32 s3, s3, s16                                       ; 80031003
	s_lshl_b32 s3, s3, 2                                        ; 8e038203
	s_waitcnt lgkmcnt(0)                                        ; bf8cc07f
	s_buffer_load_dword s3, s[12:15], s3                        ; c02000c6 00000003
	s_waitcnt lgkmcnt(0)                                        ; bf8cc07f
	v_mov_b32_e32 v0, s3                                        ; 7e000203
	v_add_f32_e32 v0, s1, v0                                    ; 02000001
	s_branch BB38                                               ; bf820002
BB37:
	s_mov_b32 s4, src_scc                                       ; be8400fd
	v_mov_b32_e32 v0, s1                                        ; 7e000201
BB38:
	s_bitcmp1_b32 s8, 1                                         ; bf0d8108
	s_cbranch_scc0 BB40                                         ; bf84000e
BB39:
	s_mov_b32 s8, s2                                            ; be880002
	s_movk_i32 s9, 0x8000                                       ; b0098000
	s_load_dwordx4 s[8:11], s[8:9], 0x40                        ; c00a0204 00000040
	s_mul_i32 s1, s7, s17                                       ; 92011107
	s_mov_b32 s3, src_scc                                       ; be8300fd
	s_add_u32 s1, s1, s16                                       ; 80011001
	s_lshl_b32 s1, s1, 2                                        ; 8e018201
	s_waitcnt lgkmcnt(0)                                        ; bf8cc07f
	s_buffer_load_dword s1, s[8:11], s1                         ; c0200044 00000001
	s_waitcnt lgkmcnt(0)                                        ; bf8cc07f
	v_add_f32_e32 v0, s1, v0                                    ; 02000001
	s_branch BB41                                               ; bf820001
BB40:
	s_mov_b32 s3, src_scc                                       ; be8300fd
BB41:
	s_mov_b32 s1, s3                                            ; be810003
	s_movk_i32 s3, 0x8000                                       ; b0038000
	s_load_dwordx4 s[8:11], s[2:3], 0x20                        ; c00a0201 00000020
	s_mul_i32 s7, s7, s17                                       ; 92071107
	s_add_u32 s7, s7, s16                                       ; 80071007
	s_lshl_b32 s7, s7, 2                                        ; 8e078207
	s_waitcnt lgkmcnt(0)                                        ; bf8cc07f
	buffer_store_dword v0, off, s[8:11], s7                     ; e0700000 07020080
	s_cmp_lg_i32 s0, 0                                          ; bf018000
	s_cbranch_scc0 BB43                                         ; bf840009
BB42:
	v_mov_b32_e32 v0, 0                                         ; 7e000280
	ds_read_b32 v0, v0 offset:4                                 ; d86c0004 00000000
	s_cmp_lt_u32 1, s19                                         ; bf0a1381
	s_waitcnt lgkmcnt(0)                                        ; bf8cc07f
	v_readfirstlane_b32 s0, v0                                  ; 7e000500
	s_cselect_b32 s0, 0x7fc00000, s0                            ; 850000ff 7fc00000
	s_branch BB44                                               ; bf820001
BB43:
	s_mov_b32 s0, 0                                             ; be800080
BB44:
	s_cmp_lg_i32 s4, 0                                          ; bf018004
	s_cbranch_scc0 BB46                                         ; bf84000a
BB45:
	s_load_dwordx4 s[12:15], s[2:3], 0x30                       ; c00a0301 00000030
	s_add_u32 s4, s7, 4                                         ; 80048407
	s_waitcnt lgkmcnt(0)                                        ; bf8cc07f
	s_buffer_load_dword s4, s[12:15], s4                        ; c0200106 00000004
	s_waitcnt lgkmcnt(0)                                        ; bf8cc07f
	v_mov_b32_e32 v0, s4                                        ; 7e000204
	v_add_f32_e32 v0, s0, v0                                    ; 02000000
	s_branch BB47                                               ; bf820001
BB46:
	v_mov_b32_e32 v0, s0                                        ; 7e000200
BB47:
	s_cmp_lg_i32 s1, 0                                          ; bf018001
	s_cbranch_scc0 BB50                                         ; bf840008
BB48:
	s_load_dwordx4 s[0:3], s[2:3], 0x40                         ; c00a0001 00000040
	s_add_u32 s4, s7, 4                                         ; 80048407
	s_waitcnt lgkmcnt(0)                                        ; bf8cc07f
	s_buffer_load_dword s4, s[0:3], s4                          ; c0200100 00000004
	s_waitcnt lgkmcnt(0)                                        ; bf8cc07f
	v_add_f32_e32 v0, s4, v0                                    ; 02000004
BB50:
	s_add_u32 s7, s7, 4                                         ; 80078407
	buffer_store_dword v0, off, s[8:11], s7                     ; e0700000 07020080
	s_branch BB164                                              ; bf820446
BB56:
	s_cmp_lt_u32 s16, s4                                        ; bf0a0410
	s_cbranch_scc0 BB164                                        ; bf840444
BB57:
	s_sub_i32 s4, s4, s16                                       ; 81841004
	s_add_u32 s17, s17, s9                                      ; 80110911
	s_cmp_lg_i32 s17, 0                                         ; bf018011
	s_cbranch_scc0 BB59                                         ; bf840043
BB58:
	v_cvt_f32_u32_e32 v1, s11                                   ; 7e020c0b
	v_rcp_f32_e32 v1, v1                                        ; 7e024501
	v_mul_f32_e32 v1, 0x4f7ffffe, v1                            ; 0a0202ff 4f7ffffe
	v_cvt_u32_f32_e32 v1, v1                                    ; 7e020f01
	v_readfirstlane_b32 s0, v1                                  ; 7e000501
	s_mul_i32 s1, s11, s0                                       ; 9201000b
	s_sub_i32 s1, 0, s1                                         ; 81810180
	s_mul_hi_u32 s1, s0, s1                                     ; 96010100
	v_cvt_f32_u32_e32 v2, s13                                   ; 7e040c0d
	s_add_u32 s0, s0, s1                                        ; 80000100
	v_rcp_f32_e32 v2, v2                                        ; 7e044502
	s_mul_hi_u32 s0, s17, s0                                    ; 96000011
	s_mul_i32 s9, s0, s11                                       ; 92090b00
	v_mul_f32_e32 v2, 0x4f7ffffe, v2                            ; 0a0404ff 4f7ffffe
	s_sub_i32 s9, s17, s9                                       ; 81890911
	v_cvt_u32_f32_e32 v2, v2                                    ; 7e040f02
	s_cmp_ge_u32 s9, s11                                        ; bf090b09
	v_readfirstlane_b32 s20, v2                                 ; 7e280502
	s_add_u32 s0, s0, src_scc                                   ; 8000fd00
	s_sub_i32 s15, s9, s11                                      ; 818f0b09
	s_cmp_ge_u32 s9, s11                                        ; bf090b09
	s_mul_i32 s21, s13, s20                                     ; 9215140d
	s_cselect_b32 s15, s15, s9                                  ; 850f090f
	s_cmp_ge_u32 s15, s11                                       ; bf090b0f
	s_mov_b32 s18, src_scc                                      ; be9200fd
	s_add_u32 s0, s0, src_scc                                   ; 8000fd00
	s_sub_i32 s11, s15, s11                                     ; 818b0b0f
	s_cmp_lg_i32 s18, 0                                         ; bf018012
	v_cvt_f32_u32_e32 v3, s12                                   ; 7e060c0c
	s_cselect_b32 s11, s11, s15                                 ; 850b0f0b
	s_sub_i32 s21, 0, s21                                       ; 81951580
	v_rcp_f32_e32 v3, v3                                        ; 7e064503
	s_mul_hi_u32 s21, s20, s21                                  ; 96151514
	s_add_u32 s20, s20, s21                                     ; 80141514
	v_mul_f32_e32 v3, 0x4f7ffffe, v3                            ; 0a0606ff 4f7ffffe
	s_mul_hi_u32 s20, s0, s20                                   ; 96141400
	v_cvt_u32_f32_e32 v3, v3                                    ; 7e060f03
	s_mul_i32 s22, s20, s13                                     ; 92160d14
	v_readfirstlane_b32 s25, v3                                 ; 7e320503
	s_sub_i32 s0, s0, s22                                       ; 81801600
	s_mul_i32 s26, s12, s25                                     ; 921a190c
	s_cmp_ge_u32 s0, s13                                        ; bf090d00
	s_add_u32 s20, s20, src_scc                                 ; 8014fd14
	s_sub_i32 s24, s0, s13                                      ; 81980d00
	s_cmp_ge_u32 s0, s13                                        ; bf090d00
	s_cselect_b32 s24, s24, s0                                  ; 85180018
	s_cmp_ge_u32 s24, s13                                       ; bf090d18
	s_add_u32 s20, s20, src_scc                                 ; 8014fd14
	s_sub_i32 s26, 0, s26                                       ; 819a1a80
	s_mul_i32 s20, s20, s10                                     ; 92140a14
	s_mul_hi_u32 s26, s25, s26                                  ; 961a1a19
	s_add_u32 s25, s25, s26                                     ; 80191a19
	s_mul_hi_u32 s25, s11, s25                                  ; 9619190b
	s_mul_i32 s27, s25, s12                                     ; 921b0c19
	s_sub_i32 s11, s11, s27                                     ; 818b1b0b
	s_cmp_ge_u32 s11, s12                                       ; bf090c0b
	s_add_u32 s25, s25, src_scc                                 ; 8019fd19
	s_sub_i32 s29, s11, s12                                     ; 819d0c0b
	s_cmp_ge_u32 s11, s12                                       ; bf090c0b
	s_cselect_b32 s29, s29, s11                                 ; 851d0b1d
	s_cmp_ge_u32 s29, s12                                       ; bf090c1d
	s_add_u32 s25, s25, src_scc                                 ; 8019fd19
	s_add_u32 s20, s20, s25                                     ; 80141914
	s_branch BB60                                               ; bf820001
BB59:
	s_mov_b32 s20, 0                                            ; be940080
BB60:
	s_lshr_b32 s5, s5, 5                                        ; 8f058505
	v_lshlrev_b32_e32 v0, 3, v0                                 ; 24000083
	s_and_b32 s0, s3, 0xfffffe00                                ; 8600ff03 fffffe00
	s_lshr_b32 s1, s3, 9                                        ; 8f018903
	v_mov_b32_e32 v4, 0                                         ; 7e080280
	s_mul_i32 s20, s20, s5                                      ; 92140514
	v_add_u32_e32 v1, s0, v0                                    ; 68020000
	s_mov_b32 s0, 0                                             ; be800080
	v_cmp_gt_u32_e32 vcc, s3, v1                                ; 7d980203
	v_mov_b32_e32 v1, 0                                         ; 7e020280
	v_cndmask_b32_e64 v2, 0, 1, vcc                             ; d1000002 01a90280
	v_add_u32_e32 v2, s1, v2                                    ; 68040401
	v_and_b32_e32 v3, -4, v2                                    ; 260604c4
BB61:
	s_mov_b64 s[10:11], exec                                    ; be8a017e
	v_cmpx_ge_u32_e32 vcc, s0, v3                               ; 7dbc0600
BB62:
	v_mov_b32_e32 v3, s0                                        ; 7e060200
	s_andn2_b64 s[10:11], s[10:11], exec                        ; 898a7e0a
	s_cbranch_scc0 BB91                                         ; bf8401d5
BB66:
	s_mov_b64 exec, s[10:11]                                    ; befe010a
	s_mov_b32 s10, s2                                           ; be8a0002
	s_movk_i32 s11, 0x8000                                      ; b00b8000
	s_waitcnt lgkmcnt(0)                                        ; bf8cc07f
	s_load_dwordx4 s[12:15], s[10:11], 0x10                     ; c00a0305 00000010
	s_lshl_b32 s1, s0, 9                                        ; 8e018900
	s_mul_i32 s5, s6, s17                                       ; 92051106
	s_mul_i32 s9, s16, s3                                       ; 92090310
	s_cmp_lg_i32 s4, 0                                          ; bf018004
	v_add_u32_e32 v5, s1, v0                                    ; 680a0001
	v_and_b32_e32 v6, 31, v5                                    ; 260c0a9f
	v_sub_u32_e32 v7, v5, v6                                    ; 6a0e0d05
	v_add3_u32 v7, v6, s5, v7                                   ; d1ff0007 041c0b06
	s_cbranch_scc0 BB71                                         ; bf84006a
BB67:
	s_load_dwordx4 s[24:27], s[10:11], 0x0                      ; c00a0605 00000000
	v_lshrrev_b32_e32 v7, 2, v7                                 ; 200e0e82
	v_lshlrev_b32_e32 v7, 4, v7                                 ; 240e0e84
	s_waitcnt lgkmcnt(0)                                        ; bf8cc07f
	buffer_load_dwordx4 v[8:11], v7, s[12:15], 0 offen          ; e05c1000 80030807
	buffer_load_dwordx4 v[12:15], v7, s[12:15], 0 offen offset:16 ; e05c1010 80030c07
	v_add_u32_e32 v7, s9, v5                                    ; 680e0a09
	v_lshrrev_b32_e32 v7, 5, v7                                 ; 200e0e85
	v_add_u32_e32 v7, s20, v7                                   ; 680e0e14
	v_lshlrev_b32_e32 v16, 1, v7                                ; 24200e81
	v_lshl_add_u32 v7, v7, 5, v16                               ; d1fd0007 04410b07
	v_add_u32_e32 v17, 2, v7                                    ; 68220e82
	v_add_u32_e32 v18, v17, v6                                  ; 68240d11
	v_and_b32_e32 v17, -4, v17                                  ; 262222c4
	v_add_u32_e32 v17, v17, v6                                  ; 68220d11
	buffer_load_dwordx3 v[19:21], v17, s[24:27], 0 offen        ; e0581000 80061311
	buffer_load_short_d16 v22, v7, s[24:27], 0 offen            ; e0901000 80061607
	s_mov_b32 s18, src_scc                                      ; be9200fd
	s_add_u32 s21, s9, s3                                       ; 80150309
	s_cmp_lt_u32 1, s4                                          ; bf0a0481
	s_waitcnt vmcnt(1)                                          ; bf8c3f71
	v_alignbyte_b32 v19, v20, v19, v18                          ; d1cf0013 044a2714
	v_alignbyte_b32 v21, v21, v20, v18                          ; d1cf0015 044a2915
	v_cvt_f32_i32_sdwa v23, sext(v19) dst_sel:DWORD dst_unused:UNUSED_PAD src0_sel:BYTE_3 ; 7e2e0af9 000b0613
	v_cvt_f32_i32_sdwa v24, sext(v19) dst_sel:DWORD dst_unused:UNUSED_PAD src0_sel:BYTE_2 ; 7e300af9 000a0613
	v_cvt_f32_i32_sdwa v25, sext(v19) dst_sel:DWORD dst_unused:UNUSED_PAD src0_sel:BYTE_1 ; 7e320af9 00090613
	v_cvt_f32_i32_sdwa v19, sext(v19) dst_sel:DWORD dst_unused:UNUSED_PAD src0_sel:BYTE_0 ; 7e260af9 00080613
	s_waitcnt vmcnt(0)                                          ; bf8c3f70
	v_cvt_f32_f16_e32 v29, v22                                  ; 7e3a1716
	v_cvt_f32_i32_sdwa v26, sext(v21) dst_sel:DWORD dst_unused:UNUSED_PAD src0_sel:BYTE_3 ; 7e340af9 000b0615
	v_cvt_f32_i32_sdwa v27, sext(v21) dst_sel:DWORD dst_unused:UNUSED_PAD src0_sel:BYTE_2 ; 7e360af9 000a0615
	v_cvt_f32_i32_sdwa v28, sext(v21) dst_sel:DWORD dst_unused:UNUSED_PAD src0_sel:BYTE_1 ; 7e380af9 00090615
	v_cvt_f32_i32_sdwa v21, sext(v21) dst_sel:DWORD dst_unused:UNUSED_PAD src0_sel:BYTE_0 ; 7e2a0af9 00080615
	v_mul_f32_e32 v26, v15, v26                                 ; 0a34350f
	v_mac_f32_e32 v26, v14, v27                                 ; 2c34370e
	v_mac_f32_e32 v26, v13, v28                                 ; 2c34390d
	v_mac_f32_e32 v26, v12, v21                                 ; 2c342b0c
	v_mac_f32_e32 v26, v10, v24                                 ; 2c34310a
	v_mac_f32_e32 v26, v11, v23                                 ; 2c342f0b
	v_mac_f32_e32 v26, v9, v25                                  ; 2c343309
	v_mac_f32_e32 v26, v8, v19                                  ; 2c342708
	v_mac_f32_e32 v1, v26, v29                                  ; 2c023b1a
	s_cbranch_scc0 BB72                                         ; bf840030
BB68:
	v_add_u32_e32 v5, s21, v5                                   ; 680a0a15
	v_lshrrev_b32_e32 v5, 5, v5                                 ; 200a0a85
	v_add_u32_e32 v5, s20, v5                                   ; 680a0a14
	v_lshlrev_b32_e32 v7, 1, v5                                 ; 240e0a81
	v_lshl_add_u32 v5, v5, 5, v7                                ; d1fd0005 041d0b05
	v_add_u32_e32 v16, 2, v5                                    ; 68200a82
	v_add_u32_e32 v17, v16, v6                                  ; 68220d10
	v_and_b32_e32 v16, -4, v16                                  ; 262020c4
	v_add_u32_e32 v16, v16, v6                                  ; 68200d10
	buffer_load_dwordx3 v[18:20], v16, s[24:27], 0 offen        ; e0581000 80061210
	buffer_load_short_d16 v21, v5, s[24:27], 0 offen            ; e0901000 80061505
	s_waitcnt vmcnt(1)                                          ; bf8c3f71
	v_alignbyte_b32 v18, v19, v18, v17                          ; d1cf0012 04462513
	v_alignbyte_b32 v20, v20, v19, v17                          ; d1cf0014 04462714
	v_cvt_f32_i32_sdwa v22, sext(v18) dst_sel:DWORD dst_unused:UNUSED_PAD src0_sel:BYTE_3 ; 7e2c0af9 000b0612
	v_cvt_f32_i32_sdwa v23, sext(v18) dst_sel:DWORD dst_unused:UNUSED_PAD src0_sel:BYTE_2 ; 7e2e0af9 000a0612
	v_cvt_f32_i32_sdwa v24, sext(v18) dst_sel:DWORD dst_unused:UNUSED_PAD src0_sel:BYTE_1 ; 7e300af9 00090612
	v_cvt_f32_i32_sdwa v18, sext(v18) dst_sel:DWORD dst_unused:UNUSED_PAD src0_sel:BYTE_0 ; 7e240af9 00080612
	v_cvt_f32_i32_sdwa v25, sext(v20) dst_sel:DWORD dst_unused:UNUSED_PAD src0_sel:BYTE_3 ; 7e320af9 000b0614
	v_cvt_f32_i32_sdwa v26, sext(v20) dst_sel:DWORD dst_unused:UNUSED_PAD src0_sel:BYTE_2 ; 7e340af9 000a0614
	v_cvt_f32_i32_sdwa v27, sext(v20) dst_sel:DWORD dst_unused:UNUSED_PAD src0_sel:BYTE_1 ; 7e360af9 00090614
	v_cvt_f32_i32_sdwa v20, sext(v20) dst_sel:DWORD dst_unused:UNUSED_PAD src0_sel:BYTE_0 ; 7e280af9 00080614
	s_waitcnt vmcnt(0)                                          ; bf8c3f70
	v_cvt_f32_f16_e32 v28, v21                                  ; 7e381715
	v_mul_f32_e32 v15, v15, v25                                 ; 0a1e330f
	v_mac_f32_e32 v15, v14, v26                                 ; 2c1e350e
	v_mac_f32_e32 v15, v13, v27                                 ; 2c1e370d
	v_mac_f32_e32 v15, v12, v20                                 ; 2c1e290c
	v_mac_f32_e32 v15, v10, v23                                 ; 2c1e2f0a
	v_mac_f32_e32 v15, v11, v22                                 ; 2c1e2d0b
	v_mac_f32_e32 v15, v9, v24                                  ; 2c1e3109
	v_mac_f32_e32 v15, v8, v18                                  ; 2c1e2508
	v_mac_f32_e32 v4, v15, v28                                  ; 2c08390f
	s_branch BB72                                               ; bf820001
BB71:
	s_mov_b32 s18, src_scc                                      ; be9200fd
BB72:
	s_add_u32 s21, s1, 0x200                                    ; 8015ff01 00000200
	s_cmp_lg_i32 s18, 0                                         ; bf018012
	v_add_u32_e32 v5, s21, v0                                   ; 680a0015
	v_and_b32_e32 v6, 31, v5                                    ; 260c0a9f
	v_sub_u32_e32 v7, v5, v6                                    ; 6a0e0d05
	v_add3_u32 v7, v6, s5, v7                                   ; d1ff0007 041c0b06
	s_cbranch_scc0 BB77                                         ; bf84006a
BB73:
	s_load_dwordx4 s[24:27], s[10:11], 0x0                      ; c00a0605 00000000
	v_lshrrev_b32_e32 v7, 2, v7                                 ; 200e0e82
	v_lshlrev_b32_e32 v7, 4, v7                                 ; 240e0e84
	s_waitcnt lgkmcnt(0)                                        ; bf8cc07f
	buffer_load_dwordx4 v[8:11], v7, s[12:15], 0 offen          ; e05c1000 80030807
	buffer_load_dwordx4 v[12:15], v7, s[12:15], 0 offen offset:16 ; e05c1010 80030c07
	v_add_u32_e32 v7, s9, v5                                    ; 680e0a09
	v_lshrrev_b32_e32 v7, 5, v7                                 ; 200e0e85
	v_add_u32_e32 v7, s20, v7                                   ; 680e0e14
	v_lshlrev_b32_e32 v16, 1, v7                                ; 24200e81
	v_lshl_add_u32 v7, v7, 5, v16                               ; d1fd0007 04410b07
	v_add_u32_e32 v17, 2, v7                                    ; 68220e82
	v_add_u32_e32 v18, v17, v6                                  ; 68240d11
	v_and_b32_e32 v17, -4, v17                                  ; 262222c4
	v_add_u32_e32 v17, v17, v6                                  ; 68220d11
	buffer_load_dwordx3 v[19:21], v17, s[24:27], 0 offen        ; e0581000 80061311
	buffer_load_short_d16 v22, v7, s[24:27], 0 offen            ; e0901000 80061607
	s_mov_b32 s18, src_scc                                      ; be9200fd
	s_add_u32 s21, s9, s3                                       ; 80150309
	s_cmp_lt_u32 1, s4                                          ; bf0a0481
	s_waitcnt vmcnt(1)                                          ; bf8c3f71
	v_alignbyte_b32 v19, v20, v19, v18                          ; d1cf0013 044a2714
	v_alignbyte_b32 v21, v21, v20, v18                          ; d1cf0015 044a2915
	v_cvt_f32_i32_sdwa v23, sext(v19) dst_sel:DWORD dst_unused:UNUSED_PAD src0_sel:BYTE_3 ; 7e2e0af9 000b0613
	v_cvt_f32_i32_sdwa v24, sext(v19) dst_sel:DWORD dst_unused:UNUSED_PAD src0_sel:BYTE_2 ; 7e300af9 000a0613
	v_cvt_f32_i32_sdwa v25, sext(v19) dst_sel:DWORD dst_unused:UNUSED_PAD src0_sel:BYTE_1 ; 7e320af9 00090613
	v_cvt_f32_i32_sdwa v19, sext(v19) dst_sel:DWORD dst_unused:UNUSED_PAD src0_sel:BYTE_0 ; 7e260af9 00080613
	s_waitcnt vmcnt(0)                                          ; bf8c3f70
	v_cvt_f32_f16_e32 v29, v22                                  ; 7e3a1716
	v_cvt_f32_i32_sdwa v26, sext(v21) dst_sel:DWORD dst_unused:UNUSED_PAD src0_sel:BYTE_3 ; 7e340af9 000b0615
	v_cvt_f32_i32_sdwa v27, sext(v21) dst_sel:DWORD dst_unused:UNUSED_PAD src0_sel:BYTE_2 ; 7e360af9 000a0615
	v_cvt_f32_i32_sdwa v28, sext(v21) dst_sel:DWORD dst_unused:UNUSED_PAD src0_sel:BYTE_1 ; 7e380af9 00090615
	v_cvt_f32_i32_sdwa v21, sext(v21) dst_sel:DWORD dst_unused:UNUSED_PAD src0_sel:BYTE_0 ; 7e2a0af9 00080615
	v_mul_f32_e32 v26, v15, v26                                 ; 0a34350f
	v_mac_f32_e32 v26, v14, v27                                 ; 2c34370e
	v_mac_f32_e32 v26, v13, v28                                 ; 2c34390d
	v_mac_f32_e32 v26, v12, v21                                 ; 2c342b0c
	v_mac_f32_e32 v26, v10, v24                                 ; 2c34310a
	v_mac_f32_e32 v26, v11, v23                                 ; 2c342f0b
	v_mac_f32_e32 v26, v9, v25                                  ; 2c343309
	v_mac_f32_e32 v26, v8, v19                                  ; 2c342708
	v_mac_f32_e32 v1, v26, v29                                  ; 2c023b1a
	s_cbranch_scc0 BB78                                         ; bf840030
BB74:
	v_add_u32_e32 v5, s21, v5                                   ; 680a0a15
	v_lshrrev_b32_e32 v5, 5, v5                                 ; 200a0a85
	v_add_u32_e32 v5, s20, v5                                   ; 680a0a14
	v_lshlrev_b32_e32 v7, 1, v5                                 ; 240e0a81
	v_lshl_add_u32 v5, v5, 5, v7                                ; d1fd0005 041d0b05
	v_add_u32_e32 v16, 2, v5                                    ; 68200a82
	v_add_u32_e32 v17, v16, v6                                  ; 68220d10
	v_and_b32_e32 v16, -4, v16                                  ; 262020c4
	v_add_u32_e32 v16, v16, v6                                  ; 68200d10
	buffer_load_dwordx3 v[18:20], v16, s[24:27], 0 offen        ; e0581000 80061210
	buffer_load_short_d16 v21, v5, s[24:27], 0 offen            ; e0901000 80061505
	s_waitcnt vmcnt(1)                                          ; bf8c3f71
	v_alignbyte_b32 v18, v19, v18, v17                          ; d1cf0012 04462513
	v_alignbyte_b32 v20, v20, v19, v17                          ; d1cf0014 04462714
	v_cvt_f32_i32_sdwa v22, sext(v18) dst_sel:DWORD dst_unused:UNUSED_PAD src0_sel:BYTE_3 ; 7e2c0af9 000b0612
	v_cvt_f32_i32_sdwa v23, sext(v18) dst_sel:DWORD dst_unused:UNUSED_PAD src0_sel:BYTE_2 ; 7e2e0af9 000a0612
	v_cvt_f32_i32_sdwa v24, sext(v18) dst_sel:DWORD dst_unused:UNUSED_PAD src0_sel:BYTE_1 ; 7e300af9 00090612
	v_cvt_f32_i32_sdwa v18, sext(v18) dst_sel:DWORD dst_unused:UNUSED_PAD src0_sel:BYTE_0 ; 7e240af9 00080612
	v_cvt_f32_i32_sdwa v25, sext(v20) dst_sel:DWORD dst_unused:UNUSED_PAD src0_sel:BYTE_3 ; 7e320af9 000b0614
	v_cvt_f32_i32_sdwa v26, sext(v20) dst_sel:DWORD dst_unused:UNUSED_PAD src0_sel:BYTE_2 ; 7e340af9 000a0614
	v_cvt_f32_i32_sdwa v27, sext(v20) dst_sel:DWORD dst_unused:UNUSED_PAD src0_sel:BYTE_1 ; 7e360af9 00090614
	v_cvt_f32_i32_sdwa v20, sext(v20) dst_sel:DWORD dst_unused:UNUSED_PAD src0_sel:BYTE_0 ; 7e280af9 00080614
	s_waitcnt vmcnt(0)                                          ; bf8c3f70
	v_cvt_f32_f16_e32 v28, v21                                  ; 7e381715
	v_mul_f32_e32 v15, v15, v25                                 ; 0a1e330f
	v_mac_f32_e32 v15, v14, v26                                 ; 2c1e350e
	v_mac_f32_e32 v15, v13, v27                                 ; 2c1e370d
	v_mac_f32_e32 v15, v12, v20                                 ; 2c1e290c
	v_mac_f32_e32 v15, v10, v23                                 ; 2c1e2f0a
	v_mac_f32_e32 v15, v11, v22                                 ; 2c1e2d0b
	v_mac_f32_e32 v15, v9, v24                                  ; 2c1e3109
	v_mac_f32_e32 v15, v8, v18                                  ; 2c1e2508
	v_mac_f32_e32 v4, v15, v28                                  ; 2c08390f
	s_branch BB78                                               ; bf820001
BB77:
	s_mov_b32 s18, src_scc                                      ; be9200fd
BB78:
	s_add_u32 s21, 0x400, s1                                    ; 801501ff 00000400
	s_cmp_lg_i32 s18, 0                                         ; bf018012
	v_add_u32_e32 v5, s21, v0                                   ; 680a0015
	v_and_b32_e32 v6, 31, v5                                    ; 260c0a9f
	v_sub_u32_e32 v7, v5, v6                                    ; 6a0e0d05
	v_add3_u32 v7, v6, s5, v7                                   ; d1ff0007 041c0b06
	s_cbranch_scc0 BB83                                         ; bf84006a
BB79:
	s_load_dwordx4 s[24:27], s[10:11], 0x0                      ; c00a0605 00000000
	v_lshrrev_b32_e32 v7, 2, v7                                 ; 200e0e82
	v_lshlrev_b32_e32 v7, 4, v7                                 ; 240e0e84
	s_waitcnt lgkmcnt(0)                                        ; bf8cc07f
	buffer_load_dwordx4 v[8:11], v7, s[12:15], 0 offen          ; e05c1000 80030807
	buffer_load_dwordx4 v[12:15], v7, s[12:15], 0 offen offset:16 ; e05c1010 80030c07
	v_add_u32_e32 v7, s9, v5                                    ; 680e0a09
	v_lshrrev_b32_e32 v7, 5, v7                                 ; 200e0e85
	v_add_u32_e32 v7, s20, v7                                   ; 680e0e14
	v_lshlrev_b32_e32 v16, 1, v7                                ; 24200e81
	v_lshl_add_u32 v7, v7, 5, v16                               ; d1fd0007 04410b07
	v_add_u32_e32 v17, 2, v7                                    ; 68220e82
	v_add_u32_e32 v18, v17, v6                                  ; 68240d11
	v_and_b32_e32 v17, -4, v17                                  ; 262222c4
	v_add_u32_e32 v17, v17, v6                                  ; 68220d11
	buffer_load_dwordx3 v[19:21], v17, s[24:27], 0 offen        ; e0581000 80061311
	buffer_load_short_d16 v22, v7, s[24:27], 0 offen            ; e0901000 80061607
	s_mov_b32 s18, src_scc                                      ; be9200fd
	s_add_u32 s21, s9, s3                                       ; 80150309
	s_cmp_lt_u32 1, s4                                          ; bf0a0481
	s_waitcnt vmcnt(1)                                          ; bf8c3f71
	v_alignbyte_b32 v19, v20, v19, v18                          ; d1cf0013 044a2714
	v_alignbyte_b32 v21, v21, v20, v18                          ; d1cf0015 044a2915
	v_cvt_f32_i32_sdwa v23, sext(v19) dst_sel:DWORD dst_unused:UNUSED_PAD src0_sel:BYTE_3 ; 7e2e0af9 000b0613
	v_cvt_f32_i32_sdwa v24, sext(v19) dst_sel:DWORD dst_unused:UNUSED_PAD src0_sel:BYTE_2 ; 7e300af9 000a0613
	v_cvt_f32_i32_sdwa v25, sext(v19) dst_sel:DWORD dst_unused:UNUSED_PAD src0_sel:BYTE_1 ; 7e320af9 00090613
	v_cvt_f32_i32_sdwa v19, sext(v19) dst_sel:DWORD dst_unused:UNUSED_PAD src0_sel:BYTE_0 ; 7e260af9 00080613
	s_waitcnt vmcnt(0)                                          ; bf8c3f70
	v_cvt_f32_f16_e32 v29, v22                                  ; 7e3a1716
	v_cvt_f32_i32_sdwa v26, sext(v21) dst_sel:DWORD dst_unused:UNUSED_PAD src0_sel:BYTE_3 ; 7e340af9 000b0615
	v_cvt_f32_i32_sdwa v27, sext(v21) dst_sel:DWORD dst_unused:UNUSED_PAD src0_sel:BYTE_2 ; 7e360af9 000a0615
	v_cvt_f32_i32_sdwa v28, sext(v21) dst_sel:DWORD dst_unused:UNUSED_PAD src0_sel:BYTE_1 ; 7e380af9 00090615
	v_cvt_f32_i32_sdwa v21, sext(v21) dst_sel:DWORD dst_unused:UNUSED_PAD src0_sel:BYTE_0 ; 7e2a0af9 00080615
	v_mul_f32_e32 v26, v15, v26                                 ; 0a34350f
	v_mac_f32_e32 v26, v14, v27                                 ; 2c34370e
	v_mac_f32_e32 v26, v13, v28                                 ; 2c34390d
	v_mac_f32_e32 v26, v12, v21                                 ; 2c342b0c
	v_mac_f32_e32 v26, v10, v24                                 ; 2c34310a
	v_mac_f32_e32 v26, v11, v23                                 ; 2c342f0b
	v_mac_f32_e32 v26, v9, v25                                  ; 2c343309
	v_mac_f32_e32 v26, v8, v19                                  ; 2c342708
	v_mac_f32_e32 v1, v26, v29                                  ; 2c023b1a
	s_cbranch_scc0 BB84                                         ; bf840030
BB80:
	v_add_u32_e32 v5, s21, v5                                   ; 680a0a15
	v_lshrrev_b32_e32 v5, 5, v5                                 ; 200a0a85
	v_add_u32_e32 v5, s20, v5                                   ; 680a0a14
	v_lshlrev_b32_e32 v7, 1, v5                                 ; 240e0a81
	v_lshl_add_u32 v5, v5, 5, v7                                ; d1fd0005 041d0b05
	v_add_u32_e32 v16, 2, v5                                    ; 68200a82
	v_add_u32_e32 v17, v16, v6                                  ; 68220d10
	v_and_b32_e32 v16, -4, v16                                  ; 262020c4
	v_add_u32_e32 v16, v16, v6                                  ; 68200d10
	buffer_load_dwordx3 v[18:20], v16, s[24:27], 0 offen        ; e0581000 80061210
	buffer_load_short_d16 v21, v5, s[24:27], 0 offen            ; e0901000 80061505
	s_waitcnt vmcnt(1)                                          ; bf8c3f71
	v_alignbyte_b32 v18, v19, v18, v17                          ; d1cf0012 04462513
	v_alignbyte_b32 v20, v20, v19, v17                          ; d1cf0014 04462714
	v_cvt_f32_i32_sdwa v22, sext(v18) dst_sel:DWORD dst_unused:UNUSED_PAD src0_sel:BYTE_3 ; 7e2c0af9 000b0612
	v_cvt_f32_i32_sdwa v23, sext(v18) dst_sel:DWORD dst_unused:UNUSED_PAD src0_sel:BYTE_2 ; 7e2e0af9 000a0612
	v_cvt_f32_i32_sdwa v24, sext(v18) dst_sel:DWORD dst_unused:UNUSED_PAD src0_sel:BYTE_1 ; 7e300af9 00090612
	v_cvt_f32_i32_sdwa v18, sext(v18) dst_sel:DWORD dst_unused:UNUSED_PAD src0_sel:BYTE_0 ; 7e240af9 00080612
	v_cvt_f32_i32_sdwa v25, sext(v20) dst_sel:DWORD dst_unused:UNUSED_PAD src0_sel:BYTE_3 ; 7e320af9 000b0614
	v_cvt_f32_i32_sdwa v26, sext(v20) dst_sel:DWORD dst_unused:UNUSED_PAD src0_sel:BYTE_2 ; 7e340af9 000a0614
	v_cvt_f32_i32_sdwa v27, sext(v20) dst_sel:DWORD dst_unused:UNUSED_PAD src0_sel:BYTE_1 ; 7e360af9 00090614
	v_cvt_f32_i32_sdwa v20, sext(v20) dst_sel:DWORD dst_unused:UNUSED_PAD src0_sel:BYTE_0 ; 7e280af9 00080614
	s_waitcnt vmcnt(0)                                          ; bf8c3f70
	v_cvt_f32_f16_e32 v28, v21                                  ; 7e381715
	v_mul_f32_e32 v15, v15, v25                                 ; 0a1e330f
	v_mac_f32_e32 v15, v14, v26                                 ; 2c1e350e
	v_mac_f32_e32 v15, v13, v27                                 ; 2c1e370d
	v_mac_f32_e32 v15, v12, v20                                 ; 2c1e290c
	v_mac_f32_e32 v15, v10, v23                                 ; 2c1e2f0a
	v_mac_f32_e32 v15, v11, v22                                 ; 2c1e2d0b
	v_mac_f32_e32 v15, v9, v24                                  ; 2c1e3109
	v_mac_f32_e32 v15, v8, v18                                  ; 2c1e2508
	v_mac_f32_e32 v4, v15, v28                                  ; 2c08390f
	s_branch BB84                                               ; bf820001
BB83:
	s_mov_b32 s18, src_scc                                      ; be9200fd
BB84:
	s_addk_i32 s1, 0x600                                        ; b7010600
	s_cmp_lg_i32 s18, 0                                         ; bf018012
	v_add_u32_e32 v5, s1, v0                                    ; 680a0001
	v_and_b32_e32 v6, 31, v5                                    ; 260c0a9f
	v_sub_u32_e32 v7, v5, v6                                    ; 6a0e0d05
	v_add3_u32 v7, v6, s5, v7                                   ; d1ff0007 041c0b06
	s_cbranch_scc0 BB90                                         ; bf840068
BB85:
	s_load_dwordx4 s[24:27], s[10:11], 0x0                      ; c00a0605 00000000
	v_lshrrev_b32_e32 v7, 2, v7                                 ; 200e0e82
	v_lshlrev_b32_e32 v7, 4, v7                                 ; 240e0e84
	s_waitcnt lgkmcnt(0)                                        ; bf8cc07f
	buffer_load_dwordx4 v[8:11], v7, s[12:15], 0 offen          ; e05c1000 80030807
	buffer_load_dwordx4 v[12:15], v7, s[12:15], 0 offen offset:16 ; e05c1010 80030c07
	v_add_u32_e32 v7, s9, v5                                    ; 680e0a09
	v_lshrrev_b32_e32 v7, 5, v7                                 ; 200e0e85
	v_add_u32_e32 v7, s20, v7                                   ; 680e0e14
	v_lshlrev_b32_e32 v16, 1, v7                                ; 24200e81
	v_lshl_add_u32 v7, v7, 5, v16                               ; d1fd0007 04410b07
	v_add_u32_e32 v17, 2, v7                                    ; 68220e82
	v_add_u32_e32 v18, v17, v6                                  ; 68240d11
	v_and_b32_e32 v17, -4, v17                                  ; 262222c4
	v_add_u32_e32 v17, v17, v6                                  ; 68220d11
	buffer_load_dwordx3 v[19:21], v17, s[24:27], 0 offen        ; e0581000 80061311
	buffer_load_short_d16 v22, v7, s[24:27], 0 offen            ; e0901000 80061607
	s_add_u32 s9, s9, s3                                        ; 80090309
	s_cmp_lt_u32 1, s4                                          ; bf0a0481
	s_waitcnt vmcnt(1)                                          ; bf8c3f71
	v_alignbyte_b32 v19, v20, v19, v18                          ; d1cf0013 044a2714
	v_alignbyte_b32 v21, v21, v20, v18                          ; d1cf0015 044a2915
	v_cvt_f32_i32_sdwa v23, sext(v19) dst_sel:DWORD dst_unused:UNUSED_PAD src0_sel:BYTE_3 ; 7e2e0af9 000b0613
	v_cvt_f32_i32_sdwa v24, sext(v19) dst_sel:DWORD dst_unused:UNUSED_PAD src0_sel:BYTE_2 ; 7e300af9 000a0613
	v_cvt_f32_i32_sdwa v25, sext(v19) dst_sel:DWORD dst_unused:UNUSED_PAD src0_sel:BYTE_1 ; 7e320af9 00090613
	v_cvt_f32_i32_sdwa v19, sext(v19) dst_sel:DWORD dst_unused:UNUSED_PAD src0_sel:BYTE_0 ; 7e260af9 00080613
	s_waitcnt vmcnt(0)                                          ; bf8c3f70
	v_cvt_f32_f16_e32 v29, v22                                  ; 7e3a1716
	v_cvt_f32_i32_sdwa v26, sext(v21) dst_sel:DWORD dst_unused:UNUSED_PAD src0_sel:BYTE_3 ; 7e340af9 000b0615
	v_cvt_f32_i32_sdwa v27, sext(v21) dst_sel:DWORD dst_unused:UNUSED_PAD src0_sel:BYTE_2 ; 7e360af9 000a0615
	v_cvt_f32_i32_sdwa v28, sext(v21) dst_sel:DWORD dst_unused:UNUSED_PAD src0_sel:BYTE_1 ; 7e380af9 00090615
	v_cvt_f32_i32_sdwa v21, sext(v21) dst_sel:DWORD dst_unused:UNUSED_PAD src0_sel:BYTE_0 ; 7e2a0af9 00080615
	v_mul_f32_e32 v26, v15, v26                                 ; 0a34350f
	v_mac_f32_e32 v26, v14, v27                                 ; 2c34370e
	v_mac_f32_e32 v26, v13, v28                                 ; 2c34390d
	v_mac_f32_e32 v26, v12, v21                                 ; 2c342b0c
	v_mac_f32_e32 v26, v10, v24                                 ; 2c34310a
	v_mac_f32_e32 v26, v11, v23                                 ; 2c342f0b
	v_mac_f32_e32 v26, v9, v25                                  ; 2c343309
	v_mac_f32_e32 v26, v8, v19                                  ; 2c342708
	v_mac_f32_e32 v1, v26, v29                                  ; 2c023b1a
	s_cbranch_scc0 BB90                                         ; bf84002e
BB86:
	v_add_u32_e32 v5, s9, v5                                    ; 680a0a09
	v_lshrrev_b32_e32 v5, 5, v5                                 ; 200a0a85
	v_add_u32_e32 v5, s20, v5                                   ; 680a0a14
	v_lshlrev_b32_e32 v7, 1, v5                                 ; 240e0a81
	v_lshl_add_u32 v5, v5, 5, v7                                ; d1fd0005 041d0b05
	v_add_u32_e32 v16, 2, v5                                    ; 68200a82
	v_add_u32_e32 v17, v16, v6                                  ; 68220d10
	v_and_b32_e32 v16, -4, v16                                  ; 262020c4
	v_add_u32_e32 v16, v16, v6                                  ; 68200d10
	buffer_load_dwordx3 v[18:20], v16, s[24:27], 0 offen        ; e0581000 80061210
	buffer_load_short_d16 v21, v5, s[24:27], 0 offen            ; e0901000 80061505
	s_waitcnt vmcnt(1)                                          ; bf8c3f71
	v_alignbyte_b32 v18, v19, v18, v17                          ; d1cf0012 04462513
	v_alignbyte_b32 v20, v20, v19, v17                          ; d1cf0014 04462714
	v_cvt_f32_i32_sdwa v22, sext(v18) dst_sel:DWORD dst_unused:UNUSED_PAD src0_sel:BYTE_3 ; 7e2c0af9 000b0612
	v_cvt_f32_i32_sdwa v23, sext(v18) dst_sel:DWORD dst_unused:UNUSED_PAD src0_sel:BYTE_2 ; 7e2e0af9 000a0612
	v_cvt_f32_i32_sdwa v24, sext(v18) dst_sel:DWORD dst_unused:UNUSED_PAD src0_sel:BYTE_1 ; 7e300af9 00090612
	v_cvt_f32_i32_sdwa v18, sext(v18) dst_sel:DWORD dst_unused:UNUSED_PAD src0_sel:BYTE_0 ; 7e240af9 00080612
	v_cvt_f32_i32_sdwa v25, sext(v20) dst_sel:DWORD dst_unused:UNUSED_PAD src0_sel:BYTE_3 ; 7e320af9 000b0614
	v_cvt_f32_i32_sdwa v26, sext(v20) dst_sel:DWORD dst_unused:UNUSED_PAD src0_sel:BYTE_2 ; 7e340af9 000a0614
	v_cvt_f32_i32_sdwa v27, sext(v20) dst_sel:DWORD dst_unused:UNUSED_PAD src0_sel:BYTE_1 ; 7e360af9 00090614
	v_cvt_f32_i32_sdwa v20, sext(v20) dst_sel:DWORD dst_unused:UNUSED_PAD src0_sel:BYTE_0 ; 7e280af9 00080614
	s_waitcnt vmcnt(0)                                          ; bf8c3f70
	v_cvt_f32_f16_e32 v28, v21                                  ; 7e381715
	v_mul_f32_e32 v15, v15, v25                                 ; 0a1e330f
	v_mac_f32_e32 v15, v14, v26                                 ; 2c1e350e
	v_mac_f32_e32 v15, v13, v27                                 ; 2c1e370d
	v_mac_f32_e32 v15, v12, v20                                 ; 2c1e290c
	v_mac_f32_e32 v15, v10, v23                                 ; 2c1e2f0a
	v_mac_f32_e32 v15, v11, v22                                 ; 2c1e2d0b
	v_mac_f32_e32 v15, v9, v24                                  ; 2c1e3109
	v_mac_f32_e32 v15, v8, v18                                  ; 2c1e2508
	v_mac_f32_e32 v4, v15, v28                                  ; 2c08390f
BB90:
	s_add_u32 s0, 4, s0                                         ; 80000084
	s_branch BB61                                               ; bf82fe26
BB91:
	s_mov_b64 exec, -1                                          ; befe01c1
	v_and_b32_e32 v5, -2, v2                                    ; 260a04c2
	s_nop 0                                                     ; bf800000
	(then repeated 1 times)
BB92:
	s_mov_b64 s[0:1], exec                                      ; be80017e
	v_cmpx_ge_u32_e32 vcc, v3, v5                               ; 7dbc0b03
BB93:
	s_andn2_b64 s[0:1], s[0:1], exec                            ; 89807e00
	s_cbranch_scc0 BB110                                        ; bf8400ef
BB97:
	s_mov_b64 exec, s[0:1]                                      ; befe0100
	s_mov_b32 s0, s2                                            ; be800002
	s_movk_i32 s1, 0x8000                                       ; b0018000
	s_waitcnt lgkmcnt(0)                                        ; bf8cc07f
	s_load_dwordx4 s[12:15], s[0:1], 0x10                       ; c00a0300 00000010
	s_mul_i32 s5, s6, s17                                       ; 92051106
	s_mul_i32 s9, s16, s3                                       ; 92090310
	s_cmp_lg_i32 s4, 0                                          ; bf018004
	v_lshl_add_u32 v6, v3, 9, v0                                ; d1fd0006 04011303
	v_and_b32_e32 v7, 31, v6                                    ; 260e0c9f
	v_sub_u32_e32 v8, v6, v7                                    ; 6a100f06
	v_add3_u32 v8, v7, s5, v8                                   ; d1ff0008 04200b07
	s_cbranch_scc0 BB102                                        ; bf84006a
BB98:
	s_load_dwordx4 s[24:27], s[0:1], 0x0                        ; c00a0600 00000000
	v_lshrrev_b32_e32 v8, 2, v8                                 ; 20101082
	v_lshlrev_b32_e32 v8, 4, v8                                 ; 24101084
	s_waitcnt lgkmcnt(0)                                        ; bf8cc07f
	buffer_load_dwordx4 v[12:15], v8, s[12:15], 0 offen         ; e05c1000 80030c08
	buffer_load_dwordx4 v[8:11], v8, s[12:15], 0 offen offset:16 ; e05c1010 80030808
	v_add_u32_e32 v16, s9, v6                                   ; 68200c09
	v_lshrrev_b32_e32 v16, 5, v16                               ; 20202085
	v_add_u32_e32 v16, s20, v16                                 ; 68202014
	v_lshlrev_b32_e32 v17, 1, v16                               ; 24222081
	v_lshl_add_u32 v16, v16, 5, v17                             ; d1fd0010 04450b10
	v_add_u32_e32 v18, 2, v16                                   ; 68242082
	v_add_u32_e32 v19, v18, v7                                  ; 68260f12
	v_and_b32_e32 v18, -4, v18                                  ; 262424c4
	v_add_u32_e32 v18, v18, v7                                  ; 68240f12
	buffer_load_dwordx3 v[20:22], v18, s[24:27], 0 offen        ; e0581000 80061412
	buffer_load_short_d16 v23, v16, s[24:27], 0 offen           ; e0901000 80061710
	s_mov_b32 s10, src_scc                                      ; be8a00fd
	s_add_u32 s11, s9, s3                                       ; 800b0309
	s_cmp_lt_u32 1, s4                                          ; bf0a0481
	s_waitcnt vmcnt(1)                                          ; bf8c3f71
	v_alignbyte_b32 v20, v21, v20, v19                          ; d1cf0014 044e2915
	v_alignbyte_b32 v22, v22, v21, v19                          ; d1cf0016 044e2b16
	v_cvt_f32_i32_sdwa v24, sext(v20) dst_sel:DWORD dst_unused:UNUSED_PAD src0_sel:BYTE_3 ; 7e300af9 000b0614
	v_cvt_f32_i32_sdwa v25, sext(v20) dst_sel:DWORD dst_unused:UNUSED_PAD src0_sel:BYTE_2 ; 7e320af9 000a0614
	v_cvt_f32_i32_sdwa v26, sext(v20) dst_sel:DWORD dst_unused:UNUSED_PAD src0_sel:BYTE_1 ; 7e340af9 00090614
	v_cvt_f32_i32_sdwa v20, sext(v20) dst_sel:DWORD dst_unused:UNUSED_PAD src0_sel:BYTE_0 ; 7e280af9 00080614
	s_waitcnt vmcnt(0)                                          ; bf8c3f70
	v_cvt_f32_f16_e32 v30, v23                                  ; 7e3c1717
	v_cvt_f32_i32_sdwa v27, sext(v22) dst_sel:DWORD dst_unused:UNUSED_PAD src0_sel:BYTE_3 ; 7e360af9 000b0616
	v_cvt_f32_i32_sdwa v28, sext(v22) dst_sel:DWORD dst_unused:UNUSED_PAD src0_sel:BYTE_2 ; 7e380af9 000a0616
	v_cvt_f32_i32_sdwa v29, sext(v22) dst_sel:DWORD dst_unused:UNUSED_PAD src0_sel:BYTE_1 ; 7e3a0af9 00090616
	v_cvt_f32_i32_sdwa v22, sext(v22) dst_sel:DWORD dst_unused:UNUSED_PAD src0_sel:BYTE_0 ; 7e2c0af9 00080616
	v_mul_f32_e32 v27, v11, v27                                 ; 0a36370b
	v_mac_f32_e32 v27, v10, v28                                 ; 2c36390a
	v_mac_f32_e32 v27, v9, v29                                  ; 2c363b09
	v_mac_f32_e32 v27, v8, v22                                  ; 2c362d08
	v_mac_f32_e32 v27, v14, v25                                 ; 2c36330e
	v_mac_f32_e32 v27, v15, v24                                 ; 2c36310f
	v_mac_f32_e32 v27, v13, v26                                 ; 2c36350d
	v_mac_f32_e32 v27, v12, v20                                 ; 2c36290c
	v_mac_f32_e32 v1, v27, v30                                  ; 2c023d1b
	s_cbranch_scc0 BB103                                        ; bf840030
BB99:
	v_add_u32_e32 v6, s11, v6                                   ; 680c0c0b
	v_lshrrev_b32_e32 v6, 5, v6                                 ; 200c0c85
	v_add_u32_e32 v6, s20, v6                                   ; 680c0c14
	v_lshlrev_b32_e32 v16, 1, v6                                ; 24200c81
	v_lshl_add_u32 v6, v6, 5, v16                               ; d1fd0006 04410b06
	v_add_u32_e32 v17, 2, v6                                    ; 68220c82
	v_add_u32_e32 v18, v17, v7                                  ; 68240f11
	v_and_b32_e32 v17, -4, v17                                  ; 262222c4
	v_add_u32_e32 v17, v17, v7                                  ; 68220f11
	buffer_load_dwordx3 v[19:21], v17, s[24:27], 0 offen        ; e0581000 80061311
	buffer_load_short_d16 v22, v6, s[24:27], 0 offen            ; e0901000 80061606
	s_waitcnt vmcnt(1)                                          ; bf8c3f71
	v_alignbyte_b32 v19, v20, v19, v18                          ; d1cf0013 044a2714
	v_alignbyte_b32 v21, v21, v20, v18                          ; d1cf0015 044a2915
	v_cvt_f32_i32_sdwa v23, sext(v19) dst_sel:DWORD dst_unused:UNUSED_PAD src0_sel:BYTE_3 ; 7e2e0af9 000b0613
	v_cvt_f32_i32_sdwa v24, sext(v19) dst_sel:DWORD dst_unused:UNUSED_PAD src0_sel:BYTE_2 ; 7e300af9 000a0613
	v_cvt_f32_i32_sdwa v25, sext(v19) dst_sel:DWORD dst_unused:UNUSED_PAD src0_sel:BYTE_1 ; 7e320af9 00090613
	v_cvt_f32_i32_sdwa v19, sext(v19) dst_sel:DWORD dst_unused:UNUSED_PAD src0_sel:BYTE_0 ; 7e260af9 00080613
	v_cvt_f32_i32_sdwa v26, sext(v21) dst_sel:DWORD dst_unused:UNUSED_PAD src0_sel:BYTE_3 ; 7e340af9 000b0615
	v_cvt_f32_i32_sdwa v27, sext(v21) dst_sel:DWORD dst_unused:UNUSED_PAD src0_sel:BYTE_2 ; 7e360af9 000a0615
	v_cvt_f32_i32_sdwa v28, sext(v21) dst_sel:DWORD dst_unused:UNUSED_PAD src0_sel:BYTE_1 ; 7e380af9 00090615
	v_cvt_f32_i32_sdwa v21, sext(v21) dst_sel:DWORD dst_unused:UNUSED_PAD src0_sel:BYTE_0 ; 7e2a0af9 00080615
	s_waitcnt vmcnt(0)                                          ; bf8c3f70
	v_cvt_f32_f16_e32 v29, v22                                  ; 7e3a1716
	v_mul_f32_e32 v11, v11, v26                                 ; 0a16350b
	v_mac_f32_e32 v11, v10, v27                                 ; 2c16370a
	v_mac_f32_e32 v11, v9, v28                                  ; 2c163909
	v_mac_f32_e32 v11, v8, v21                                  ; 2c162b08
	v_mac_f32_e32 v11, v14, v24                                 ; 2c16310e
	v_mac_f32_e32 v11, v15, v23                                 ; 2c162f0f
	v_mac_f32_e32 v11, v13, v25                                 ; 2c16330d
	v_mac_f32_e32 v11, v12, v19                                 ; 2c16270c
	v_mac_f32_e32 v4, v11, v29                                  ; 2c083b0b
	s_branch BB103                                              ; bf820001
BB102:
	s_mov_b32 s10, src_scc                                      ; be8a00fd
BB103:
	s_movk_i32 s11, 0x200                                       ; b00b0200
	s_cmp_lg_i32 s10, 0                                         ; bf01800a
	v_lshl_add_u32 v6, v3, 9, s11                               ; d1fd0006 002d1303
	v_add_u32_e32 v6, v6, v0                                    ; 680c0106
	v_and_b32_e32 v7, 31, v6                                    ; 260e0c9f
	v_sub_u32_e32 v8, v6, v7                                    ; 6a100f06
	v_add3_u32 v8, v7, s5, v8                                   ; d1ff0008 04200b07
	s_cbranch_scc0 BB109                                        ; bf840068
BB104:
	s_load_dwordx4 s[24:27], s[0:1], 0x0                        ; c00a0600 00000000
	v_lshrrev_b32_e32 v8, 2, v8                                 ; 20101082
	v_lshlrev_b32_e32 v8, 4, v8                                 ; 24101084
	s_waitcnt lgkmcnt(0)                                        ; bf8cc07f
	buffer_load_dwordx4 v[12:15], v8, s[12:15], 0 offen         ; e05c1000 80030c08
	buffer_load_dwordx4 v[8:11], v8, s[12:15], 0 offen offset:16 ; e05c1010 80030808
	v_add_u32_e32 v16, s9, v6                                   ; 68200c09
	v_lshrrev_b32_e32 v16, 5, v16                               ; 20202085
	v_add_u32_e32 v16, s20, v16                                 ; 68202014
	v_lshlrev_b32_e32 v17, 1, v16                               ; 24222081
	v_lshl_add_u32 v16, v16, 5, v17                             ; d1fd0010 04450b10
	v_add_u32_e32 v18, 2, v16                                   ; 68242082
	v_add_u32_e32 v19, v18, v7                                  ; 68260f12
	v_and_b32_e32 v18, -4, v18                                  ; 262424c4
	v_add_u32_e32 v18, v18, v7                                  ; 68240f12
	buffer_load_dwordx3 v[20:22], v18, s[24:27], 0 offen        ; e0581000 80061412
	buffer_load_short_d16 v23, v16, s[24:27], 0 offen           ; e0901000 80061710
	s_add_u32 s9, s9, s3                                        ; 80090309
	s_cmp_lt_u32 1, s4                                          ; bf0a0481
	s_waitcnt vmcnt(1)                                          ; bf8c3f71
	v_alignbyte_b32 v20, v21, v20, v19                          ; d1cf0014 044e2915
	v_alignbyte_b32 v22, v22, v21, v19                          ; d1cf0016 044e2b16
	v_cvt_f32_i32_sdwa v24, sext(v20) dst_sel:DWORD dst_unused:UNUSED_PAD src0_sel:BYTE_3 ; 7e300af9 000b0614
	v_cvt_f32_i32_sdwa v25, sext(v20) dst_sel:DWORD dst_unused:UNUSED_PAD src0_sel:BYTE_2 ; 7e320af9 000a0614
	v_cvt_f32_i32_sdwa v26, sext(v20) dst_sel:DWORD dst_unused:UNUSED_PAD src0_sel:BYTE_1 ; 7e340af9 00090614
	v_cvt_f32_i32_sdwa v20, sext(v20) dst_sel:DWORD dst_unused:UNUSED_PAD src0_sel:BYTE_0 ; 7e280af9 00080614
	s_waitcnt vmcnt(0)                                          ; bf8c3f70
	v_cvt_f32_f16_e32 v30, v23                                  ; 7e3c1717
	v_cvt_f32_i32_sdwa v27, sext(v22) dst_sel:DWORD dst_unused:UNUSED_PAD src0_sel:BYTE_3 ; 7e360af9 000b0616
	v_cvt_f32_i32_sdwa v28, sext(v22) dst_sel:DWORD dst_unused:UNUSED_PAD src0_sel:BYTE_2 ; 7e380af9 000a0616
	v_cvt_f32_i32_sdwa v29, sext(v22) dst_sel:DWORD dst_unused:UNUSED_PAD src0_sel:BYTE_1 ; 7e3a0af9 00090616
	v_cvt_f32_i32_sdwa v22, sext(v22) dst_sel:DWORD dst_unused:UNUSED_PAD src0_sel:BYTE_0 ; 7e2c0af9 00080616
	v_mul_f32_e32 v27, v11, v27                                 ; 0a36370b
	v_mac_f32_e32 v27, v10, v28                                 ; 2c36390a
	v_mac_f32_e32 v27, v9, v29                                  ; 2c363b09
	v_mac_f32_e32 v27, v8, v22                                  ; 2c362d08
	v_mac_f32_e32 v27, v14, v25                                 ; 2c36330e
	v_mac_f32_e32 v27, v15, v24                                 ; 2c36310f
	v_mac_f32_e32 v27, v13, v26                                 ; 2c36350d
	v_mac_f32_e32 v27, v12, v20                                 ; 2c36290c
	v_mac_f32_e32 v1, v27, v30                                  ; 2c023d1b
	s_cbranch_scc0 BB109                                        ; bf84002e
BB105:
	v_add_u32_e32 v6, s9, v6                                    ; 680c0c09
	v_lshrrev_b32_e32 v6, 5, v6                                 ; 200c0c85
	v_add_u32_e32 v6, s20, v6                                   ; 680c0c14
	v_lshlrev_b32_e32 v16, 1, v6                                ; 24200c81
	v_lshl_add_u32 v6, v6, 5, v16                               ; d1fd0006 04410b06
	v_add_u32_e32 v17, 2, v6                                    ; 68220c82
	v_add_u32_e32 v18, v17, v7                                  ; 68240f11
	v_and_b32_e32 v17, -4, v17                                  ; 262222c4
	v_add_u32_e32 v17, v17, v7                                  ; 68220f11
	buffer_load_dwordx3 v[19:21], v17, s[24:27], 0 offen        ; e0581000 80061311
	buffer_load_short_d16 v22, v6, s[24:27], 0 offen            ; e0901000 80061606
	s_waitcnt vmcnt(1)                                          ; bf8c3f71
	v_alignbyte_b32 v19, v20, v19, v18                          ; d1cf0013 044a2714
	v_alignbyte_b32 v21, v21, v20, v18                          ; d1cf0015 044a2915
	v_cvt_f32_i32_sdwa v23, sext(v19) dst_sel:DWORD dst_unused:UNUSED_PAD src0_sel:BYTE_3 ; 7e2e0af9 000b0613
	v_cvt_f32_i32_sdwa v24, sext(v19) dst_sel:DWORD dst_unused:UNUSED_PAD src0_sel:BYTE_2 ; 7e300af9 000a0613
	v_cvt_f32_i32_sdwa v25, sext(v19) dst_sel:DWORD dst_unused:UNUSED_PAD src0_sel:BYTE_1 ; 7e320af9 00090613
	v_cvt_f32_i32_sdwa v19, sext(v19) dst_sel:DWORD dst_unused:UNUSED_PAD src0_sel:BYTE_0 ; 7e260af9 00080613
	v_cvt_f32_i32_sdwa v26, sext(v21) dst_sel:DWORD dst_unused:UNUSED_PAD src0_sel:BYTE_3 ; 7e340af9 000b0615
	v_cvt_f32_i32_sdwa v27, sext(v21) dst_sel:DWORD dst_unused:UNUSED_PAD src0_sel:BYTE_2 ; 7e360af9 000a0615
	v_cvt_f32_i32_sdwa v28, sext(v21) dst_sel:DWORD dst_unused:UNUSED_PAD src0_sel:BYTE_1 ; 7e380af9 00090615
	v_cvt_f32_i32_sdwa v21, sext(v21) dst_sel:DWORD dst_unused:UNUSED_PAD src0_sel:BYTE_0 ; 7e2a0af9 00080615
	s_waitcnt vmcnt(0)                                          ; bf8c3f70
	v_cvt_f32_f16_e32 v29, v22                                  ; 7e3a1716
	v_mul_f32_e32 v11, v11, v26                                 ; 0a16350b
	v_mac_f32_e32 v11, v10, v27                                 ; 2c16370a
	v_mac_f32_e32 v11, v9, v28                                  ; 2c163909
	v_mac_f32_e32 v11, v8, v21                                  ; 2c162b08
	v_mac_f32_e32 v11, v14, v24                                 ; 2c16310e
	v_mac_f32_e32 v11, v15, v23                                 ; 2c162f0f
	v_mac_f32_e32 v11, v13, v25                                 ; 2c16330d
	v_mac_f32_e32 v11, v12, v19                                 ; 2c16270c
	v_mac_f32_e32 v4, v11, v29                                  ; 2c083b0b
BB109:
	v_add_u32_e32 v3, 2, v3                                     ; 68060682
	s_branch BB92                                               ; bf82ff0d
BB110:
	s_mov_b64 exec, -1                                          ; befe01c1
BB111:
	s_mov_b64 s[0:1], exec                                      ; be80017e
	v_cmpx_ge_u32_e32 vcc, v3, v2                               ; 7dbc0503
BB112:
	s_andn2_b64 s[0:1], s[0:1], exec                            ; 89807e00
	s_cbranch_scc0 BB123                                        ; bf84007a
BB116:
	s_mov_b64 exec, s[0:1]                                      ; befe0100
	s_mov_b32 s0, s2                                            ; be800002
	s_movk_i32 s1, 0x8000                                       ; b0018000
	s_waitcnt lgkmcnt(0)                                        ; bf8cc07f
	s_load_dwordx4 s[12:15], s[0:1], 0x10                       ; c00a0300 00000010
	s_mul_i32 s5, s6, s17                                       ; 92051106
	s_mul_i32 s9, s16, s3                                       ; 92090310
	s_cmp_lg_i32 s4, 0                                          ; bf018004
	v_lshl_add_u32 v5, v3, 9, v0                                ; d1fd0005 04011303
	v_and_b32_e32 v6, 31, v5                                    ; 260c0a9f
	v_sub_u32_e32 v7, v5, v6                                    ; 6a0e0d05
	v_add3_u32 v7, v6, s5, v7                                   ; d1ff0007 041c0b06
	s_cbranch_scc0 BB122                                        ; bf840068
BB117:
	s_load_dwordx4 s[24:27], s[0:1], 0x0                        ; c00a0600 00000000
	v_lshrrev_b32_e32 v7, 2, v7                                 ; 200e0e82
	v_lshlrev_b32_e32 v7, 4, v7                                 ; 240e0e84
	s_waitcnt lgkmcnt(0)                                        ; bf8cc07f
	buffer_load_dwordx4 v[8:11], v7, s[12:15], 0 offen          ; e05c1000 80030807
	buffer_load_dwordx4 v[12:15], v7, s[12:15], 0 offen offset:16 ; e05c1010 80030c07
	v_add_u32_e32 v7, s9, v5                                    ; 680e0a09
	v_lshrrev_b32_e32 v7, 5, v7                                 ; 200e0e85
	v_add_u32_e32 v7, s20, v7                                   ; 680e0e14
	v_lshlrev_b32_e32 v16, 1, v7                                ; 24200e81
	v_lshl_add_u32 v7, v7, 5, v16                               ; d1fd0007 04410b07
	v_add_u32_e32 v17, 2, v7                                    ; 68220e82
	v_add_u32_e32 v18, v17, v6                                  ; 68240d11
	v_and_b32_e32 v17, -4, v17                                  ; 262222c4
	v_add_u32_e32 v17, v17, v6                                  ; 68220d11
	buffer_load_dwordx3 v[19:21], v17, s[24:27], 0 offen        ; e0581000 80061311
	buffer_load_short_d16 v22, v7, s[24:27], 0 offen            ; e0901000 80061607
	s_add_u32 s9, s9, s3                                        ; 80090309
	s_cmp_lt_u32 1, s4                                          ; bf0a0481
	s_waitcnt vmcnt(1)                                          ; bf8c3f71
	v_alignbyte_b32 v19, v20, v19, v18                          ; d1cf0013 044a2714
	v_alignbyte_b32 v21, v21, v20, v18                          ; d1cf0015 044a2915
	v_cvt_f32_i32_sdwa v23, sext(v19) dst_sel:DWORD dst_unused:UNUSED_PAD src0_sel:BYTE_3 ; 7e2e0af9 000b0613
	v_cvt_f32_i32_sdwa v24, sext(v19) dst_sel:DWORD dst_unused:UNUSED_PAD src0_sel:BYTE_2 ; 7e300af9 000a0613
	v_cvt_f32_i32_sdwa v25, sext(v19) dst_sel:DWORD dst_unused:UNUSED_PAD src0_sel:BYTE_1 ; 7e320af9 00090613
	v_cvt_f32_i32_sdwa v19, sext(v19) dst_sel:DWORD dst_unused:UNUSED_PAD src0_sel:BYTE_0 ; 7e260af9 00080613
	s_waitcnt vmcnt(0)                                          ; bf8c3f70
	v_cvt_f32_f16_e32 v29, v22                                  ; 7e3a1716
	v_cvt_f32_i32_sdwa v26, sext(v21) dst_sel:DWORD dst_unused:UNUSED_PAD src0_sel:BYTE_3 ; 7e340af9 000b0615
	v_cvt_f32_i32_sdwa v27, sext(v21) dst_sel:DWORD dst_unused:UNUSED_PAD src0_sel:BYTE_2 ; 7e360af9 000a0615
	v_cvt_f32_i32_sdwa v28, sext(v21) dst_sel:DWORD dst_unused:UNUSED_PAD src0_sel:BYTE_1 ; 7e380af9 00090615
	v_cvt_f32_i32_sdwa v21, sext(v21) dst_sel:DWORD dst_unused:UNUSED_PAD src0_sel:BYTE_0 ; 7e2a0af9 00080615
	v_mul_f32_e32 v26, v15, v26                                 ; 0a34350f
	v_mac_f32_e32 v26, v14, v27                                 ; 2c34370e
	v_mac_f32_e32 v26, v13, v28                                 ; 2c34390d
	v_mac_f32_e32 v26, v12, v21                                 ; 2c342b0c
	v_mac_f32_e32 v26, v10, v24                                 ; 2c34310a
	v_mac_f32_e32 v26, v11, v23                                 ; 2c342f0b
	v_mac_f32_e32 v26, v9, v25                                  ; 2c343309
	v_mac_f32_e32 v26, v8, v19                                  ; 2c342708
	v_mac_f32_e32 v1, v26, v29                                  ; 2c023b1a
	s_cbranch_scc0 BB122                                        ; bf84002e
BB118:
	v_add_u32_e32 v5, s9, v5                                    ; 680a0a09
	v_lshrrev_b32_e32 v5, 5, v5                                 ; 200a0a85
	v_add_u32_e32 v5, s20, v5                                   ; 680a0a14
	v_lshlrev_b32_e32 v7, 1, v5                                 ; 240e0a81
	v_lshl_add_u32 v5, v5, 5, v7                                ; d1fd0005 041d0b05
	v_add_u32_e32 v16, 2, v5                                    ; 68200a82
	v_add_u32_e32 v17, v16, v6                                  ; 68220d10
	v_and_b32_e32 v16, -4, v16                                  ; 262020c4
	v_add_u32_e32 v16, v16, v6                                  ; 68200d10
	buffer_load_dwordx3 v[18:20], v16, s[24:27], 0 offen        ; e0581000 80061210
	buffer_load_short_d16 v21, v5, s[24:27], 0 offen            ; e0901000 80061505
	s_waitcnt vmcnt(1)                                          ; bf8c3f71
	v_alignbyte_b32 v18, v19, v18, v17                          ; d1cf0012 04462513
	v_alignbyte_b32 v20, v20, v19, v17                          ; d1cf0014 04462714
	v_cvt_f32_i32_sdwa v22, sext(v18) dst_sel:DWORD dst_unused:UNUSED_PAD src0_sel:BYTE_3 ; 7e2c0af9 000b0612
	v_cvt_f32_i32_sdwa v23, sext(v18) dst_sel:DWORD dst_unused:UNUSED_PAD src0_sel:BYTE_2 ; 7e2e0af9 000a0612
	v_cvt_f32_i32_sdwa v24, sext(v18) dst_sel:DWORD dst_unused:UNUSED_PAD src0_sel:BYTE_1 ; 7e300af9 00090612
	v_cvt_f32_i32_sdwa v18, sext(v18) dst_sel:DWORD dst_unused:UNUSED_PAD src0_sel:BYTE_0 ; 7e240af9 00080612
	v_cvt_f32_i32_sdwa v25, sext(v20) dst_sel:DWORD dst_unused:UNUSED_PAD src0_sel:BYTE_3 ; 7e320af9 000b0614
	v_cvt_f32_i32_sdwa v26, sext(v20) dst_sel:DWORD dst_unused:UNUSED_PAD src0_sel:BYTE_2 ; 7e340af9 000a0614
	v_cvt_f32_i32_sdwa v27, sext(v20) dst_sel:DWORD dst_unused:UNUSED_PAD src0_sel:BYTE_1 ; 7e360af9 00090614
	v_cvt_f32_i32_sdwa v20, sext(v20) dst_sel:DWORD dst_unused:UNUSED_PAD src0_sel:BYTE_0 ; 7e280af9 00080614
	s_waitcnt vmcnt(0)                                          ; bf8c3f70
	v_cvt_f32_f16_e32 v28, v21                                  ; 7e381715
	v_mul_f32_e32 v15, v15, v25                                 ; 0a1e330f
	v_mac_f32_e32 v15, v14, v26                                 ; 2c1e350e
	v_mac_f32_e32 v15, v13, v27                                 ; 2c1e370d
	v_mac_f32_e32 v15, v12, v20                                 ; 2c1e290c
	v_mac_f32_e32 v15, v10, v23                                 ; 2c1e2f0a
	v_mac_f32_e32 v15, v11, v22                                 ; 2c1e2d0b
	v_mac_f32_e32 v15, v9, v24                                  ; 2c1e3109
	v_mac_f32_e32 v15, v8, v18                                  ; 2c1e2508
	v_mac_f32_e32 v4, v15, v28                                  ; 2c08390f
BB122:
	v_add_u32_e32 v3, 1, v3                                     ; 68060681
	s_branch BB111                                              ; bf82ff82
BB123:
	s_mov_b64 exec, -1                                          ; befe01c1
	s_cmp_lg_i32 s4, 0                                          ; bf018004
	s_cselect_b64 s[0:1], -1, 0                                 ; 858080c1
	s_cbranch_scc0 BB129                                        ; bf840034
BB124:
	s_or_saveexec_b64 s[10:11], -1                              ; be8a21c1
	s_cmp_lt_u32 1, s4                                          ; bf0a0481
	v_cndmask_b32_e64 v39, 0, v1, s[10:11]                      ; d1000027 002a0280
	s_nop 1                                                     ; bf800001
	v_add_f32_dpp v39, v39, v39 quad_perm:[1,0,3,2] row_mask:0xf bank_mask:0xf ; 024e4efa ff00b127
	s_nop 1                                                     ; bf800001
	v_add_f32_dpp v39, v39, v39 quad_perm:[2,3,0,1] row_mask:0xf bank_mask:0xf ; 024e4efa ff004e27
	s_nop 1                                                     ; bf800001
	v_add_f32_dpp v39, v39, v39 row_half_mirror row_mask:0xf bank_mask:0xf ; 024e4efa ff014127
	s_nop 1                                                     ; bf800001
	v_add_f32_dpp v39, v39, v39 row_mirror row_mask:0xf bank_mask:0xf ; 024e4efa ff014027
	s_nop 1                                                     ; bf800001
	v_add_f32_dpp v39, v39, v39 row_bcast:15 row_mask:0xa bank_mask:0xf ; 024e4efa af014227
	s_nop 1                                                     ; bf800001
	v_add_f32_dpp v39, v39, v39 row_bcast:31 row_mask:0xc bank_mask:0xf ; 024e4efa cf014327
	s_mov_b64 exec, s[10:11]                                    ; befe010a
	v_readlane_b32 s3, v39, 63                                  ; d2890003 00017f27
	s_cbranch_scc0 BB127                                        ; bf840019
BB125:
	s_or_saveexec_b64 s[10:11], -1                              ; be8a21c1
	v_cndmask_b32_e64 v39, 0, v4, s[10:11]                      ; d1000027 002a0880
	s_nop 1                                                     ; bf800001
	v_add_f32_dpp v39, v39, v39 quad_perm:[1,0,3,2] row_mask:0xf bank_mask:0xf ; 024e4efa ff00b127
	s_nop 1                                                     ; bf800001
	v_add_f32_dpp v39, v39, v39 quad_perm:[2,3,0,1] row_mask:0xf bank_mask:0xf ; 024e4efa ff004e27
	s_nop 1                                                     ; bf800001
	v_add_f32_dpp v39, v39, v39 row_half_mirror row_mask:0xf bank_mask:0xf ; 024e4efa ff014127
	s_nop 1                                                     ; bf800001
	v_add_f32_dpp v39, v39, v39 row_mirror row_mask:0xf bank_mask:0xf ; 024e4efa ff014027
	s_nop 1                                                     ; bf800001
	v_add_f32_dpp v39, v39, v39 row_bcast:15 row_mask:0xa bank_mask:0xf ; 024e4efa af014227
	s_nop 1                                                     ; bf800001
	v_add_f32_dpp v39, v39, v39 row_bcast:31 row_mask:0xc bank_mask:0xf ; 024e4efa cf014327
	s_mov_b64 exec, s[10:11]                                    ; befe010a
	v_readlane_b32 s5, v39, 63                                  ; d2890005 00017f27
	v_mov_b32_e32 v4, s5                                        ; 7e080205
BB127:
	v_mov_b32_e32 v1, s3                                        ; 7e020203
BB129:
	s_mov_b64 s[10:11], 1                                       ; be8a0181
	s_and_b64 exec, s[0:1], s[10:11]                            ; 86fe0a00
	s_cbranch_execz BB138                                       ; bf880008
BB130:
	v_mov_b32_e32 v0, 0                                         ; 7e000280
	ds_write_b32 v0, v1                                         ; d81a0000 00000100
	s_cmp_lt_u32 1, s4                                          ; bf0a0481
	s_cbranch_scc0 BB138                                        ; bf840003
BB131:
	v_mov_b32_e32 v0, 0                                         ; 7e000280
	ds_write_b32 v0, v4 offset:4                                ; d81a0004 00000400
BB138:
	s_mov_b64 exec, s[10:11]                                    ; befe010a
	s_cbranch_execz BB164                                       ; bf880058
BB139:
	s_min_u32 s4, 2, s4                                         ; 83840482
	s_mov_b32 s0, 0                                             ; be800080
BB140:
	s_cmp_ge_u32 s0, s4                                         ; bf090400
	s_cbranch_scc1 BB164                                        ; bf850054
BB142:
	s_cmp_lt_i32 s0, 1                                          ; bf048100
	s_cselect_b64 vcc, -1, 0                                    ; 85ea80c1
	s_and_b32 s1, s19, 63                                       ; 8601bf13
	v_cndmask_b32_e32 v0, 0, v4, vcc                            ; 00000880
	v_cndmask_b32_e64 v2, v1, 0, vcc                            ; d1000002 01a90101
	s_cbranch_scc0 BB148                                        ; bf840016
BB143:
	s_lshl_b32 s3, s0, 2                                        ; 8e038200
	v_mov_b32_e32 v0, s3                                        ; 7e000203
	ds_read_b32 v0, v0                                          ; d86c0000 00000000
	s_mov_b32 s3, 1                                             ; be830081
	s_waitcnt lgkmcnt(0)                                        ; bf8cc07f
	v_cndmask_b32_e32 v4, v0, v4, vcc                           ; 00080900
	v_cndmask_b32_e32 v1, v1, v0, vcc                           ; 00020101
	s_nop 0                                                     ; bf800000
	(then repeated 5 times)
BB144:
	s_cmp_ge_u32 s3, s1                                         ; bf090103
	s_cbranch_scc1 BB149                                        ; bf850008
BB146:
	v_mov_b32_e32 v0, 0x7fc00000                                ; 7e0002ff 7fc00000
	s_add_u32 s3, s3, 1                                         ; 80038103
	v_cndmask_b32_e32 v4, v0, v4, vcc                           ; 00080900
	v_cndmask_b32_e32 v1, v1, v0, vcc                           ; 00020101
	s_branch BB144                                              ; bf82fff8
BB148:
	v_mov_b32_e32 v1, v2                                        ; 7e020302
	v_mov_b32_e32 v4, v0                                        ; 7e080300
BB149:
	s_bitcmp1_b32 s8, 0                                         ; bf0d8008
	s_cbranch_scc0 BB152                                        ; bf840011
BB150:
	s_mov_b32 s10, s2                                           ; be8a0002
	s_movk_i32 s11, 0x8000                                      ; b00b8000
	s_waitcnt lgkmcnt(0)                                        ; bf8cc07f
	s_load_dwordx4 s[12:15], s[10:11], 0x30                     ; c00a0305 00000030
	s_mul_i32 s1, s7, s17                                       ; 92011107
	s_add_u32 s1, s1, s16                                       ; 80011001
	s_add_u32 s1, s1, s0                                        ; 80010001
	s_lshl_b32 s1, s1, 2                                        ; 8e018201
	s_waitcnt lgkmcnt(0)                                        ; bf8cc07f
	s_buffer_load_dword s1, s[12:15], s1                        ; c0200046 00000001
	v_cndmask_b32_e32 v0, v4, v1, vcc                           ; 00000304
	s_waitcnt lgkmcnt(0)                                        ; bf8cc07f
	v_add_f32_e32 v0, s1, v0                                    ; 02000001
	v_cndmask_b32_e32 v4, v0, v4, vcc                           ; 00080900
	v_cndmask_b32_e32 v1, v1, v0, vcc                           ; 00020101
BB152:
	s_bitcmp1_b32 s8, 1                                         ; bf0d8108
	s_cbranch_scc0 BB155                                        ; bf840011
BB153:
	s_mov_b32 s10, s2                                           ; be8a0002
	s_movk_i32 s11, 0x8000                                      ; b00b8000
	s_waitcnt lgkmcnt(0)                                        ; bf8cc07f
	s_load_dwordx4 s[12:15], s[10:11], 0x40                     ; c00a0305 00000040
	s_mul_i32 s1, s7, s17                                       ; 92011107
	s_add_u32 s1, s1, s16                                       ; 80011001
	s_add_u32 s1, s1, s0                                        ; 80010001
	s_lshl_b32 s1, s1, 2                                        ; 8e018201
	s_waitcnt lgkmcnt(0)                                        ; bf8cc07f
	s_buffer_load_dword s1, s[12:15], s1                        ; c0200046 00000001
	v_cndmask_b32_e32 v0, v4, v1, vcc                           ; 00000304
	s_waitcnt lgkmcnt(0)                                        ; bf8cc07f
	v_add_f32_e32 v0, s1, v0                                    ; 02000001
	v_cndmask_b32_e32 v4, v0, v4, vcc                           ; 00080900
	v_cndmask_b32_e32 v1, v1, v0, vcc                           ; 00020101
BB155:
	s_mov_b32 s10, s2                                           ; be8a0002
	s_movk_i32 s11, 0x8000                                      ; b00b8000
	s_waitcnt lgkmcnt(0)                                        ; bf8cc07f
	s_load_dwordx4 s[12:15], s[10:11], 0x20                     ; c00a0305 00000020
	s_mul_i32 s1, s7, s17                                       ; 92011107
	v_cndmask_b32_e32 v0, v4, v1, vcc                           ; 00000304
	s_add_u32 s1, s1, s16                                       ; 80011001
	s_add_u32 s1, s1, s0                                        ; 80010001
	s_lshl_b32 s1, s1, 2                                        ; 8e018201
	s_waitcnt lgkmcnt(0)                                        ; bf8cc07f
	buffer_store_dword v0, off, s[12:15], s1                    ; e0700000 01030080
	s_add_u32 s0, s0, 1                                         ; 80008100
	s_branch BB140                                              ; bf82ffaa
BB164:
	s_endpgm                                                    ; bf810000


Compute Shader:
*** SHADER STATS ***
Driver pipeline hash: 17824826650454260031
SGPRs: 48
VGPRs: 40
Spilled SGPRs: 0
Spilled VGPRs: 0
Code size: 8576
LDS size: 512
Scratch size: 0
Subgroups per SIMD: 6
Combined inputs: 0
Combined outputs: 0
Hash: 290080160
Instructions: 1631
Copies: 123
Branches: 61
Latency: 22579
Inverse Throughput: 9261
VMEM Clause: 42
SMEM Clause: 28
Pre-Sched SGPRs: 27
Pre-Sched VGPRs: 25
VALU: 1042
SALU: 296
VMEM: 87
SMEM: 28
VOPD: 0
********************


